unix_ms,unity_time_s,frame_idx,condition,target_name,status,status_info,success_tracked,success_extended,pos_x_m,pos_y_m,pos_z_m,quat_x,quat_y,quat_z,quat_w,cam_pos_x_m,cam_pos_y_m,cam_pos_z_m,cam_dist_m,gt_pos_x_m,gt_pos_y_m,gt_pos_z_m,gt_quat_x,gt_quat_y,gt_quat_z,gt_quat_w,trans_err_cm,rot_err_deg,jitter_cm,jitter_deg,frame_dt_ms,fps,state_update_ms,registration_ms,e2e_since_vuforia_ms,dropped_this_frame,dropped_frames_total,unity_alloc_mb,gfx_driver_mb,graphics_memory_mb,tracking_optimization,motion_hint,tracking_mode,world_center_mode
1787973282506,1.67278421,1,unnamed,,NO_POSE,UNKNOWN,0,0,0,0,0,0,0,0,1,0,0,0,0,,,,,,,,,,,,1672.78418,0.597805738,0,,,1,1,305.777832,251.182709,38338,DEFAULT,ADAPTIVE,CAR,
1787973282774,1.94374228,2,unnamed,,NO_POSE,UNKNOWN,0,0,0,0,0,0,0,0,1,0,0,0,0,,,,,,,,,,,,270.95813,3.69060707,0,,,1,2,317.617859,275.734863,38338,DEFAULT,ADAPTIVE,CAR,
1787973282786,1.95702457,3,unnamed,,NO_POSE,UNKNOWN,0,0,0,0,0,0,0,0,1,0,0,0,0,,,,,,,,,,,,13.2822495,75.2884521,0,,,0,2,317.746307,279.641113,38338,DEFAULT,ADAPTIVE,CAR,
1787973282789,1.96017969,4,unnamed,,NO_POSE,UNKNOWN,0,0,0,0,0,0,0,0,1,0,0,0,0,,,,,,,,,,,,3.15516686,316.94043,0,,,0,2,317.80127,268.974457,38338,DEFAULT,ADAPTIVE,CAR,
1787973282791,1.96229553,5,unnamed,,NO_POSE,UNKNOWN,0,0,0,0,0,0,0,0,1,0,0,0,0,,,,,,,,,,,,2.1157918,472.636261,0,,,0,2,317.832916,268.974457,38338,DEFAULT,ADAPTIVE,CAR,
1787973282792,1.96341157,6,unnamed,,NO_POSE,UNKNOWN,0,0,0,0,0,0,0,0,1,0,0,0,0,,,,,,,,,,,,1.11608303,895.990723,0,,,0,2,317.87323,268.974457,38338,DEFAULT,ADAPTIVE,CAR,
1787973282793,1.96426487,7,unnamed,,NO_POSE,UNKNOWN,0,0,0,0,0,0,0,0,1,0,0,0,0,,,,,,,,,,,,0.853332996,1171.87549,0,,,0,2,317.913635,268.974457,38338,DEFAULT,ADAPTIVE,CAR,
1787973282794,1.9650439,8,unnamed,,NO_POSE,UNKNOWN,0,0,0,0,0,0,0,0,1,0,0,0,0,,,,,,,,,,,,0.779042006,1283.62781,0,,,0,2,317.95459,268.974457,38338,DEFAULT,ADAPTIVE,CAR,
1787973282794,1.96574628,9,unnamed,,NO_POSE,UNKNOWN,0,0,0,0,0,0,0,0,1,0,0,0,0,,,,,,,,,,,,0.702292025,1423.90906,0,,,0,2,317.995514,268.974457,38338,DEFAULT,ADAPTIVE,CAR,
1787973282795,1.9664402,10,unnamed,,NO_POSE,UNKNOWN,0,0,0,0,0,0,0,0,1,0,0,0,0,,,,,,,,,,,,0.693958044,1441.0094,0,,,0,2,318.036865,268.974457,38338,DEFAULT,ADAPTIVE,CAR,
1787973282796,1.96704876,11,unnamed,,NO_POSE,UNKNOWN,0,0,0,0,0,0,0,0,1,0,0,0,0,,,,,,,,,,,,0.608542025,1643.27197,0,,,0,2,318.077606,268.974457,38338,DEFAULT,ADAPTIVE,CAR,
1787973282796,1.96794534,12,unnamed,,NO_POSE,UNKNOWN,0,0,0,0,0,0,0,0,1,0,0,0,0,,,,,,,,,,,,0.896624982,1115.29346,0,,,0,2,318.117889,268.974457,38338,DEFAULT,ADAPTIVE,CAR,
1787973282798,1.96912289,13,unnamed,,NO_POSE,UNKNOWN,0,0,0,0,0,0,0,0,1,0,0,0,0,,,,,,,,,,,,1.17750001,849.256897,0,,,0,2,318.158051,268.974457,38338,DEFAULT,ADAPTIVE,CAR,
1787973282799,1.97013855,14,unnamed,,NO_POSE,UNKNOWN,0,0,0,0,0,0,0,0,1,0,0,0,0,,,,,,,,,,,,1.01566601,984.575562,0,,,0,2,318.198059,268.974457,38338,DEFAULT,ADAPTIVE,CAR,
1787973282799,1.97092891,15,unnamed,,NO_POSE,UNKNOWN,0,0,0,0,0,0,0,0,1,0,0,0,0,,,,,,,,,,,,0.790374994,1265.22217,0,,,0,2,318.238617,268.974457,38338,DEFAULT,ADAPTIVE,CAR,
1787973282800,1.97184217,16,unnamed,,NO_POSE,UNKNOWN,0,0,0,0,0,0,0,0,1,0,0,0,0,,,,,,,,,,,,0.913291991,1094.94006,0,,,0,2,318.279205,268.974457,38338,DEFAULT,ADAPTIVE,CAR,
1787973282801,1.97280812,17,unnamed,,NO_POSE,UNKNOWN,0,0,0,0,0,0,0,0,1,0,0,0,0,,,,,,,,,,,,0.965957999,1035.2417,0,,,0,2,318.319427,268.974457,38338,DEFAULT,ADAPTIVE,CAR,
1787973282802,1.97366381,18,unnamed,,NO_POSE,UNKNOWN,0,0,0,0,0,0,0,0,1,0,0,0,0,,,,,,,,,,,,0.855583966,1168.79236,0,,,0,2,318.360352,268.974457,38338,DEFAULT,ADAPTIVE,CAR,
1787973282803,1.97444689,19,unnamed,,NO_POSE,UNKNOWN,0,0,0,0,0,0,0,0,1,0,0,0,0,,,,,,,,,,,,0.783165991,1276.86853,0,,,0,2,318.401306,268.974457,38338,DEFAULT,ADAPTIVE,CAR,
1787973282804,1.97523642,20,unnamed,,NO_POSE,UNKNOWN,0,0,0,0,0,0,0,0,1,0,0,0,0,,,,,,,,,,,,0.789499998,1266.62439,0,,,0,2,318.441315,268.974457,38338,DEFAULT,ADAPTIVE,CAR,
1787973282804,1.97594547,21,unnamed,,NO_POSE,UNKNOWN,0,0,0,0,0,0,0,0,1,0,0,0,0,,,,,,,,,,,,0.709083974,1410.27014,0,,,0,2,318.482086,268.974457,38338,DEFAULT,ADAPTIVE,CAR,
1787973282805,1.97653234,22,unnamed,,NO_POSE,UNKNOWN,0,0,0,0,0,0,0,0,1,0,0,0,0,,,,,,,,,,,,0.586791039,1704.1842,0,,,0,2,318.523041,268.974457,38338,DEFAULT,ADAPTIVE,CAR,
1787973282806,1.977144,23,unnamed,,NO_POSE,UNKNOWN,0,0,0,0,0,0,0,0,1,0,0,0,0,,,,,,,,,,,,0.611750007,1634.65466,0,,,0,2,318.563995,268.974457,38338,DEFAULT,ADAPTIVE,CAR,
1787973282806,1.97773767,24,unnamed,,NO_POSE,UNKNOWN,0,0,0,0,0,0,0,0,1,0,0,0,0,,,,,,,,,,,,0.593584001,1684.68164,0,,,0,2,318.60495,268.974457,38338,DEFAULT,ADAPTIVE,CAR,
1787973282807,1.97833872,25,unnamed,,NO_POSE,UNKNOWN,0,0,0,0,0,0,0,0,1,0,0,0,0,,,,,,,,,,,,0.601082981,1663.66382,0,,,0,2,318.645905,268.974457,38338,DEFAULT,ADAPTIVE,CAR,
1787973282807,1.97895384,26,unnamed,,NO_POSE,UNKNOWN,0,0,0,0,0,0,0,0,1,0,0,0,0,,,,,,,,,,,,0.615082979,1625.79688,0,,,0,2,318.686127,268.974457,38338,DEFAULT,ADAPTIVE,CAR,
1787973282808,1.97984254,27,unnamed,,NO_POSE,UNKNOWN,0,0,0,0,0,0,0,0,1,0,0,0,0,,,,,,,,,,,,0.888750017,1125.17578,0,,,0,2,318.726685,268.974457,38338,DEFAULT,ADAPTIVE,CAR,
1787973282809,1.98077321,28,unnamed,,NO_POSE,UNKNOWN,0,0,0,0,0,0,0,0,1,0,0,0,0,,,,,,,,,,,,0.930666983,1074.49817,0,,,0,2,318.76712,268.974457,38338,DEFAULT,ADAPTIVE,CAR,
1787973282810,1.98155284,29,unnamed,,NO_POSE,UNKNOWN,0,0,0,0,0,0,0,0,1,0,0,0,0,,,,,,,,,,,,0.77966702,1282.59888,0,,,0,2,318.808044,268.974457,38338,DEFAULT,ADAPTIVE,CAR,
1787973282811,1.98223841,30,unnamed,,NO_POSE,UNKNOWN,0,0,0,0,0,0,0,0,1,0,0,0,0,,,,,,,,,,,,0.685582995,1458.61267,0,,,0,2,318.850739,268.974457,38338,DEFAULT,ADAPTIVE,CAR,
1787973282811,1.98295689,31,unnamed,,NO_POSE,UNKNOWN,0,0,0,0,0,0,0,0,1,0,0,0,0,,,,,,,,,,,,0.718457997,1391.86987,0,,,0,2,318.889954,268.974457,38338,DEFAULT,ADAPTIVE,CAR,
1787973282812,1.9836688,32,unnamed,,NO_POSE,UNKNOWN,0,0,0,0,0,0,0,0,1,0,0,0,0,,,,,,,,,,,,0.711874962,1404.74109,0,,,0,2,318.931519,264.974457,38338,DEFAULT,ADAPTIVE,CAR,
1787973282813,1.98444772,33,unnamed,,NO_POSE,UNKNOWN,0,0,0,0,0,0,0,0,1,0,0,0,0,,,,,,,,,,,,0.778874993,1283.90308,0,,,0,2,318.971619,264.974457,38338,DEFAULT,ADAPTIVE,CAR,
1787973282814,1.98503637,34,unnamed,,NO_POSE,UNKNOWN,0,0,0,0,0,0,0,0,1,0,0,0,0,,,,,,,,,,,,0.588666975,1698.7533,0,,,0,2,319.012543,264.974457,38338,DEFAULT,ADAPTIVE,CAR,
1787973282814,1.98562682,35,unnamed,,NO_POSE,UNKNOWN,0,0,0,0,0,0,0,0,1,0,0,0,0,,,,,,,,,,,,0.590499997,1693.4801,0,,,0,2,319.053497,264.974457,38338,DEFAULT,ADAPTIVE,CAR,
1787973282815,1.9862442,36,unnamed,,NO_POSE,UNKNOWN,0,0,0,0,0,0,0,0,1,0,0,0,0,,,,,,,,,,,,0.617332995,1619.87134,0,,,0,2,319.094452,264.974457,38338,DEFAULT,ADAPTIVE,CAR,
1787973282815,1.98682988,37,unnamed,,NO_POSE,UNKNOWN,0,0,0,0,0,0,0,0,1,0,0,0,0,,,,,,,,,,,,0.585749984,1707.21301,0,,,0,2,319.135284,264.974457,38338,DEFAULT,ADAPTIVE,CAR,
1787973282816,1.98760295,38,unnamed,,NO_POSE,UNKNOWN,0,0,0,0,0,0,0,0,1,0,0,0,0,,,,,,,,,,,,0.773083985,1293.52051,0,,,0,2,319.175598,264.974457,38338,DEFAULT,ADAPTIVE,CAR,
1787973282817,1.9883337,39,unnamed,,NO_POSE,UNKNOWN,0,0,0,0,0,0,0,0,1,0,0,0,0,,,,,,,,,,,,0.730749965,1368.45715,0,,,0,2,319.215942,264.974457,38338,DEFAULT,ADAPTIVE,CAR,
1787973282818,1.98915541,40,unnamed,,NO_POSE,UNKNOWN,0,0,0,0,0,0,0,0,1,0,0,0,0,,,,,,,,,,,,0.821666002,1217.03955,0,,,0,2,319.256348,264.974457,38338,DEFAULT,ADAPTIVE,CAR,
1787973282818,1.98984408,41,unnamed,,NO_POSE,UNKNOWN,0,0,0,0,0,0,0,0,1,0,0,0,0,,,,,,,,,,,,0.688666999,1452.08057,0,,,0,2,319.297302,264.974457,38338,DEFAULT,ADAPTIVE,CAR,
1787973282819,1.99054933,42,unnamed,,NO_POSE,UNKNOWN,0,0,0,0,0,0,0,0,1,0,0,0,0,,,,,,,,,,,,0.705250025,1417.93689,0,,,0,2,319.338226,264.974457,38338,DEFAULT,ADAPTIVE,CAR,
1787973282820,1.99124324,43,unnamed,,NO_POSE,UNKNOWN,0,0,0,0,0,0,0,0,1,0,0,0,0,,,,,,,,,,,,0.693958044,1441.0094,0,,,0,2,319.379181,264.974457,38338,DEFAULT,ADAPTIVE,CAR,
1787973282820,1.99183226,44,unnamed,,NO_POSE,UNKNOWN,0,0,0,0,0,0,0,0,1,0,0,0,0,,,,,,,,,,,,0.588917017,1698.0321,0,,,0,2,319.373322,264.974457,38338,DEFAULT,ADAPTIVE,CAR,
1787973282821,1.99243605,45,unnamed,,NO_POSE,UNKNOWN,0,0,0,0,0,0,0,0,1,0,0,0,0,,,,,,,,,,,,0.60383302,1656.08704,0,,,0,2,319.414246,264.974457,38338,DEFAULT,ADAPTIVE,CAR,
1787973282822,1.9930464,46,unnamed,,NO_POSE,UNKNOWN,0,0,0,0,0,0,0,0,1,0,0,0,0,,,,,,,,,,,,0.610375047,1638.33704,0,,,0,2,319.4552,264.974457,38338,DEFAULT,ADAPTIVE,CAR,
1787973282822,1.99363351,47,unnamed,,NO_POSE,UNKNOWN,0,0,0,0,0,0,0,0,1,0,0,0,0,,,,,,,,,,,,0.587042034,1703.45557,0,,,0,2,319.496155,264.974457,38338,DEFAULT,ADAPTIVE,CAR,
1787973282823,1.99423707,48,unnamed,,NO_POSE,UNKNOWN,0,0,0,0,0,0,0,0,1,0,0,0,0,,,,,,,,,,,,0.603625,1656.65759,0,,,0,2,319.537109,264.974457,38338,DEFAULT,ADAPTIVE,CAR,
1787973282823,1.99483609,49,unnamed,,NO_POSE,UNKNOWN,0,0,0,0,0,0,0,0,1,0,0,0,0,,,,,,,,,,,,0.599000037,1669.44897,0,,,0,2,319.578033,264.974457,38338,DEFAULT,ADAPTIVE,CAR,
1787973282824,1.99543917,50,unnamed,,NO_POSE,UNKNOWN,0,0,0,0,0,0,0,0,1,0,0,0,0,,,,,,,,,,,,0.603083014,1658.14661,0,,,0,2,319.6203,264.974457,38338,DEFAULT,ADAPTIVE,CAR,
1787973282824,1.996032,51,unnamed,,NO_POSE,UNKNOWN,0,0,0,0,0,0,0,0,1,0,0,0,0,,,,,,,,,,,,0.592791975,1686.93237,0,,,0,2,319.660675,264.974457,38338,DEFAULT,ADAPTIVE,CAR,
1787973282825,1.99665463,52,unnamed,,NO_POSE,UNKNOWN,0,0,0,0,0,0,0,0,1,0,0,0,0,,,,,,,,,,,,0.622708023,1605.88916,0,,,0,2,319.701233,264.974457,38338,DEFAULT,ADAPTIVE,CAR,
1787973282826,1.99734068,53,unnamed,,NO_POSE,UNKNOWN,0,0,0,0,0,0,0,0,1,0,0,0,0,,,,,,,,,,,,0.686042011,1457.63672,0,,,0,2,319.741669,264.974457,38338,DEFAULT,ADAPTIVE,CAR,
1787973282826,1.99793696,54,unnamed,,NO_POSE,UNKNOWN,0,0,0,0,0,0,0,0,1,0,0,0,0,,,,,,,,,,,,0.596249998,1677.1488,0,,,0,2,319.782593,264.974457,38338,DEFAULT,ADAPTIVE,CAR,
1787973282827,1.99854112,55,unnamed,,NO_POSE,UNKNOWN,0,0,0,0,0,0,0,0,1,0,0,0,0,,,,,,,,,,,,0.604207993,1655.0592,0,,,0,2,319.823547,264.974457,38338,DEFAULT,ADAPTIVE,CAR,
1787973282828,1.99913371,56,unnamed,,NO_POSE,UNKNOWN,0,0,0,0,0,0,0,0,1,0,0,0,0,,,,,,,,,,,,0.592584014,1687.52441,0,,,0,2,319.864502,264.974457,38338,DEFAULT,ADAPTIVE,CAR,
1787973282828,1.99962795,57,unnamed,,NO_POSE,UNKNOWN,0,0,0,0,0,0,0,0,1,0,0,0,0,,,,,,,,,,,,0.494165987,2023.61157,0,,,0,2,319.905457,264.974457,38338,DEFAULT,ADAPTIVE,CAR,
1787973282829,2.00023556,58,unnamed,,NO_POSE,UNKNOWN,0,0,0,0,0,0,0,0,1,0,0,0,0,,,,,,,,,,,,0.607708991,1645.52441,0,,,0,2,319.946381,264.974457,38338,DEFAULT,ADAPTIVE,CAR,
1787973282829,2.00083756,59,unnamed,,NO_POSE,UNKNOWN,0,0,0,0,0,0,0,0,1,0,0,0,0,,,,,,,,,,,,0.602041006,1661.01636,0,,,0,2,319.987335,264.974457,38338,DEFAULT,ADAPTIVE,CAR,
1787973282830,2.00143719,60,unnamed,,NO_POSE,UNKNOWN,0,0,0,0,0,0,0,0,1,0,0,0,0,,,,,,,,,,,,0.599458992,1668.17078,0,,,0,2,320.02829,264.974457,38338,DEFAULT,ADAPTIVE,CAR,
1787973282830,2.00203419,61,unnamed,,NO_POSE,UNKNOWN,0,0,0,0,0,0,0,0,1,0,0,0,0,,,,,,,,,,,,0.597083032,1674.80896,0,,,0,2,320.069244,264.974457,38338,DEFAULT,ADAPTIVE,CAR,
1787973282831,2.00263429,62,unnamed,,NO_POSE,UNKNOWN,0,0,0,0,0,0,0,0,1,0,0,0,0,,,,,,,,,,,,0.600082994,1666.43616,0,,,0,2,320.110168,264.974457,38338,DEFAULT,ADAPTIVE,CAR,
1787973282832,2.00315762,63,unnamed,,NO_POSE,UNKNOWN,0,0,0,0,0,0,0,0,1,0,0,0,0,,,,,,,,,,,,0.523334026,1910.82556,0,,,0,2,320.151123,264.974457,38338,DEFAULT,ADAPTIVE,CAR,
1787973282832,2.00382972,64,unnamed,,NO_POSE,UNKNOWN,0,0,0,0,0,0,0,0,1,0,0,0,0,,,,,,,,,,,,0.672125041,1487.81848,0,,,0,2,320.191803,264.974457,38338,DEFAULT,ADAPTIVE,CAR,
1787973282833,2.00443769,65,unnamed,,NO_POSE,UNKNOWN,0,0,0,0,0,0,0,0,1,0,0,0,0,,,,,,,,,,,,0.607958019,1644.85046,0,,,0,2,320.232758,264.974457,38338,DEFAULT,ADAPTIVE,CAR,
1787973282834,2.0051074,66,unnamed,,NO_POSE,UNKNOWN,0,0,0,0,0,0,0,0,1,0,0,0,0,,,,,,,,,,,,0.669666946,1493.27954,0,,,0,2,320.273315,264.974457,38338,DEFAULT,ADAPTIVE,CAR,
1787973282834,2.00596166,67,unnamed,,NO_POSE,UNKNOWN,0,0,0,0,0,0,0,0,1,0,0,0,0,,,,,,,,,,,,0.854375005,1170.44617,0,,,0,2,320.313751,264.974457,38338,DEFAULT,ADAPTIVE,CAR,
1787973282835,2.00674701,68,unnamed,,NO_POSE,UNKNOWN,0,0,0,0,0,0,0,0,1,0,0,0,0,,,,,,,,,,,,0.785165966,1273.61609,0,,,0,2,320.354706,264.974457,38338,DEFAULT,ADAPTIVE,CAR,
1787973282836,2.00743961,69,unnamed,,NO_POSE,UNKNOWN,0,0,0,0,0,0,0,0,1,0,0,0,0,,,,,,,,,,,,0.692584038,1443.86816,0,,,0,2,320.39566,264.974457,38338,DEFAULT,ADAPTIVE,CAR,
1787973282837,2.00803733,70,unnamed,,NO_POSE,UNKNOWN,0,0,0,0,0,0,0,0,1,0,0,0,0,,,,,,,,,,,,0.597750008,1672.94019,0,,,0,2,320.436615,264.974457,38338,DEFAULT,ADAPTIVE,CAR,
1787973282837,2.00863433,71,unnamed,,NO_POSE,UNKNOWN,0,0,0,0,0,0,0,0,1,0,0,0,0,,,,,,,,,,,,0.597083032,1674.80896,0,,,0,2,320.477539,264.974457,38338,DEFAULT,ADAPTIVE,CAR,
1787973282838,2.00912714,72,unnamed,,NO_POSE,UNKNOWN,0,0,0,0,0,0,0,0,1,0,0,0,0,,,,,,,,,,,,0.492750019,2029.42664,0,,,0,2,320.47226,264.974457,38338,DEFAULT,ADAPTIVE,CAR,
1787973282838,2.00974107,73,unnamed,,NO_POSE,UNKNOWN,0,0,0,0,0,0,0,0,1,0,0,0,0,,,,,,,,,,,,0.614041984,1628.5531,0,,,0,2,320.512634,264.974457,38338,DEFAULT,ADAPTIVE,CAR,
1787973282839,2.01032925,74,unnamed,,NO_POSE,UNKNOWN,0,0,0,0,0,0,0,0,1,0,0,0,0,,,,,,,,,,,,0.58820796,1700.07898,0,,,0,2,320.553558,264.974457,38338,DEFAULT,ADAPTIVE,CAR,
1787973282839,2.01082373,75,unnamed,,NO_POSE,UNKNOWN,0,0,0,0,0,0,0,0,1,0,0,0,0,,,,,,,,,,,,0.49445802,2022.41638,0,,,0,2,320.594513,264.974457,38338,DEFAULT,ADAPTIVE,CAR,
1787973282840,2.01133299,76,unnamed,,NO_POSE,UNKNOWN,0,0,0,0,0,0,0,0,1,0,0,0,0,,,,,,,,,,,,0.509292006,1963.51013,0,,,0,2,320.635468,264.974457,38338,DEFAULT,ADAPTIVE,CAR,
1787973282840,2.01194263,77,unnamed,,NO_POSE,UNKNOWN,0,0,0,0,0,0,0,0,1,0,0,0,0,,,,,,,,,,,,0.609458029,1640.80212,0,,,0,2,320.676422,264.974457,38338,DEFAULT,ADAPTIVE,CAR,
1787973282841,2.01253462,78,unnamed,,NO_POSE,UNKNOWN,0,0,0,0,0,0,0,0,1,0,0,0,0,,,,,,,,,,,,0.59216702,1688.71277,0,,,0,2,320.717102,264.974457,38338,DEFAULT,ADAPTIVE,CAR,
1787973282842,2.01312637,79,unnamed,,NO_POSE,UNKNOWN,0,0,0,0,0,0,0,0,1,0,0,0,0,,,,,,,,,,,,0.591666996,1690.13989,0,,,0,2,320.757385,264.974457,38338,DEFAULT,ADAPTIVE,CAR,
1787973282842,2.01395965,80,unnamed,,NO_POSE,UNKNOWN,0,0,0,0,0,0,0,0,1,0,0,0,0,,,,,,,,,,,,0.833290994,1200.06104,0,,,0,2,320.798096,264.974457,38338,DEFAULT,ADAPTIVE,CAR,
1787973282843,2.01453328,81,unnamed,,NO_POSE,UNKNOWN,0,0,0,0,0,0,0,0,1,0,0,0,0,,,,,,,,,,,,0.573541999,1743.55139,0,,,0,2,320.83902,264.974457,38338,DEFAULT,ADAPTIVE,CAR,
1787973282844,2.01513577,82,unnamed,,NO_POSE,UNKNOWN,0,0,0,0,0,0,0,0,1,0,0,0,0,,,,,,,,,,,,0.602458,1659.8667,0,,,0,2,320.879974,264.974457,38338,DEFAULT,ADAPTIVE,CAR,
1787973282844,2.01573157,83,unnamed,,NO_POSE,UNKNOWN,0,0,0,0,0,0,0,0,1,0,0,0,0,,,,,,,,,,,,0.595875025,1678.20422,0,,,0,2,320.920929,264.974457,38338,DEFAULT,ADAPTIVE,CAR,
1787973282845,2.01633883,84,unnamed,,NO_POSE,UNKNOWN,0,0,0,0,0,0,0,0,1,0,0,0,0,,,,,,,,,,,,0.607167006,1646.99329,0,,,0,2,320.961884,264.974457,38338,DEFAULT,ADAPTIVE,CAR,
1787973282845,2.0169611,85,unnamed,,NO_POSE,UNKNOWN,0,0,0,0,0,0,0,0,1,0,0,0,0,,,,,,,,,,,,0.622375011,1606.74841,0,,,0,2,321.002808,264.974457,38338,DEFAULT,ADAPTIVE,CAR,
1787973282846,2.01763916,86,unnamed,,NO_POSE,UNKNOWN,0,0,0,0,0,0,0,0,1,0,0,0,0,,,,,,,,,,,,0.678166986,1474.56311,0,,,0,2,321.043762,264.974457,38338,DEFAULT,ADAPTIVE,CAR,
1787973282847,2.01823735,87,unnamed,,NO_POSE,UNKNOWN,0,0,0,0,0,0,0,0,1,0,0,0,0,,,,,,,,,,,,0.598040998,1672.12622,0,,,0,2,321.084717,264.974457,38338,DEFAULT,ADAPTIVE,CAR,
1787973282847,2.01871777,88,unnamed,,NO_POSE,UNKNOWN,0,0,0,0,0,0,0,0,1,0,0,0,0,,,,,,,,,,,,0.480459005,2081.34302,0,,,0,2,321.125671,264.974457,38338,DEFAULT,ADAPTIVE,CAR,
1787973282848,2.01923442,89,unnamed,,NO_POSE,UNKNOWN,0,0,0,0,0,0,0,0,1,0,0,0,0,,,,,,,,,,,,0.516708016,1935.32898,0,,,0,2,321.166595,264.974457,38338,DEFAULT,ADAPTIVE,CAR,
1787973282848,2.01983237,90,unnamed,,NO_POSE,UNKNOWN,0,0,0,0,0,0,0,0,1,0,0,0,0,,,,,,,,,,,,0.59791702,1672.4729,0,,,0,2,321.20755,264.974457,38338,DEFAULT,ADAPTIVE,CAR,
1787973282849,2.02043104,91,unnamed,,NO_POSE,UNKNOWN,0,0,0,0,0,0,0,0,1,0,0,0,0,,,,,,,,,,,,0.598625004,1670.49487,0,,,0,2,321.24881,264.974457,38338,DEFAULT,ADAPTIVE,CAR,
1787973282850,2.02104592,92,unnamed,,NO_POSE,UNKNOWN,0,0,0,0,0,0,0,0,1,0,0,0,0,,,,,,,,,,,,0.614875019,1626.3468,0,,,0,2,321.289185,264.974457,38338,DEFAULT,ADAPTIVE,CAR,
1787973282850,2.02164268,93,unnamed,,NO_POSE,UNKNOWN,0,0,0,0,0,0,0,0,1,0,0,0,0,,,,,,,,,,,,0.596874952,1675.3927,0,,,0,2,321.33017,264.974457,38338,DEFAULT,ADAPTIVE,CAR,
1787973282851,2.02234101,94,unnamed,,NO_POSE,UNKNOWN,0,0,0,0,0,0,0,0,1,0,0,0,0,,,,,,,,,,,,0.698207974,1432.23792,0,,,0,2,321.370178,264.974457,38338,DEFAULT,ADAPTIVE,CAR,
1787973282852,2.02305007,95,unnamed,,NO_POSE,UNKNOWN,0,0,0,0,0,0,0,0,1,0,0,0,0,,,,,,,,,,,,0.709082961,1410.27222,0,,,0,2,321.411102,264.974457,38338,DEFAULT,ADAPTIVE,CAR,
1787973282852,2.02364206,96,unnamed,,NO_POSE,UNKNOWN,0,0,0,0,0,0,0,0,1,0,0,0,0,,,,,,,,,,,,0.592124999,1688.83264,0,,,0,2,321.405243,264.974457,38338,DEFAULT,ADAPTIVE,CAR,
1787973282853,2.02435064,97,unnamed,,NO_POSE,UNKNOWN,0,0,0,0,0,0,0,0,1,0,0,0,0,,,,,,,,,,,,0.708583951,1411.26538,0,,,0,2,321.446198,264.974457,38338,DEFAULT,ADAPTIVE,CAR,
1787973282853,2.02494049,98,unnamed,,NO_POSE,UNKNOWN,0,0,0,0,0,0,0,0,1,0,0,0,0,,,,,,,,,,,,0.589749992,1695.63367,0,,,0,2,321.487122,264.974457,38338,DEFAULT,ADAPTIVE,CAR,
1787973282854,2.02563763,99,unnamed,,NO_POSE,UNKNOWN,0,0,0,0,0,0,0,0,1,0,0,0,0,,,,,,,,,,,,0.697207987,1434.29224,0,,,0,2,321.528076,264.974457,38338,DEFAULT,ADAPTIVE,CAR,
1787973282855,2.02623415,100,unnamed,,NO_POSE,UNKNOWN,0,0,0,0,0,0,0,0,1,0,0,0,0,,,,,,,,,,,,0.596499979,1676.44592,0,,,0,2,321.569061,264.974457,38338,DEFAULT,ADAPTIVE,CAR,
1787973282855,2.02683139,101,unnamed,,NO_POSE,UNKNOWN,0,0,0,0,0,0,0,0,1,0,0,0,0,,,,,,,,,,,,0.597167015,1674.57349,0,,,0,2,321.609985,264.974457,38338,DEFAULT,ADAPTIVE,CAR,
1787973282856,2.02733231,102,unnamed,,NO_POSE,UNKNOWN,0,0,0,0,0,0,0,0,1,0,0,0,0,,,,,,,,,,,,0.500999987,1996.00806,0,,,0,2,321.65094,264.974457,38338,DEFAULT,ADAPTIVE,CAR,
1787973282856,2.02792525,103,unnamed,,NO_POSE,UNKNOWN,0,0,0,0,0,0,0,0,1,0,0,0,0,,,,,,,,,,,,0.592875004,1686.69617,0,,,0,2,321.691895,264.974457,38338,DEFAULT,ADAPTIVE,CAR,
1787973282857,2.02842617,104,unnamed,,NO_POSE,UNKNOWN,0,0,0,0,0,0,0,0,1,0,0,0,0,,,,,,,,,,,,0.500916004,1996.34277,0,,,0,2,321.732849,264.974457,38338,DEFAULT,ADAPTIVE,CAR,
1787973282858,2.02904248,105,unnamed,,NO_POSE,UNKNOWN,0,0,0,0,0,0,0,0,1,0,0,0,0,,,,,,,,,,,,0.616333961,1622.49695,0,,,0,2,321.773529,264.974457,38338,DEFAULT,ADAPTIVE,CAR,
1787973282858,2.02963829,106,unnamed,,NO_POSE,UNKNOWN,0,0,0,0,0,0,0,0,1,0,0,0,0,,,,,,,,,,,,0.595708013,1678.67468,0,,,0,2,321.814117,264.974457,38338,DEFAULT,ADAPTIVE,CAR,
1787973282859,2.03024197,107,unnamed,,NO_POSE,UNKNOWN,0,0,0,0,0,0,0,0,1,0,0,0,0,,,,,,,,,,,,0.60383302,1656.08704,0,,,0,2,321.854523,264.974457,38338,DEFAULT,ADAPTIVE,CAR,
1787973282859,2.03083491,108,unnamed,,NO_POSE,UNKNOWN,0,0,0,0,0,0,0,0,1,0,0,0,0,,,,,,,,,,,,0.592875004,1686.69617,0,,,0,2,321.849243,264.974457,38338,DEFAULT,ADAPTIVE,CAR,
1787973282860,2.03143382,109,unnamed,,NO_POSE,UNKNOWN,0,0,0,0,0,0,0,0,1,0,0,0,0,,,,,,,,,,,,0.598874986,1669.79761,0,,,0,2,321.843353,264.974457,38338,DEFAULT,ADAPTIVE,CAR,
1787973282860,2.03202605,110,unnamed,,NO_POSE,UNKNOWN,0,0,0,0,0,0,0,0,1,0,0,0,0,,,,,,,,,,,,0.59216702,1688.71277,0,,,0,2,321.88385,264.974457,38338,DEFAULT,ADAPTIVE,CAR,
1787973282861,2.03253436,111,unnamed,,NO_POSE,UNKNOWN,0,0,0,0,0,0,0,0,1,0,0,0,0,,,,,,,,,,,,0.508458018,1966.73071,0,,,0,2,321.878448,264.974457,38338,DEFAULT,ADAPTIVE,CAR,
1787973282862,2.03313017,112,unnamed,,NO_POSE,UNKNOWN,0,0,0,0,0,0,0,0,1,0,0,0,0,,,,,,,,,,,,0.595791996,1678.43811,0,,,0,2,321.918793,264.974457,38338,DEFAULT,ADAPTIVE,CAR,
1787973282862,2.03362989,113,unnamed,,NO_POSE,UNKNOWN,0,0,0,0,0,0,0,0,1,0,0,0,0,,,,,,,,,,,,0.499667019,2001.33276,0,,,0,2,321.959747,264.974457,38338,DEFAULT,ADAPTIVE,CAR,
1787973282863,2.03423691,114,unnamed,,NO_POSE,UNKNOWN,0,0,0,0,0,0,0,0,1,0,0,0,0,,,,,,,,,,,,0.606957972,1647.56042,0,,,0,2,322.000702,264.974457,38338,DEFAULT,ADAPTIVE,CAR,
1787973282863,2.03486037,115,unnamed,,NO_POSE,UNKNOWN,0,0,0,0,0,0,0,0,1,0,0,0,0,,,,,,,,,,,,0.62362498,1603.52771,0,,,0,2,322.041626,264.974457,38338,DEFAULT,ADAPTIVE,CAR,
1787973282864,2.0355413,116,unnamed,,NO_POSE,UNKNOWN,0,0,0,0,0,0,0,0,1,0,0,0,0,,,,,,,,,,,,0.680750012,1468.96802,0,,,0,2,322.082581,264.974457,38338,DEFAULT,ADAPTIVE,CAR,
1787973282865,2.03613901,117,unnamed,,NO_POSE,UNKNOWN,0,0,0,0,0,0,0,0,1,0,0,0,0,,,,,,,,,,,,0.597833037,1672.70789,0,,,0,2,322.123535,264.974457,38338,DEFAULT,ADAPTIVE,CAR,
1787973282865,2.03672886,118,unnamed,,NO_POSE,UNKNOWN,0,0,0,0,0,0,0,0,1,0,0,0,0,,,,,,,,,,,,0.589833975,1695.39221,0,,,0,2,322.16449,264.974457,38338,DEFAULT,ADAPTIVE,CAR,
1787973282866,2.03733635,119,unnamed,,NO_POSE,UNKNOWN,0,0,0,0,0,0,0,0,1,0,0,0,0,,,,,,,,,,,,0.607375026,1646.42932,0,,,0,2,322.205872,264.974457,38338,DEFAULT,ADAPTIVE,CAR,
1787973282870,2.04166174,120,unnamed,,NO_POSE,UNKNOWN,0,0,0,0,0,0,0,0,1,0,0,0,0,,,,,,,,,,,,4.32554102,231.184937,0,,,0,2,322.212463,264.974457,38338,DEFAULT,ADAPTIVE,CAR,
1787973282871,2.04296327,121,unnamed,,NO_POSE,UNKNOWN,0,0,0,0,0,0,0,0,1,0,0,0,0,,,,,,,,,,,,1.30137503,768.41803,0,,,0,2,322.254456,264.974457,38338,DEFAULT,ADAPTIVE,CAR,
1787973282872,2.04374695,122,unnamed,,NO_POSE,UNKNOWN,0,0,0,0,0,0,0,0,1,0,0,0,0,,,,,,,,,,,,0.78370899,1275.98376,0,,,0,2,322.29541,264.974457,38338,DEFAULT,ADAPTIVE,CAR,
1787973282873,2.04433322,123,unnamed,,NO_POSE,UNKNOWN,0,0,0,0,0,0,0,0,1,0,0,0,0,,,,,,,,,,,,0.586291015,1705.63757,0,,,0,2,322.336334,264.974457,38338,DEFAULT,ADAPTIVE,CAR,
1787973282873,2.04494905,124,unnamed,,NO_POSE,UNKNOWN,0,0,0,0,0,0,0,0,1,0,0,0,0,,,,,,,,,,,,0.615958989,1623.48474,0,,,0,2,322.292572,264.974457,38338,DEFAULT,ADAPTIVE,CAR,
1787973282874,2.0455389,125,unnamed,,NO_POSE,UNKNOWN,0,0,0,0,0,0,0,0,1,0,0,0,0,,,,,,,,,,,,0.589666009,1695.87524,0,,,0,2,322.307251,264.974457,38338,DEFAULT,ADAPTIVE,CAR,
1787973282875,2.04613352,126,unnamed,,NO_POSE,UNKNOWN,0,0,0,0,0,0,0,0,1,0,0,0,0,,,,,,,,,,,,0.59483397,1681.14136,0,,,0,2,322.348267,264.974457,38338,DEFAULT,ADAPTIVE,CAR,
1787973282875,2.04678869,127,unnamed,,NO_POSE,UNKNOWN,0,0,0,0,0,0,0,0,1,0,0,0,0,,,,,,,,,,,,0.655083001,1526.52417,0,,,0,2,322.388855,264.974457,38338,DEFAULT,ADAPTIVE,CAR,
1787973282876,2.04754972,128,unnamed,,NO_POSE,UNKNOWN,0,0,0,0,0,0,0,0,1,0,0,0,0,,,,,,,,,,,,0.760999978,1314.06055,0,,,0,2,322.42926,264.974457,38338,DEFAULT,ADAPTIVE,CAR,
1787973282877,2.04824281,129,unnamed,,NO_POSE,UNKNOWN,0,0,0,0,0,0,0,0,1,0,0,0,0,,,,,,,,,,,,0.69304198,1442.91394,0,,,0,2,322.470215,264.974457,38338,DEFAULT,ADAPTIVE,CAR,
1787973282877,2.04883385,130,unnamed,,NO_POSE,UNKNOWN,0,0,0,0,0,0,0,0,1,0,0,0,0,,,,,,,,,,,,0.591040969,1691.93005,0,,,0,2,322.511139,264.974457,38338,DEFAULT,ADAPTIVE,CAR,
1787973282878,2.04944086,131,unnamed,,NO_POSE,UNKNOWN,0,0,0,0,0,0,0,0,1,0,0,0,0,,,,,,,,,,,,0.607167006,1646.99329,0,,,0,2,322.552094,264.974457,38338,DEFAULT,ADAPTIVE,CAR,
1787973282879,2.05004668,132,unnamed,,NO_POSE,UNKNOWN,0,0,0,0,0,0,0,0,1,0,0,0,0,,,,,,,,,,,,0.605666995,1651.07227,0,,,0,2,322.546814,264.974457,38338,DEFAULT,ADAPTIVE,CAR,
1787973282879,2.05063319,133,unnamed,,NO_POSE,UNKNOWN,0,0,0,0,0,0,0,0,1,0,0,0,0,,,,,,,,,,,,0.58662504,1704.6665,0,,,0,2,322.587158,264.974457,38338,DEFAULT,ADAPTIVE,CAR,
1787973282880,2.0512352,134,unnamed,,NO_POSE,UNKNOWN,0,0,0,0,0,0,0,0,1,0,0,0,0,,,,,,,,,,,,0.601832986,1661.59058,0,,,0,2,322.628113,264.974457,38338,DEFAULT,ADAPTIVE,CAR,
1787973282880,2.05183578,135,unnamed,,NO_POSE,UNKNOWN,0,0,0,0,0,0,0,0,1,0,0,0,0,,,,,,,,,,,,0.600791991,1664.4696,0,,,0,2,322.669067,264.974457,38338,DEFAULT,ADAPTIVE,CAR,
1787973282881,2.05243683,136,unnamed,,NO_POSE,UNKNOWN,0,0,0,0,0,0,0,0,1,0,0,0,0,,,,,,,,,,,,0.601041019,1663.78003,0,,,0,2,322.710022,264.974457,38338,DEFAULT,ADAPTIVE,CAR,
1787973282881,2.05303597,137,unnamed,,NO_POSE,UNKNOWN,0,0,0,0,0,0,0,0,1,0,0,0,0,,,,,,,,,,,,0.599166989,1668.98376,0,,,0,2,322.750977,264.974457,38338,DEFAULT,ADAPTIVE,CAR,
1787973282882,2.05363655,138,unnamed,,NO_POSE,UNKNOWN,0,0,0,0,0,0,0,0,1,0,0,0,0,,,,,,,,,,,,0.600542009,1665.16248,0,,,0,2,322.792053,264.974457,38338,DEFAULT,ADAPTIVE,CAR,
1787973282883,2.0542438,139,unnamed,,NO_POSE,UNKNOWN,0,0,0,0,0,0,0,0,1,0,0,0,0,,,,,,,,,,,,0.607290983,1646.65698,0,,,0,2,322.832703,264.974457,38338,DEFAULT,ADAPTIVE,CAR,
1787973282883,2.0548656,140,unnamed,,NO_POSE,UNKNOWN,0,0,0,0,0,0,0,0,1,0,0,0,0,,,,,,,,,,,,0.621625006,1608.68689,0,,,0,2,322.873291,264.974457,38338,DEFAULT,ADAPTIVE,CAR,
1787973282884,2.05555558,141,unnamed,,NO_POSE,UNKNOWN,0,0,0,0,0,0,0,0,1,0,0,0,0,,,,,,,,,,,,0.689999998,1449.27539,0,,,0,2,322.914276,264.974457,38338,DEFAULT,ADAPTIVE,CAR,
1787973282885,2.0563581,142,unnamed,,NO_POSE,UNKNOWN,0,0,0,0,0,0,0,0,1,0,0,0,0,,,,,,,,,,,,0.802625,1245.91187,0,,,0,2,322.954651,264.974457,38338,DEFAULT,ADAPTIVE,CAR,
1787973282886,2.05704546,143,unnamed,,NO_POSE,UNKNOWN,0,0,0,0,0,0,0,0,1,0,0,0,0,,,,,,,,,,,,0.687292039,1454.9856,0,,,0,2,322.995605,264.974457,38338,DEFAULT,ADAPTIVE,CAR,
1787973282886,2.05774999,144,unnamed,,NO_POSE,UNKNOWN,0,0,0,0,0,0,0,0,1,0,0,0,0,,,,,,,,,,,,0.70441699,1419.61365,0,,,0,2,323.03656,264.974457,38338,DEFAULT,ADAPTIVE,CAR,
1787973282887,2.05844069,145,unnamed,,NO_POSE,UNKNOWN,0,0,0,0,0,0,0,0,1,0,0,0,0,,,,,,,,,,,,0.690791011,1447.61584,0,,,0,2,323.077484,264.974457,38338,DEFAULT,ADAPTIVE,CAR,
1787973282887,2.05903125,146,unnamed,,NO_POSE,UNKNOWN,0,0,0,0,0,0,0,0,1,0,0,0,0,,,,,,,,,,,,0.590624988,1693.1217,0,,,0,2,323.118439,264.974457,38338,DEFAULT,ADAPTIVE,CAR,
1787973282888,2.05964756,147,unnamed,,NO_POSE,UNKNOWN,0,0,0,0,0,0,0,0,1,0,0,0,0,,,,,,,,,,,,0.616249979,1622.71814,0,,,0,2,323.159393,264.974457,38338,DEFAULT,ADAPTIVE,CAR,
1787973282889,2.06033683,148,unnamed,,NO_POSE,UNKNOWN,0,0,0,0,0,0,0,0,1,0,0,0,0,,,,,,,,,,,,0.689374983,1450.58936,0,,,0,2,322.24054,264.974457,38338,DEFAULT,ADAPTIVE,CAR,
1787973282889,2.06093407,149,unnamed,,NO_POSE,UNKNOWN,0,0,0,0,0,0,0,0,1,0,0,0,0,,,,,,,,,,,,0.597083986,1674.80627,0,,,0,2,322.276581,264.974457,38338,DEFAULT,ADAPTIVE,CAR,
1787973282890,2.06143546,150,unnamed,,NO_POSE,UNKNOWN,0,0,0,0,0,0,0,0,1,0,0,0,0,,,,,,,,,,,,0.501457989,1994.18494,0,,,0,2,322.269104,264.974457,38338,DEFAULT,ADAPTIVE,CAR,
1787973282891,2.06214142,151,unnamed,,NO_POSE,UNKNOWN,0,0,0,0,0,0,0,0,1,0,0,0,0,,,,,,,,,,,,0.705958009,1416.51489,0,,,0,2,322.308685,264.974457,38338,DEFAULT,ADAPTIVE,CAR,
1787973282891,2.06273651,152,unnamed,,NO_POSE,UNKNOWN,0,0,0,0,0,0,0,0,1,0,0,0,0,,,,,,,,,,,,0.595166981,1680.20068,0,,,0,2,322.34967,264.974457,38338,DEFAULT,ADAPTIVE,CAR,
1787973282892,2.06337214,153,unnamed,,NO_POSE,UNKNOWN,0,0,0,0,0,0,0,0,1,0,0,0,0,,,,,,,,,,,,0.635457993,1573.66821,0,,,0,2,322.390228,264.974457,38338,DEFAULT,ADAPTIVE,CAR,
1787973282893,2.06415439,154,unnamed,,NO_POSE,UNKNOWN,0,0,0,0,0,0,0,0,1,0,0,0,0,,,,,,,,,,,,0.782292008,1278.29504,0,,,0,2,322.430664,264.974457,38338,DEFAULT,ADAPTIVE,CAR,
1787973282893,2.0648334,155,unnamed,,NO_POSE,UNKNOWN,0,0,0,0,0,0,0,0,1,0,0,0,0,,,,,,,,,,,,0.679166973,1472.39197,0,,,0,2,322.471588,264.974457,38338,DEFAULT,ADAPTIVE,CAR,
1787973282894,2.06544828,156,unnamed,,NO_POSE,UNKNOWN,0,0,0,0,0,0,0,0,1,0,0,0,0,,,,,,,,,,,,0.614833057,1626.45789,0,,,0,2,322.512543,264.974457,38338,DEFAULT,ADAPTIVE,CAR,
1787973282895,2.06627417,157,unnamed,,NO_POSE,UNKNOWN,0,0,0,0,0,0,0,0,1,0,0,0,0,,,,,,,,,,,,0.825749993,1211.02026,0,,,0,2,322.553497,264.974457,38338,DEFAULT,ADAPTIVE,CAR,
1787973282895,2.06693697,158,unnamed,,NO_POSE,UNKNOWN,0,0,0,0,0,0,0,0,1,0,0,0,0,,,,,,,,,,,,0.662874997,1508.58008,0,,,0,2,322.594452,264.974457,38338,DEFAULT,ADAPTIVE,CAR,
1787973282896,2.06753373,159,unnamed,,NO_POSE,UNKNOWN,0,0,0,0,0,0,0,0,1,0,0,0,0,,,,,,,,,,,,0.596750021,1675.74365,0,,,0,2,322.635376,264.974457,38338,DEFAULT,ADAPTIVE,CAR,
1787973282897,2.06813765,160,unnamed,,NO_POSE,UNKNOWN,0,0,0,0,0,0,0,0,1,0,0,0,0,,,,,,,,,,,,0.603999972,1655.62915,0,,,0,2,322.676331,264.974457,38338,DEFAULT,ADAPTIVE,CAR,
1787973282897,2.06873608,161,unnamed,,NO_POSE,UNKNOWN,0,0,0,0,0,0,0,0,1,0,0,0,0,,,,,,,,,,,,0.598250031,1671.54199,0,,,0,2,322.717285,264.974457,38338,DEFAULT,ADAPTIVE,CAR,
1787973282898,2.06933856,162,unnamed,,NO_POSE,UNKNOWN,0,0,0,0,0,0,0,0,1,0,0,0,0,,,,,,,,,,,,0.602666974,1659.29114,0,,,0,2,322.75824,264.974457,38338,DEFAULT,ADAPTIVE,CAR,
1787973282898,2.06993413,163,unnamed,,NO_POSE,UNKNOWN,0,0,0,0,0,0,0,0,1,0,0,0,0,,,,,,,,,,,,0.595458031,1679.37952,0,,,0,2,322.799164,264.974457,38338,DEFAULT,ADAPTIVE,CAR,
1787973282899,2.07053924,164,unnamed,,NO_POSE,UNKNOWN,0,0,0,0,0,0,0,0,1,0,0,0,0,,,,,,,,,,,,0.605082989,1652.66577,0,,,0,2,322.840607,264.974457,38338,DEFAULT,ADAPTIVE,CAR,
1787973282900,2.07114697,165,unnamed,,NO_POSE,UNKNOWN,0,0,0,0,0,0,0,0,1,0,0,0,0,,,,,,,,,,,,0.607749999,1645.41345,0,,,0,2,322.88092,264.974457,38338,DEFAULT,ADAPTIVE,CAR,
1787973282900,2.07186222,166,unnamed,,NO_POSE,UNKNOWN,0,0,0,0,0,0,0,0,1,0,0,0,0,,,,,,,,,,,,0.715333998,1397.94836,0,,,0,2,322.921631,264.974457,38338,DEFAULT,ADAPTIVE,CAR,
1787973282901,2.07266808,167,unnamed,,NO_POSE,UNKNOWN,0,0,0,0,0,0,0,0,1,0,0,0,0,,,,,,,,,,,,0.80579102,1241.0166,0,,,0,2,322.961914,264.974457,38338,DEFAULT,ADAPTIVE,CAR,
1787973282902,2.07334352,168,unnamed,,NO_POSE,UNKNOWN,0,0,0,0,0,0,0,0,1,0,0,0,0,,,,,,,,,,,,0.675417006,1480.56677,0,,,0,2,323.002991,264.974457,38338,DEFAULT,ADAPTIVE,CAR,
1787973282903,2.07415581,169,unnamed,,NO_POSE,UNKNOWN,0,0,0,0,0,0,0,0,1,0,0,0,0,,,,,,,,,,,,0.812375009,1230.95862,0,,,0,2,323.043823,264.974457,38338,DEFAULT,ADAPTIVE,CAR,
1787973282903,2.07483625,170,unnamed,,NO_POSE,UNKNOWN,0,0,0,0,0,0,0,0,1,0,0,0,0,,,,,,,,,,,,0.680417001,1469.68701,0,,,0,2,323.084778,264.974457,38338,DEFAULT,ADAPTIVE,CAR,
1787973282904,2.07543921,171,unnamed,,NO_POSE,UNKNOWN,0,0,0,0,0,0,0,0,1,0,0,0,0,,,,,,,,,,,,0.602958024,1658.49023,0,,,0,2,323.125702,264.974457,38338,DEFAULT,ADAPTIVE,CAR,
1787973282905,2.07603216,172,unnamed,,NO_POSE,UNKNOWN,0,0,0,0,0,0,0,0,1,0,0,0,0,,,,,,,,,,,,0.592875004,1686.69617,0,,,0,2,322.074615,264.974457,38338,DEFAULT,ADAPTIVE,CAR,
1787973282905,2.07664657,173,unnamed,,NO_POSE,UNKNOWN,0,0,0,0,0,0,0,0,1,0,0,0,0,,,,,,,,,,,,0.614583015,1627.11951,0,,,0,2,322.063873,264.974457,38338,DEFAULT,ADAPTIVE,CAR,
1787973282906,2.07711935,174,unnamed,,NO_POSE,UNKNOWN,0,0,0,0,0,0,0,0,1,0,0,0,0,,,,,,,,,,,,0.472709,2115.46631,0,,,0,2,322.103607,264.974457,38338,DEFAULT,ADAPTIVE,CAR,
1787973282906,2.07763147,175,unnamed,,NO_POSE,UNKNOWN,0,0,0,0,0,0,0,0,1,0,0,0,0,,,,,,,,,,,,0.512082994,1952.80847,0,,,0,2,322.144562,264.974457,38338,DEFAULT,ADAPTIVE,CAR,
1787973282907,2.07823586,176,unnamed,,NO_POSE,UNKNOWN,0,0,0,0,0,0,0,0,1,0,0,0,0,,,,,,,,,,,,0.604457974,1654.37476,0,,,0,2,322.185516,264.974457,38338,DEFAULT,ADAPTIVE,CAR,
1787973282907,2.07883453,177,unnamed,,NO_POSE,UNKNOWN,0,0,0,0,0,0,0,0,1,0,0,0,0,,,,,,,,,,,,0.598708987,1670.26062,0,,,0,2,322.226318,264.974457,38338,DEFAULT,ADAPTIVE,CAR,
1787973282908,2.07944202,178,unnamed,,NO_POSE,UNKNOWN,0,0,0,0,0,0,0,0,1,0,0,0,0,,,,,,,,,,,,0.607500017,1646.09045,0,,,0,2,322.267242,264.974457,38338,DEFAULT,ADAPTIVE,CAR,
1787973282909,2.08003688,179,unnamed,,NO_POSE,UNKNOWN,0,0,0,0,0,0,0,0,1,0,0,0,0,,,,,,,,,,,,0.594791055,1681.26282,0,,,0,2,322.307861,264.974457,38338,DEFAULT,ADAPTIVE,CAR,
1787973282909,2.08074951,180,unnamed,,NO_POSE,UNKNOWN,0,0,0,0,0,0,0,0,1,0,0,0,0,,,,,,,,,,,,0.712584019,1403.34326,0,,,0,2,322.348267,264.974457,38338,DEFAULT,ADAPTIVE,CAR,
1787973282910,2.08143473,181,unnamed,,NO_POSE,UNKNOWN,0,0,0,0,0,0,0,0,1,0,0,0,0,,,,,,,,,,,,0.685124993,1459.58765,0,,,0,2,322.389221,264.974457,38338,DEFAULT,ADAPTIVE,CAR,
1787973282910,2.08202815,182,unnamed,,NO_POSE,UNKNOWN,0,0,0,0,0,0,0,0,1,0,0,0,0,,,,,,,,,,,,0.593541026,1684.80359,0,,,0,2,322.430176,264.974457,38338,DEFAULT,ADAPTIVE,CAR,
1787973282911,2.08263493,183,unnamed,,NO_POSE,UNKNOWN,0,0,0,0,0,0,0,0,1,0,0,0,0,,,,,,,,,,,,0.606791973,1648.01123,0,,,0,2,322.47113,264.974457,38338,DEFAULT,ADAPTIVE,CAR,
1787973282912,2.08323812,184,unnamed,,NO_POSE,UNKNOWN,0,0,0,0,0,0,0,0,1,0,0,0,0,,,,,,,,,,,,0.603208005,1657.80286,0,,,0,2,322.512085,264.974457,38338,DEFAULT,ADAPTIVE,CAR,
1787973282912,2.08384609,185,unnamed,,NO_POSE,UNKNOWN,0,0,0,0,0,0,0,0,1,0,0,0,0,,,,,,,,,,,,0.608042002,1644.62329,0,,,0,2,322.553009,264.974457,38338,DEFAULT,ADAPTIVE,CAR,
1787973282913,2.08453226,186,unnamed,,NO_POSE,UNKNOWN,0,0,0,0,0,0,0,0,1,0,0,0,0,,,,,,,,,,,,0.686082959,1457.54956,0,,,0,2,322.593964,264.974457,38338,DEFAULT,ADAPTIVE,CAR,
1787973282913,2.08502245,187,unnamed,,NO_POSE,UNKNOWN,0,0,0,0,0,0,0,0,1,0,0,0,0,,,,,,,,,,,,0.490250021,2039.77563,0,,,0,2,322.588684,264.974457,38338,DEFAULT,ADAPTIVE,CAR,
1787973282914,2.08552909,188,unnamed,,NO_POSE,UNKNOWN,0,0,0,0,0,0,0,0,1,0,0,0,0,,,,,,,,,,,,0.506667018,1973.68286,0,,,0,2,322.629028,264.974457,38338,DEFAULT,ADAPTIVE,CAR,
1787973282915,2.08614016,189,unnamed,,NO_POSE,UNKNOWN,0,0,0,0,0,0,0,0,1,0,0,0,0,,,,,,,,,,,,0.61087501,1636.99609,0,,,0,2,322.669983,264.974457,38338,DEFAULT,ADAPTIVE,CAR,
1787973282915,2.08674932,190,unnamed,,NO_POSE,UNKNOWN,0,0,0,0,0,0,0,0,1,0,0,0,0,,,,,,,,,,,,0.60916698,1641.58606,0,,,0,2,322.710938,264.974457,38338,DEFAULT,ADAPTIVE,CAR,
1787973282916,2.08736086,191,unnamed,,NO_POSE,UNKNOWN,0,0,0,0,0,0,0,0,1,0,0,0,0,,,,,,,,,,,,0.611582994,1635.10107,0,,,0,2,322.751617,264.974457,38338,DEFAULT,ADAPTIVE,CAR,
1787973282916,2.08795238,192,unnamed,,NO_POSE,UNKNOWN,0,0,0,0,0,0,0,0,1,0,0,0,0,,,,,,,,,,,,0.591500044,1690.61707,0,,,0,2,322.792206,264.974457,38338,DEFAULT,ADAPTIVE,CAR,
1787973282917,2.08864474,193,unnamed,,NO_POSE,UNKNOWN,0,0,0,0,0,0,0,0,1,0,0,0,0,,,,,,,,,,,,0.692458034,1444.13086,0,,,0,2,322.832611,264.974457,38338,DEFAULT,ADAPTIVE,CAR,
1787973282918,2.08923459,194,unnamed,,NO_POSE,UNKNOWN,0,0,0,0,0,0,0,0,1,0,0,0,0,,,,,,,,,,,,0.589749992,1695.63367,0,,,0,2,322.873566,264.974457,38338,DEFAULT,ADAPTIVE,CAR,
1787973282918,2.08983922,195,unnamed,,NO_POSE,UNKNOWN,0,0,0,0,0,0,0,0,1,0,0,0,0,,,,,,,,,,,,0.604709029,1653.68787,0,,,0,2,322.867798,264.974457,38338,DEFAULT,ADAPTIVE,CAR,
1787973282919,2.09053802,196,unnamed,,NO_POSE,UNKNOWN,0,0,0,0,0,0,0,0,1,0,0,0,0,,,,,,,,,,,,0.69887501,1430.87109,0,,,0,2,322.90863,264.974457,38338,DEFAULT,ADAPTIVE,CAR,
1787973282920,2.0911355,197,unnamed,,NO_POSE,UNKNOWN,0,0,0,0,0,0,0,0,1,0,0,0,0,,,,,,,,,,,,0.597374976,1673.99048,0,,,0,2,322.949585,264.974457,38338,DEFAULT,ADAPTIVE,CAR,
1787973282920,2.09174371,198,unnamed,,NO_POSE,UNKNOWN,0,0,0,0,0,0,0,0,1,0,0,0,0,,,,,,,,,,,,0.608249962,1644.06091,0,,,0,2,322.99054,264.974457,38338,DEFAULT,ADAPTIVE,CAR,
1787973282921,2.0924387,199,unnamed,,NO_POSE,UNKNOWN,0,0,0,0,0,0,0,0,1,0,0,0,0,,,,,,,,,,,,0.695041001,1438.76416,0,,,0,2,323.031464,264.974457,38338,DEFAULT,ADAPTIVE,CAR,
1787973282921,2.09303498,200,unnamed,,NO_POSE,UNKNOWN,0,0,0,0,0,0,0,0,1,0,0,0,0,,,,,,,,,,,,0.596209049,1677.26416,0,,,0,2,323.072418,264.974457,38338,DEFAULT,ADAPTIVE,CAR,
1787973282922,2.09352279,201,unnamed,,NO_POSE,UNKNOWN,0,0,0,0,0,0,0,0,1,0,0,0,0,,,,,,,,,,,,0.487708002,2050.40723,0,,,0,2,323.113373,264.974457,38338,DEFAULT,ADAPTIVE,CAR,
1787973282922,2.09402919,202,unnamed,,NO_POSE,UNKNOWN,0,0,0,0,0,0,0,0,1,0,0,0,0,,,,,,,,,,,,0.506541967,1974.17004,0,,,0,2,323.154327,264.974457,38338,DEFAULT,ADAPTIVE,CAR,
1787973282923,2.0946312,203,unnamed,,NO_POSE,UNKNOWN,0,0,0,0,0,0,0,0,1,0,0,0,0,,,,,,,,,,,,0.601875007,1661.47449,0,,,0,2,323.195251,264.974457,38338,DEFAULT,ADAPTIVE,CAR,
1787973282924,2.0952394,204,unnamed,,NO_POSE,UNKNOWN,0,0,0,0,0,0,0,0,1,0,0,0,0,,,,,,,,,,,,0.608249962,1644.06091,0,,,0,2,323.236206,264.974457,38338,DEFAULT,ADAPTIVE,CAR,
1787973282924,2.09583879,205,unnamed,,NO_POSE,UNKNOWN,0,0,0,0,0,0,0,0,1,0,0,0,0,,,,,,,,,,,,0.599291027,1668.63843,0,,,0,2,322.139191,264.974457,38338,DEFAULT,ADAPTIVE,CAR,
1787973282925,2.09655261,206,unnamed,,NO_POSE,UNKNOWN,0,0,0,0,0,0,0,0,1,0,0,0,0,,,,,,,,,,,,0.713833988,1400.88586,0,,,0,2,322.178864,264.974457,38338,DEFAULT,ADAPTIVE,CAR,
1787973282926,2.09726048,207,unnamed,,NO_POSE,UNKNOWN,0,0,0,0,0,0,0,0,1,0,0,0,0,,,,,,,,,,,,0.707957983,1412.51318,0,,,0,2,322.219299,264.974457,38338,DEFAULT,ADAPTIVE,CAR,
1787973282926,2.0979495,208,unnamed,,NO_POSE,UNKNOWN,0,0,0,0,0,0,0,0,1,0,0,0,0,,,,,,,,,,,,0.68908304,1451.20398,0,,,0,2,322.260223,264.974457,38338,DEFAULT,ADAPTIVE,CAR,
1787973282927,2.09853196,209,unnamed,,NO_POSE,UNKNOWN,0,0,0,0,0,0,0,0,1,0,0,0,0,,,,,,,,,,,,0.582500041,1716.73816,0,,,0,2,322.301178,264.974457,38338,DEFAULT,ADAPTIVE,CAR,
1787973282928,2.09914494,210,unnamed,,NO_POSE,UNKNOWN,0,0,0,0,0,0,0,0,1,0,0,0,0,,,,,,,,,,,,0.612833977,1631.76318,0,,,0,2,322.342133,264.974457,38338,DEFAULT,ADAPTIVE,CAR,
1787973282928,2.09984279,211,unnamed,,NO_POSE,UNKNOWN,0,0,0,0,0,0,0,0,1,0,0,0,0,,,,,,,,,,,,0.697874963,1432.92139,0,,,0,2,322.383087,264.974457,38338,DEFAULT,ADAPTIVE,CAR,
1787973282929,2.10043764,212,unnamed,,NO_POSE,UNKNOWN,0,0,0,0,0,0,0,0,1,0,0,0,0,,,,,,,,,,,,0.594833016,1681.14417,0,,,0,2,322.424011,264.974457,38338,DEFAULT,ADAPTIVE,CAR,
1787973282930,2.10104227,213,unnamed,,NO_POSE,UNKNOWN,0,0,0,0,0,0,0,0,1,0,0,0,0,,,,,,,,,,,,0.604707956,1653.6908,0,,,0,2,322.418427,264.974457,38338,DEFAULT,ADAPTIVE,CAR,
1787973282930,2.10163856,214,unnamed,,NO_POSE,UNKNOWN,0,0,0,0,0,0,0,0,1,0,0,0,0,,,,,,,,,,,,0.596209049,1677.26416,0,,,0,2,322.412262,264.974457,38338,DEFAULT,ADAPTIVE,CAR,
1787973282931,2.10224724,215,unnamed,,NO_POSE,UNKNOWN,0,0,0,0,0,0,0,0,1,0,0,0,0,,,,,,,,,,,,0.608832955,1642.48657,0,,,0,2,322.407013,264.974457,38338,DEFAULT,ADAPTIVE,CAR,
1787973282931,2.10283303,216,unnamed,,NO_POSE,UNKNOWN,0,0,0,0,0,0,0,0,1,0,0,0,0,,,,,,,,,,,,0.585624993,1707.57739,0,,,0,2,322.447357,264.974457,38338,DEFAULT,ADAPTIVE,CAR,
1787973282932,2.10343838,217,unnamed,,NO_POSE,UNKNOWN,0,0,0,0,0,0,0,0,1,0,0,0,0,,,,,,,,,,,,0.605457962,1651.64221,0,,,0,2,322.488281,264.974457,38338,DEFAULT,ADAPTIVE,CAR,
1787973282933,2.1040442,218,unnamed,,NO_POSE,UNKNOWN,0,0,0,0,0,0,0,0,1,0,0,0,0,,,,,,,,,,,,0.605708957,1650.95789,0,,,0,2,322.529114,264.974457,38338,DEFAULT,ADAPTIVE,CAR,
1787973282933,2.10467529,219,unnamed,,NO_POSE,UNKNOWN,0,0,0,0,0,0,0,0,1,0,0,0,0,,,,,,,,,,,,0.631165981,1584.36926,0,,,0,2,322.569672,264.974457,38338,DEFAULT,ADAPTIVE,CAR,
1787973282934,2.10546374,220,unnamed,,NO_POSE,UNKNOWN,0,0,0,0,0,0,0,0,1,0,0,0,0,,,,,,,,,,,,0.788416982,1268.36438,0,,,0,2,322.610107,264.974457,38338,DEFAULT,ADAPTIVE,CAR,
1787973282935,2.10625553,221,unnamed,,NO_POSE,UNKNOWN,0,0,0,0,0,0,0,0,1,0,0,0,0,,,,,,,,,,,,0.791832983,1262.89258,0,,,0,2,322.651031,264.974457,38338,DEFAULT,ADAPTIVE,CAR,
1787973282935,2.10693717,222,unnamed,,NO_POSE,UNKNOWN,0,0,0,0,0,0,0,0,1,0,0,0,0,,,,,,,,,,,,0.68166703,1466.99194,0,,,0,2,322.691986,264.974457,38338,DEFAULT,ADAPTIVE,CAR,
1787973282936,2.10766029,223,unnamed,,NO_POSE,UNKNOWN,0,0,0,0,0,0,0,0,1,0,0,0,0,,,,,,,,,,,,0.723167002,1382.80652,0,,,0,2,322.732941,264.974457,38338,DEFAULT,ADAPTIVE,CAR,
1787973282937,2.10824347,224,unnamed,,NO_POSE,UNKNOWN,0,0,0,0,0,0,0,0,1,0,0,0,0,,,,,,,,,,,,0.583166003,1714.77759,0,,,0,2,322.773895,264.974457,38338,DEFAULT,ADAPTIVE,CAR,
1787973282937,2.10893989,225,unnamed,,NO_POSE,UNKNOWN,0,0,0,0,0,0,0,0,1,0,0,0,0,,,,,,,,,,,,0.696250021,1436.26575,0,,,0,2,322.814819,264.974457,38338,DEFAULT,ADAPTIVE,CAR,
1787973282938,2.10953188,226,unnamed,,NO_POSE,UNKNOWN,0,0,0,0,0,0,0,0,1,0,0,0,0,,,,,,,,,,,,0.592083991,1688.94946,0,,,0,2,322.855774,264.974457,38338,DEFAULT,ADAPTIVE,CAR,
1787973282939,2.11013293,227,unnamed,,NO_POSE,UNKNOWN,0,0,0,0,0,0,0,0,1,0,0,0,0,,,,,,,,,,,,0.600999951,1663.89355,0,,,0,2,322.896729,264.974457,38338,DEFAULT,ADAPTIVE,CAR,
1787973282939,2.11064124,228,unnamed,,NO_POSE,UNKNOWN,0,0,0,0,0,0,0,0,1,0,0,0,0,,,,,,,,,,,,0.508332968,1967.21448,0,,,0,2,322.937683,264.974457,38338,DEFAULT,ADAPTIVE,CAR,
1787973282940,2.11123157,229,unnamed,,NO_POSE,UNKNOWN,0,0,0,0,0,0,0,0,1,0,0,0,0,,,,,,,,,,,,0.590291977,1694.0769,0,,,0,2,321.787323,264.974457,38338,DEFAULT,ADAPTIVE,CAR,
1787973282940,2.11183453,230,unnamed,,NO_POSE,UNKNOWN,0,0,0,0,0,0,0,0,1,0,0,0,0,,,,,,,,,,,,0.603040993,1658.26208,0,,,0,2,321.825043,264.974457,38338,DEFAULT,ADAPTIVE,CAR,
1787973282941,2.11243868,231,unnamed,,NO_POSE,UNKNOWN,0,0,0,0,0,0,0,0,1,0,0,0,0,,,,,,,,,,,,0.604166985,1655.17151,0,,,0,2,321.865845,264.974457,38338,DEFAULT,ADAPTIVE,CAR,
1787973282942,2.11308551,232,unnamed,,NO_POSE,UNKNOWN,0,0,0,0,0,0,0,0,1,0,0,0,0,,,,,,,,,,,,0.646791995,1546.09204,0,,,0,2,321.906403,264.974457,38338,DEFAULT,ADAPTIVE,CAR,
1787973282942,2.11374807,233,unnamed,,NO_POSE,UNKNOWN,0,0,0,0,0,0,0,0,1,0,0,0,0,,,,,,,,,,,,0.662665963,1509.05591,0,,,0,2,321.946838,264.974457,38338,DEFAULT,ADAPTIVE,CAR,
1787973282943,2.11444974,234,unnamed,,NO_POSE,UNKNOWN,0,0,0,0,0,0,0,0,1,0,0,0,0,,,,,,,,,,,,0.701583982,1425.34607,0,,,0,2,321.987793,264.974457,38338,DEFAULT,ADAPTIVE,CAR,
1787973282943,2.11502886,235,unnamed,,NO_POSE,UNKNOWN,0,0,0,0,0,0,0,0,1,0,0,0,0,,,,,,,,,,,,0.579082966,1726.86816,0,,,0,2,322.028748,264.974457,38338,DEFAULT,ADAPTIVE,CAR,
1787973282944,2.11563468,236,unnamed,,NO_POSE,UNKNOWN,0,0,0,0,0,0,0,0,1,0,0,0,0,,,,,,,,,,,,0.605957985,1650.27942,0,,,0,2,322.069672,264.974457,38338,DEFAULT,ADAPTIVE,CAR,
1787973282945,2.11623383,237,unnamed,,NO_POSE,UNKNOWN,0,0,0,0,0,0,0,0,1,0,0,0,0,,,,,,,,,,,,0.599124968,1669.10083,0,,,0,2,322.110626,264.974457,38338,DEFAULT,ADAPTIVE,CAR,
1787973282945,2.11683631,238,unnamed,,NO_POSE,UNKNOWN,0,0,0,0,0,0,0,0,1,0,0,0,0,,,,,,,,,,,,0.602292001,1660.32422,0,,,0,2,322.151581,264.974457,38338,DEFAULT,ADAPTIVE,CAR,
1787973282946,2.11744499,239,unnamed,,NO_POSE,UNKNOWN,0,0,0,0,0,0,0,0,1,0,0,0,0,,,,,,,,,,,,0.608749986,1642.71057,0,,,0,2,322.192535,264.974457,38338,DEFAULT,ADAPTIVE,CAR,
1787973282947,2.1180501,240,unnamed,,NO_POSE,UNKNOWN,0,0,0,0,0,0,0,0,1,0,0,0,0,,,,,,,,,,,,0.60520798,1652.32458,0,,,0,2,322.233459,264.974457,38338,DEFAULT,ADAPTIVE,CAR,
1787973282947,2.11884117,241,unnamed,,NO_POSE,UNKNOWN,0,0,0,0,0,0,0,0,1,0,0,0,0,,,,,,,,,,,,0.790917039,1264.3551,0,,,0,2,322.275604,264.974457,38338,DEFAULT,ADAPTIVE,CAR,
1787973282948,2.11943221,242,unnamed,,NO_POSE,UNKNOWN,0,0,0,0,0,0,0,0,1,0,0,0,0,,,,,,,,,,,,0.591125011,1691.68958,0,,,0,2,322.316559,264.974457,38338,DEFAULT,ADAPTIVE,CAR,
1787973282949,2.12003517,243,unnamed,,NO_POSE,UNKNOWN,0,0,0,0,0,0,0,0,1,0,0,0,0,,,,,,,,,,,,0.602917016,1658.60315,0,,,0,2,322.357483,264.974457,38338,DEFAULT,ADAPTIVE,CAR,
1787973282949,2.12063861,244,unnamed,,NO_POSE,UNKNOWN,0,0,0,0,0,0,0,0,1,0,0,0,0,,,,,,,,,,,,0.603416026,1657.23145,0,,,0,2,322.398285,264.974457,38338,DEFAULT,ADAPTIVE,CAR,
1787973282950,2.12127376,245,unnamed,,NO_POSE,UNKNOWN,0,0,0,0,0,0,0,0,1,0,0,0,0,,,,,,,,,,,,0.635250032,1574.18335,0,,,0,2,322.438873,264.974457,38338,DEFAULT,ADAPTIVE,CAR,
1787973282950,2.12193942,246,unnamed,,NO_POSE,UNKNOWN,0,0,0,0,0,0,0,0,1,0,0,0,0,,,,,,,,,,,,0.665541947,1502.53479,0,,,0,2,322.479279,264.974457,38338,DEFAULT,ADAPTIVE,CAR,
1787973282951,2.12265277,247,unnamed,,NO_POSE,UNKNOWN,0,0,0,0,0,0,0,0,1,0,0,0,0,,,,,,,,,,,,0.713416994,1401.70471,0,,,0,2,322.520233,264.974457,38338,DEFAULT,ADAPTIVE,CAR,
1787973282952,2.12334991,248,unnamed,,NO_POSE,UNKNOWN,0,0,0,0,0,0,0,0,1,0,0,0,0,,,,,,,,,,,,0.697166026,1434.37854,0,,,0,2,322.561188,264.974457,38338,DEFAULT,ADAPTIVE,CAR,
1787973282953,2.12405419,249,unnamed,,NO_POSE,UNKNOWN,0,0,0,0,0,0,0,0,1,0,0,0,0,,,,,,,,,,,,0.704374969,1419.69836,0,,,0,2,322.602112,264.974457,38338,DEFAULT,ADAPTIVE,CAR,
1787973282953,2.12473679,250,unnamed,,NO_POSE,UNKNOWN,0,0,0,0,0,0,0,0,1,0,0,0,0,,,,,,,,,,,,0.682541966,1465.11133,0,,,0,2,322.643066,264.974457,38338,DEFAULT,ADAPTIVE,CAR,
1787973282954,2.12533879,251,unnamed,,NO_POSE,UNKNOWN,0,0,0,0,0,0,0,0,1,0,0,0,0,,,,,,,,,,,,0.601958036,1661.24536,0,,,0,2,322.684021,264.974457,38338,DEFAULT,ADAPTIVE,CAR,
1787973282954,2.12594938,252,unnamed,,NO_POSE,UNKNOWN,0,0,0,0,0,0,0,0,1,0,0,0,0,,,,,,,,,,,,0.610499978,1638.00171,0,,,0,2,322.724976,264.974457,38338,DEFAULT,ADAPTIVE,CAR,
1787973282955,2.12663984,253,unnamed,,NO_POSE,UNKNOWN,0,0,0,0,0,0,0,0,1,0,0,0,0,,,,,,,,,,,,0.690625012,1447.96387,0,,,0,2,321.673737,264.974457,38338,DEFAULT,ADAPTIVE,CAR,
1787973282956,2.12723207,254,unnamed,,NO_POSE,UNKNOWN,0,0,0,0,0,0,0,0,1,0,0,0,0,,,,,,,,,,,,0.59216702,1688.71277,0,,,0,2,321.70816,264.974457,38338,DEFAULT,ADAPTIVE,CAR,
1787973282956,2.12784123,255,unnamed,,NO_POSE,UNKNOWN,0,0,0,0,0,0,0,0,1,0,0,0,0,,,,,,,,,,,,0.609207988,1641.47546,0,,,0,2,321.749084,264.974457,38338,DEFAULT,ADAPTIVE,CAR,
1787973282957,2.12845755,256,unnamed,,NO_POSE,UNKNOWN,0,0,0,0,0,0,0,0,1,0,0,0,0,,,,,,,,,,,,0.616166949,1622.93677,0,,,0,2,321.790039,264.974457,38338,DEFAULT,ADAPTIVE,CAR,
1787973282958,2.12904286,257,unnamed,,NO_POSE,UNKNOWN,0,0,0,0,0,0,0,0,1,0,0,0,0,,,,,,,,,,,,0.585457981,1708.06445,0,,,0,2,321.830841,264.974457,38338,DEFAULT,ADAPTIVE,CAR,
1787973282958,2.12971783,258,unnamed,,NO_POSE,UNKNOWN,0,0,0,0,0,0,0,0,1,0,0,0,0,,,,,,,,,,,,0.674834013,1481.84583,0,,,0,2,321.871429,264.974457,38338,DEFAULT,ADAPTIVE,CAR,
1787973282959,2.13045311,259,unnamed,,NO_POSE,UNKNOWN,0,0,0,0,0,0,0,0,1,0,0,0,0,,,,,,,,,,,,0.735291004,1360.00574,0,,,0,2,321.911957,264.974457,38338,DEFAULT,ADAPTIVE,CAR,
1787973282960,2.13113713,260,unnamed,,NO_POSE,UNKNOWN,0,0,0,0,0,0,0,0,1,0,0,0,0,,,,,,,,,,,,0.684083998,1461.80872,0,,,0,2,321.95282,264.974457,38338,DEFAULT,ADAPTIVE,CAR,
1787973282960,2.13172984,261,unnamed,,NO_POSE,UNKNOWN,0,0,0,0,0,0,0,0,1,0,0,0,0,,,,,,,,,,,,0.592832983,1686.8158,0,,,0,2,321.993744,264.974457,38338,DEFAULT,ADAPTIVE,CAR,
1787973282961,2.13243794,262,unnamed,,NO_POSE,UNKNOWN,0,0,0,0,0,0,0,0,1,0,0,0,0,,,,,,,,,,,,0.707957983,1412.51318,0,,,0,2,322.034698,264.974457,38338,DEFAULT,ADAPTIVE,CAR,
1787973282962,2.13303685,263,unnamed,,NO_POSE,UNKNOWN,0,0,0,0,0,0,0,0,1,0,0,0,0,,,,,,,,,,,,0.598958969,1669.56335,0,,,0,2,322.028839,264.974457,38338,DEFAULT,ADAPTIVE,CAR,
1787973282962,2.13365173,264,unnamed,,NO_POSE,UNKNOWN,0,0,0,0,0,0,0,0,1,0,0,0,0,,,,,,,,,,,,0.614957988,1626.12732,0,,,0,2,322.069763,264.974457,38338,DEFAULT,ADAPTIVE,CAR,
1787973282963,2.13433576,265,unnamed,,NO_POSE,UNKNOWN,0,0,0,0,0,0,0,0,1,0,0,0,0,,,,,,,,,,,,0.684000015,1461.98828,0,,,0,2,322.110718,264.974457,38338,DEFAULT,ADAPTIVE,CAR,
1787973282963,2.13493967,266,unnamed,,NO_POSE,UNKNOWN,0,0,0,0,0,0,0,0,1,0,0,0,0,,,,,,,,,,,,0.60383302,1656.08704,0,,,0,2,322.151672,264.974457,38338,DEFAULT,ADAPTIVE,CAR,
1787973282964,2.13553548,267,unnamed,,NO_POSE,UNKNOWN,0,0,0,0,0,0,0,0,1,0,0,0,0,,,,,,,,,,,,0.595875025,1678.20422,0,,,0,2,322.192627,264.974457,38338,DEFAULT,ADAPTIVE,CAR,
1787973282965,2.13613772,268,unnamed,,NO_POSE,UNKNOWN,0,0,0,0,0,0,0,0,1,0,0,0,0,,,,,,,,,,,,0.60216701,1660.66895,0,,,0,2,322.233582,264.974457,38338,DEFAULT,ADAPTIVE,CAR,
1787973282965,2.13674545,269,unnamed,,NO_POSE,UNKNOWN,0,0,0,0,0,0,0,0,1,0,0,0,0,,,,,,,,,,,,0.607667029,1645.63806,0,,,0,2,322.275116,264.974457,38338,DEFAULT,ADAPTIVE,CAR,
1787973282966,2.13734388,270,unnamed,,NO_POSE,UNKNOWN,0,0,0,0,0,0,0,0,1,0,0,0,0,,,,,,,,,,,,0.59841603,1671.07825,0,,,0,2,322.315521,264.974457,38338,DEFAULT,ADAPTIVE,CAR,
1787973282967,2.13857198,271,unnamed,,NO_POSE,UNKNOWN,0,0,0,0,0,0,0,0,1,0,0,0,0,,,,,,,,,,,,1.22825003,814.166504,0,,,0,2,322.467316,264.974457,38338,DEFAULT,ADAPTIVE,CAR,
1787973282968,2.13935709,272,unnamed,,NO_POSE,UNKNOWN,0,0,0,0,0,0,0,0,1,0,0,0,0,,,,,,,,,,,,0.784959018,1273.9519,0,,,0,2,322.507721,264.974457,38338,DEFAULT,ADAPTIVE,CAR,
1787973282969,2.14004469,273,unnamed,,NO_POSE,UNKNOWN,0,0,0,0,0,0,0,0,1,0,0,0,0,,,,,,,,,,,,0.687749982,1454.01672,0,,,0,2,322.548676,264.974457,38338,DEFAULT,ADAPTIVE,CAR,
1787973282969,2.14085031,274,unnamed,,NO_POSE,UNKNOWN,0,0,0,0,0,0,0,0,1,0,0,0,0,,,,,,,,,,,,0.805458009,1241.52966,0,,,0,2,322.58963,264.974457,38338,DEFAULT,ADAPTIVE,CAR,
1787973282970,2.14144802,275,unnamed,,NO_POSE,UNKNOWN,0,0,0,0,0,0,0,0,1,0,0,0,0,,,,,,,,,,,,0.597750008,1672.94019,0,,,0,2,322.630554,264.974457,38338,DEFAULT,ADAPTIVE,CAR,
1787973282971,2.14225078,276,unnamed,,NO_POSE,UNKNOWN,0,0,0,0,0,0,0,0,1,0,0,0,0,,,,,,,,,,,,0.80270797,1245.78308,0,,,0,2,321.529785,264.974457,38338,DEFAULT,ADAPTIVE,CAR,
1787973282971,2.14282799,277,unnamed,,NO_POSE,UNKNOWN,0,0,0,0,0,0,0,0,1,0,0,0,0,,,,,,,,,,,,0.577208996,1732.47473,0,,,0,2,321.567505,264.974457,38338,DEFAULT,ADAPTIVE,CAR,
1787973282972,2.14344239,278,unnamed,,NO_POSE,UNKNOWN,0,0,0,0,0,0,0,0,1,0,0,0,0,,,,,,,,,,,,0.614458025,1627.45056,0,,,0,2,321.60849,264.974457,38338,DEFAULT,ADAPTIVE,CAR,
1787973282973,2.14404798,279,unnamed,,NO_POSE,UNKNOWN,0,0,0,0,0,0,0,0,1,0,0,0,0,,,,,,,,,,,,0.605750024,1650.84607,0,,,0,2,321.649445,264.974457,38338,DEFAULT,ADAPTIVE,CAR,
1787973282973,2.14473629,280,unnamed,,NO_POSE,UNKNOWN,0,0,0,0,0,0,0,0,1,0,0,0,0,,,,,,,,,,,,0.688292027,1452.8717,0,,,0,2,321.690369,264.974457,38338,DEFAULT,ADAPTIVE,CAR,
1787973282974,2.14534855,281,unnamed,,NO_POSE,UNKNOWN,0,0,0,0,0,0,0,0,1,0,0,0,0,,,,,,,,,,,,0.612083018,1633.76538,0,,,0,2,321.731628,264.974457,38338,DEFAULT,ADAPTIVE,CAR,
1787973282974,2.14593935,282,unnamed,,NO_POSE,UNKNOWN,0,0,0,0,0,0,0,0,1,0,0,0,0,,,,,,,,,,,,0.591000021,1692.04736,0,,,0,2,321.772156,264.974457,38338,DEFAULT,ADAPTIVE,CAR,
1787973282975,2.14665127,283,unnamed,,NO_POSE,UNKNOWN,0,0,0,0,0,0,0,0,1,0,0,0,0,,,,,,,,,,,,0.711708009,1405.07068,0,,,0,2,321.812439,264.974457,38338,DEFAULT,ADAPTIVE,CAR,
1787973282976,2.14746308,284,unnamed,,NO_POSE,UNKNOWN,0,0,0,0,0,0,0,0,1,0,0,0,0,,,,,,,,,,,,0.811917007,1231.65295,0,,,0,2,321.853149,264.974457,38338,DEFAULT,ADAPTIVE,CAR,
1787973282977,2.14814091,285,unnamed,,NO_POSE,UNKNOWN,0,0,0,0,0,0,0,0,1,0,0,0,0,,,,,,,,,,,,0.677749991,1475.47034,0,,,0,2,321.894073,264.974457,38338,DEFAULT,ADAPTIVE,CAR,
1787973282977,2.14874792,286,unnamed,,NO_POSE,UNKNOWN,0,0,0,0,0,0,0,0,1,0,0,0,0,,,,,,,,,,,,0.607042015,1647.33252,0,,,0,2,321.935028,264.974457,38338,DEFAULT,ADAPTIVE,CAR,
1787973282978,2.14933562,287,unnamed,,NO_POSE,UNKNOWN,0,0,0,0,0,0,0,0,1,0,0,0,0,,,,,,,,,,,,0.587665975,1701.64685,0,,,0,2,321.975983,264.974457,38338,DEFAULT,ADAPTIVE,CAR,
1787973282978,2.14994788,288,unnamed,,NO_POSE,UNKNOWN,0,0,0,0,0,0,0,0,1,0,0,0,0,,,,,,,,,,,,0.612334013,1633.0957,0,,,0,2,322.016937,264.974457,38338,DEFAULT,ADAPTIVE,CAR,
1787973282979,2.15054011,289,unnamed,,NO_POSE,UNKNOWN,0,0,0,0,0,0,0,0,1,0,0,0,0,,,,,,,,,,,,0.592165947,1688.7157,0,,,0,2,322.057861,264.974457,38338,DEFAULT,ADAPTIVE,CAR,
1787973282980,2.15114498,290,unnamed,,NO_POSE,UNKNOWN,0,0,0,0,0,0,0,0,1,0,0,0,0,,,,,,,,,,,,0.60491699,1653.11938,0,,,0,2,322.052582,264.974457,38338,DEFAULT,ADAPTIVE,CAR,
1787973282980,2.15173483,291,unnamed,,NO_POSE,UNKNOWN,0,0,0,0,0,0,0,0,1,0,0,0,0,,,,,,,,,,,,0.589917004,1695.15369,0,,,0,2,322.092957,264.974457,38338,DEFAULT,ADAPTIVE,CAR,
1787973282981,2.15235591,292,unnamed,,NO_POSE,UNKNOWN,0,0,0,0,0,0,0,0,1,0,0,0,0,,,,,,,,,,,,0.621083021,1610.0907,0,,,0,2,322.13446,264.974457,38338,DEFAULT,ADAPTIVE,CAR,
1787973282981,2.15303826,293,unnamed,,NO_POSE,UNKNOWN,0,0,0,0,0,0,0,0,1,0,0,0,0,,,,,,,,,,,,0.682332993,1465.56006,0,,,0,2,322.174835,264.974457,38338,DEFAULT,ADAPTIVE,CAR,
1787973282982,2.15364647,294,unnamed,,NO_POSE,UNKNOWN,0,0,0,0,0,0,0,0,1,0,0,0,0,,,,,,,,,,,,0.608084023,1644.50952,0,,,0,2,322.21579,264.974457,38338,DEFAULT,ADAPTIVE,CAR,
1787973282983,2.15423584,295,unnamed,,NO_POSE,UNKNOWN,0,0,0,0,0,0,0,0,1,0,0,0,0,,,,,,,,,,,,0.589540958,1696.23486,0,,,0,2,322.256592,264.974457,38338,DEFAULT,ADAPTIVE,CAR,
1787973282983,2.15485191,296,unnamed,,NO_POSE,UNKNOWN,0,0,0,0,0,0,0,0,1,0,0,0,0,,,,,,,,,,,,0.615999997,1623.37671,0,,,0,2,322.29715,264.974457,38338,DEFAULT,ADAPTIVE,CAR,
1787973282984,2.15565658,297,unnamed,,NO_POSE,UNKNOWN,0,0,0,0,0,0,0,0,1,0,0,0,0,,,,,,,,,,,,0.804708958,1242.6853,0,,,0,2,322.337585,264.974457,38338,DEFAULT,ADAPTIVE,CAR,
1787973282985,2.15646696,298,unnamed,,NO_POSE,UNKNOWN,0,0,0,0,0,0,0,0,1,0,0,0,0,,,,,,,,,,,,0.810290992,1234.12451,0,,,0,2,322.37851,264.974457,38338,DEFAULT,ADAPTIVE,CAR,
1787973282986,2.15736079,299,unnamed,,NO_POSE,UNKNOWN,0,0,0,0,0,0,0,0,1,0,0,0,0,,,,,,,,,,,,0.893833995,1118.776,0,,,0,2,322.419464,264.974457,38338,DEFAULT,ADAPTIVE,CAR,
1787973282987,2.1580441,300,unnamed,,NO_POSE,UNKNOWN,0,0,0,0,0,0,0,0,1,0,0,0,0,,,,,,,,,,,,0.683375001,1463.32544,0,,,0,2,322.460419,264.974457,38338,DEFAULT,ADAPTIVE,CAR,
1787973282987,2.1587553,301,unnamed,,NO_POSE,UNKNOWN,0,0,0,0,0,0,0,0,1,0,0,0,0,,,,,,,,,,,,0.711207986,1406.05847,0,,,0,2,322.501373,264.974457,38338,DEFAULT,ADAPTIVE,CAR,
1787973282988,2.15933704,302,unnamed,,NO_POSE,UNKNOWN,0,0,0,0,0,0,0,0,1,0,0,0,0,,,,,,,,,,,,0.581707954,1719.07556,0,,,0,2,322.542297,264.974457,38338,DEFAULT,ADAPTIVE,CAR,
1787973282988,2.15993714,303,unnamed,,NO_POSE,UNKNOWN,0,0,0,0,0,0,0,0,1,0,0,0,0,,,,,,,,,,,,0.600000024,1666.66663,0,,,0,2,322.583252,264.974457,38338,DEFAULT,ADAPTIVE,CAR,
1787973282989,2.16054153,304,unnamed,,NO_POSE,UNKNOWN,0,0,0,0,0,0,0,0,1,0,0,0,0,,,,,,,,,,,,0.604499996,1654.25977,0,,,0,2,322.624207,264.974457,38338,DEFAULT,ADAPTIVE,CAR,
1787973282990,2.16114974,305,unnamed,,NO_POSE,UNKNOWN,0,0,0,0,0,0,0,0,1,0,0,0,0,,,,,,,,,,,,0.608084023,1644.50952,0,,,0,2,322.665741,264.974457,38338,DEFAULT,ADAPTIVE,CAR,
1787973282990,2.1617291,306,unnamed,,NO_POSE,UNKNOWN,0,0,0,0,0,0,0,0,1,0,0,0,0,,,,,,,,,,,,0.57949996,1725.62561,0,,,0,2,321.467987,264.974457,38338,DEFAULT,ADAPTIVE,CAR,
1787973282991,2.16233468,307,unnamed,,NO_POSE,UNKNOWN,0,0,0,0,0,0,0,0,1,0,0,0,0,,,,,,,,,,,,0.605457962,1651.64221,0,,,0,2,321.505219,264.974457,38338,DEFAULT,ADAPTIVE,CAR,
1787973282992,2.16303301,308,unnamed,,NO_POSE,UNKNOWN,0,0,0,0,0,0,0,0,1,0,0,0,0,,,,,,,,,,,,0.698458016,1431.72534,0,,,0,2,321.499603,264.974457,38338,DEFAULT,ADAPTIVE,CAR,
1787973282992,2.16374803,309,unnamed,,NO_POSE,UNKNOWN,0,0,0,0,0,0,0,0,1,0,0,0,0,,,,,,,,,,,,0.714874983,1398.84595,0,,,0,2,321.539429,264.974457,38338,DEFAULT,ADAPTIVE,CAR,
1787973282993,2.16444635,310,unnamed,,NO_POSE,UNKNOWN,0,0,0,0,0,0,0,0,1,0,0,0,0,,,,,,,,,,,,0.698334038,1431.97949,0,,,0,2,321.580353,264.974457,38338,DEFAULT,ADAPTIVE,CAR,
1787973282994,2.1650362,311,unnamed,,NO_POSE,UNKNOWN,0,0,0,0,0,0,0,0,1,0,0,0,0,,,,,,,,,,,,0.590000033,1694.91528,0,,,0,2,321.621307,264.974457,38338,DEFAULT,ADAPTIVE,CAR,
1787973282994,2.16563821,312,unnamed,,NO_POSE,UNKNOWN,0,0,0,0,0,0,0,0,1,0,0,0,0,,,,,,,,,,,,0.601916015,1661.36145,0,,,0,2,321.662262,264.974457,38338,DEFAULT,ADAPTIVE,CAR,
1787973282995,2.16623616,313,unnamed,,NO_POSE,UNKNOWN,0,0,0,0,0,0,0,0,1,0,0,0,0,,,,,,,,,,,,0.598041952,1672.12341,0,,,0,2,321.703217,264.974457,38338,DEFAULT,ADAPTIVE,CAR,
1787973282995,2.16672826,314,unnamed,,NO_POSE,UNKNOWN,0,0,0,0,0,0,0,0,1,0,0,0,0,,,,,,,,,,,,0.491957992,2032.69385,0,,,0,2,321.744171,264.974457,38338,DEFAULT,ADAPTIVE,CAR,
1787973282996,2.16734982,315,unnamed,,NO_POSE,UNKNOWN,0,0,0,0,0,0,0,0,1,0,0,0,0,,,,,,,,,,,,0.621708989,1608.4696,0,,,0,2,321.785095,264.974457,38338,DEFAULT,ADAPTIVE,CAR,
1787973282996,2.16803265,316,unnamed,,NO_POSE,UNKNOWN,0,0,0,0,0,0,0,0,1,0,0,0,0,,,,,,,,,,,,0.682833016,1464.48682,0,,,0,2,321.82605,264.974457,38338,DEFAULT,ADAPTIVE,CAR,
1787973282997,2.16863656,317,unnamed,,NO_POSE,UNKNOWN,0,0,0,0,0,0,0,0,1,0,0,0,0,,,,,,,,,,,,0.60374999,1656.3147,0,,,0,2,321.867004,264.974457,38338,DEFAULT,ADAPTIVE,CAR,
1787973282998,2.1692574,318,unnamed,,NO_POSE,UNKNOWN,0,0,0,0,0,0,0,0,1,0,0,0,0,,,,,,,,,,,,0.620875001,1610.63025,0,,,0,2,321.907959,264.974457,38338,DEFAULT,ADAPTIVE,CAR,
1787973282998,2.16983175,319,unnamed,,NO_POSE,UNKNOWN,0,0,0,0,0,0,0,0,1,0,0,0,0,,,,,,,,,,,,0.574500024,1740.64404,0,,,0,2,321.948883,264.974457,38338,DEFAULT,ADAPTIVE,CAR,
1787973282999,2.17044425,320,unnamed,,NO_POSE,UNKNOWN,0,0,0,0,0,0,0,0,1,0,0,0,0,,,,,,,,,,,,0.612457991,1632.76501,0,,,0,2,321.989685,264.974457,38338,DEFAULT,ADAPTIVE,CAR,
1787973283000,2.1710465,321,unnamed,,NO_POSE,UNKNOWN,0,0,0,0,0,0,0,0,1,0,0,0,0,,,,,,,,,,,,0.60224998,1660.44006,0,,,0,2,322.03064,264.974457,38338,DEFAULT,ADAPTIVE,CAR,
1787973283000,2.17178464,322,unnamed,,NO_POSE,UNKNOWN,0,0,0,0,0,0,0,0,1,0,0,0,0,,,,,,,,,,,,0.737999976,1355.01355,0,,,0,2,322.071228,264.974457,38338,DEFAULT,ADAPTIVE,CAR,
1787973283001,2.17257118,323,unnamed,,NO_POSE,UNKNOWN,0,0,0,0,0,0,0,0,1,0,0,0,0,,,,,,,,,,,,0.78658396,1271.32007,0,,,0,2,322.111633,264.974457,38338,DEFAULT,ADAPTIVE,CAR,
1787973283002,2.17324281,324,unnamed,,NO_POSE,UNKNOWN,0,0,0,0,0,0,0,0,1,0,0,0,0,,,,,,,,,,,,0.671750009,1488.64905,0,,,0,2,322.152588,264.974457,38338,DEFAULT,ADAPTIVE,CAR,
1787973283002,2.17396212,325,unnamed,,NO_POSE,UNKNOWN,0,0,0,0,0,0,0,0,1,0,0,0,0,,,,,,,,,,,,0.719208002,1390.41833,0,,,0,2,322.193512,264.974457,38338,DEFAULT,ADAPTIVE,CAR,
1787973283003,2.17464542,326,unnamed,,NO_POSE,UNKNOWN,0,0,0,0,0,0,0,0,1,0,0,0,0,,,,,,,,,,,,0.683291972,1463.50317,0,,,0,2,322.234467,264.974457,38338,DEFAULT,ADAPTIVE,CAR,
1787973283004,2.17523456,327,unnamed,,NO_POSE,UNKNOWN,0,0,0,0,0,0,0,0,1,0,0,0,0,,,,,,,,,,,,0.589290977,1696.95447,0,,,0,2,322.275421,264.974457,38338,DEFAULT,ADAPTIVE,CAR,
1787973283004,2.17584372,328,unnamed,,NO_POSE,UNKNOWN,0,0,0,0,0,0,0,0,1,0,0,0,0,,,,,,,,,,,,0.608959019,1642.14673,0,,,0,2,322.316376,264.974457,38338,DEFAULT,ADAPTIVE,CAR,
1787973283005,2.17644238,329,unnamed,,NO_POSE,UNKNOWN,0,0,0,0,0,0,0,0,1,0,0,0,0,,,,,,,,,,,,0.598707974,1670.26331,0,,,0,2,322.3573,264.974457,38338,DEFAULT,ADAPTIVE,CAR,
1787973283006,2.17703843,330,unnamed,,NO_POSE,UNKNOWN,0,0,0,0,0,0,0,0,1,0,0,0,0,,,,,,,,,,,,0.596042037,1677.73401,0,,,0,2,322.35202,264.974457,38338,DEFAULT,ADAPTIVE,CAR,
1787973283006,2.17763519,331,unnamed,,NO_POSE,UNKNOWN,0,0,0,0,0,0,0,0,1,0,0,0,0,,,,,,,,,,,,0.596708,1675.86157,0,,,0,2,320.952667,264.974457,38338,DEFAULT,ADAPTIVE,CAR,
1787973283007,2.17823601,332,unnamed,,NO_POSE,UNKNOWN,0,0,0,0,0,0,0,0,1,0,0,0,0,,,,,,,,,,,,0.600916982,1664.12341,0,,,0,2,320.983826,264.974457,38338,DEFAULT,ADAPTIVE,CAR,
1787973283007,2.17883945,333,unnamed,,NO_POSE,UNKNOWN,0,0,0,0,0,0,0,0,1,0,0,0,0,,,,,,,,,,,,0.603540957,1656.88831,0,,,0,2,321.024933,264.974457,38338,DEFAULT,ADAPTIVE,CAR,
1787973283008,2.17945313,334,unnamed,,NO_POSE,UNKNOWN,0,0,0,0,0,0,0,0,1,0,0,0,0,,,,,,,,,,,,0.61362499,1629.65979,0,,,0,2,321.065582,264.974457,38338,DEFAULT,ADAPTIVE,CAR,
1787973283009,2.18010688,335,unnamed,,NO_POSE,UNKNOWN,0,0,0,0,0,0,0,0,1,0,0,0,0,,,,,,,,,,,,0.653792024,1529.53845,0,,,0,2,321.10614,264.974457,38338,DEFAULT,ADAPTIVE,CAR,
1787973283009,2.1808486,336,unnamed,,NO_POSE,UNKNOWN,0,0,0,0,0,0,0,0,1,0,0,0,0,,,,,,,,,,,,0.741624951,1348.39038,0,,,0,2,321.146576,264.974457,38338,DEFAULT,ADAPTIVE,CAR,
1787973283010,2.18154645,337,unnamed,,NO_POSE,UNKNOWN,0,0,0,0,0,0,0,0,1,0,0,0,0,,,,,,,,,,,,0.697916985,1432.83508,0,,,0,2,321.187531,264.974457,38338,DEFAULT,ADAPTIVE,CAR,
1787973283011,2.18213582,338,unnamed,,NO_POSE,UNKNOWN,0,0,0,0,0,0,0,0,1,0,0,0,0,,,,,,,,,,,,0.589250028,1697.07251,0,,,0,2,321.228485,264.974457,38338,DEFAULT,ADAPTIVE,CAR,
1787973283011,2.18273544,339,unnamed,,NO_POSE,UNKNOWN,0,0,0,0,0,0,0,0,1,0,0,0,0,,,,,,,,,,,,0.59979099,1667.24744,0,,,0,2,321.26944,264.974457,38338,DEFAULT,ADAPTIVE,CAR,
1787973283012,2.18334293,340,unnamed,,NO_POSE,UNKNOWN,0,0,0,0,0,0,0,0,1,0,0,0,0,,,,,,,,,,,,0.607459009,1646.20166,0,,,0,2,321.310394,264.974457,38338,DEFAULT,ADAPTIVE,CAR,
1787973283012,2.18394637,341,unnamed,,NO_POSE,UNKNOWN,0,0,0,0,0,0,0,0,1,0,0,0,0,,,,,,,,,,,,0.603457987,1657.11621,0,,,0,2,321.351349,264.974457,38338,DEFAULT,ADAPTIVE,CAR,
1787973283013,2.18452835,342,unnamed,,NO_POSE,UNKNOWN,0,0,0,0,0,0,0,0,1,0,0,0,0,,,,,,,,,,,,0.582000017,1718.21301,0,,,0,2,321.392273,264.974457,38338,DEFAULT,ADAPTIVE,CAR,
1787973283014,2.18513799,343,unnamed,,NO_POSE,UNKNOWN,0,0,0,0,0,0,0,0,1,0,0,0,0,,,,,,,,,,,,0.609458029,1640.80212,0,,,0,2,321.433228,264.974457,38338,DEFAULT,ADAPTIVE,CAR,
1787973283014,2.18573904,344,unnamed,,NO_POSE,UNKNOWN,0,0,0,0,0,0,0,0,1,0,0,0,0,,,,,,,,,,,,0.601083994,1663.66101,0,,,0,2,321.474182,264.974457,38338,DEFAULT,ADAPTIVE,CAR,
1787973283015,2.18633866,345,unnamed,,NO_POSE,UNKNOWN,0,0,0,0,0,0,0,0,1,0,0,0,0,,,,,,,,,,,,0.599665999,1667.59497,0,,,0,2,321.515137,264.974457,38338,DEFAULT,ADAPTIVE,CAR,
1787973283015,2.18683195,346,unnamed,,NO_POSE,UNKNOWN,0,0,0,0,0,0,0,0,1,0,0,0,0,,,,,,,,,,,,0.493334025,2027.02417,0,,,0,2,321.556061,264.974457,38338,DEFAULT,ADAPTIVE,CAR,
1787973283016,2.18743849,347,unnamed,,NO_POSE,UNKNOWN,0,0,0,0,0,0,0,0,1,0,0,0,0,,,,,,,,,,,,0.606458008,1648.91882,0,,,0,2,321.596863,264.974457,38338,DEFAULT,ADAPTIVE,CAR,
1787973283017,2.18809676,348,unnamed,,NO_POSE,UNKNOWN,0,0,0,0,0,0,0,0,1,0,0,0,0,,,,,,,,,,,,0.658333004,1518.98804,0,,,0,2,321.637451,264.974457,38338,DEFAULT,ADAPTIVE,CAR,
1787973283017,2.1888957,349,unnamed,,NO_POSE,UNKNOWN,0,0,0,0,0,0,0,0,1,0,0,0,0,,,,,,,,,,,,0.798999965,1251.56445,0,,,0,2,321.677856,264.974457,38338,DEFAULT,ADAPTIVE,CAR,
1787973283018,2.18975854,350,unnamed,,NO_POSE,UNKNOWN,0,0,0,0,0,0,0,0,1,0,0,0,0,,,,,,,,,,,,0.862708986,1159.1394,0,,,0,2,321.718811,264.974457,38338,DEFAULT,ADAPTIVE,CAR,
1787973283019,2.19045949,351,unnamed,,NO_POSE,UNKNOWN,0,0,0,0,0,0,0,0,1,0,0,0,0,,,,,,,,,,,,0.701083004,1426.36462,0,,,0,2,321.759766,264.974457,38338,DEFAULT,ADAPTIVE,CAR,
1787973283020,2.19114852,352,unnamed,,NO_POSE,UNKNOWN,0,0,0,0,0,0,0,0,1,0,0,0,0,,,,,,,,,,,,0.688916981,1451.55371,0,,,0,2,321.80069,264.974457,38338,DEFAULT,ADAPTIVE,CAR,
1787973283020,2.19173574,353,unnamed,,NO_POSE,UNKNOWN,0,0,0,0,0,0,0,0,1,0,0,0,0,,,,,,,,,,,,0.587166011,1703.09595,0,,,0,2,321.841644,264.974457,38338,DEFAULT,ADAPTIVE,CAR,
1787973283021,2.19234586,354,unnamed,,NO_POSE,UNKNOWN,0,0,0,0,0,0,0,0,1,0,0,0,0,,,,,,,,,,,,0.610083997,1639.11865,0,,,0,2,321.882599,264.974457,38338,DEFAULT,ADAPTIVE,CAR,
1787973283021,2.19293165,355,unnamed,,NO_POSE,UNKNOWN,0,0,0,0,0,0,0,0,1,0,0,0,0,,,,,,,,,,,,0.585915983,1706.72937,0,,,0,2,320.831085,264.974457,38338,DEFAULT,ADAPTIVE,CAR,
1787973283022,2.1935358,356,unnamed,,NO_POSE,UNKNOWN,0,0,0,0,0,0,0,0,1,0,0,0,0,,,,,,,,,,,,0.604250014,1654.94409,0,,,0,2,320.858978,264.974457,38338,DEFAULT,ADAPTIVE,CAR,
1787973283023,2.19414067,357,unnamed,,NO_POSE,UNKNOWN,0,0,0,0,0,0,0,0,1,0,0,0,0,,,,,,,,,,,,0.604791999,1653.46106,0,,,0,2,320.899933,264.974457,38338,DEFAULT,ADAPTIVE,CAR,
1787973283023,2.19473934,358,unnamed,,NO_POSE,UNKNOWN,0,0,0,0,0,0,0,0,1,0,0,0,0,,,,,,,,,,,,0.598707974,1670.26331,0,,,0,2,320.940857,264.974457,38338,DEFAULT,ADAPTIVE,CAR,
1787973283024,2.19522953,359,unnamed,,NO_POSE,UNKNOWN,0,0,0,0,0,0,0,0,1,0,0,0,0,,,,,,,,,,,,0.49000001,2040.81628,0,,,0,2,320.93338,264.974457,38338,DEFAULT,ADAPTIVE,CAR,
1787973283024,2.19583535,360,unnamed,,NO_POSE,UNKNOWN,0,0,0,0,0,0,0,0,1,0,0,0,0,,,,,,,,,,,,0.605958998,1650.27673,0,,,0,2,320.972992,264.974457,38338,DEFAULT,ADAPTIVE,CAR,
1787973283025,2.19663692,361,unnamed,,NO_POSE,UNKNOWN,0,0,0,0,0,0,0,0,1,0,0,0,0,,,,,,,,,,,,0.801458001,1247.72595,0,,,0,2,320.968506,264.974457,38338,DEFAULT,ADAPTIVE,CAR,
1787973283026,2.19733071,362,unnamed,,NO_POSE,UNKNOWN,0,0,0,0,0,0,0,0,1,0,0,0,0,,,,,,,,,,,,0.693875015,1441.18176,0,,,0,2,321.008331,264.974457,38338,DEFAULT,ADAPTIVE,CAR,
1787973283026,2.19793797,363,unnamed,,NO_POSE,UNKNOWN,0,0,0,0,0,0,0,0,1,0,0,0,0,,,,,,,,,,,,0.607250035,1646.76819,0,,,0,2,321.049286,264.974457,38338,DEFAULT,ADAPTIVE,CAR,
1787973283027,2.19854403,364,unnamed,,NO_POSE,UNKNOWN,0,0,0,0,0,0,0,0,1,0,0,0,0,,,,,,,,,,,,0.606083035,1649.93896,0,,,0,2,321.09024,264.974457,38338,DEFAULT,ADAPTIVE,CAR,
1787973283028,2.19913292,365,unnamed,,NO_POSE,UNKNOWN,0,0,0,0,0,0,0,0,1,0,0,0,0,,,,,,,,,,,,0.588917017,1698.0321,0,,,0,2,321.131165,264.974457,38338,DEFAULT,ADAPTIVE,CAR,
1787973283028,2.19975257,366,unnamed,,NO_POSE,UNKNOWN,0,0,0,0,0,0,0,0,1,0,0,0,0,,,,,,,,,,,,0.619666994,1613.77002,0,,,0,2,321.172119,264.974457,38338,DEFAULT,ADAPTIVE,CAR,
1787973283029,2.20034003,367,unnamed,,NO_POSE,UNKNOWN,0,0,0,0,0,0,0,0,1,0,0,0,0,,,,,,,,,,,,0.587458014,1702.24927,0,,,0,2,321.213074,264.974457,38338,DEFAULT,ADAPTIVE,CAR,
1787973283029,2.20094991,368,unnamed,,NO_POSE,UNKNOWN,0,0,0,0,0,0,0,0,1,0,0,0,0,,,,,,,,,,,,0.609708011,1640.12927,0,,,0,2,321.254028,264.974457,38338,DEFAULT,ADAPTIVE,CAR,
1787973283030,2.20163798,369,unnamed,,NO_POSE,UNKNOWN,0,0,0,0,0,0,0,0,1,0,0,0,0,,,,,,,,,,,,0.688250005,1452.96045,0,,,0,2,321.294983,264.974457,38338,DEFAULT,ADAPTIVE,CAR,
1787973283031,2.20224452,370,unnamed,,NO_POSE,UNKNOWN,0,0,0,0,0,0,0,0,1,0,0,0,0,,,,,,,,,,,,0.606417,1649.03027,0,,,0,2,321.335907,264.974457,38338,DEFAULT,ADAPTIVE,CAR,
1787973283031,2.20293713,371,unnamed,,NO_POSE,UNKNOWN,0,0,0,0,0,0,0,0,1,0,0,0,0,,,,,,,,,,,,0.692749977,1443.52222,0,,,0,2,321.376862,264.974457,38338,DEFAULT,ADAPTIVE,CAR,
1787973283032,2.20342827,372,unnamed,,NO_POSE,UNKNOWN,0,0,0,0,0,0,0,0,1,0,0,0,0,,,,,,,,,,,,0.491000026,2036.65979,0,,,0,2,321.417816,264.974457,38338,DEFAULT,ADAPTIVE,CAR,
1787973283032,2.20393181,373,unnamed,,NO_POSE,UNKNOWN,0,0,0,0,0,0,0,0,1,0,0,0,0,,,,,,,,,,,,0.503499985,1986.09729,0,,,0,2,321.458618,264.974457,38338,DEFAULT,ADAPTIVE,CAR,
1787973283033,2.20470715,374,unnamed,,NO_POSE,UNKNOWN,0,0,0,0,0,0,0,0,1,0,0,0,0,,,,,,,,,,,,0.775375009,1289.69849,0,,,0,2,321.499176,264.974457,38338,DEFAULT,ADAPTIVE,CAR,
1787973283034,2.20549011,375,unnamed,,NO_POSE,UNKNOWN,0,0,0,0,0,0,0,0,1,0,0,0,0,,,,,,,,,,,,0.782917023,1277.27454,0,,,0,2,321.539612,264.974457,38338,DEFAULT,ADAPTIVE,CAR,
1787973283035,2.20624804,376,unnamed,,NO_POSE,UNKNOWN,0,0,0,0,0,0,0,0,1,0,0,0,0,,,,,,,,,,,,0.758040965,1319.18994,0,,,0,2,321.580566,264.974457,38338,DEFAULT,ADAPTIVE,CAR,
1787973283035,2.2069633,377,unnamed,,NO_POSE,UNKNOWN,0,0,0,0,0,0,0,0,1,0,0,0,0,,,,,,,,,,,,0.715333998,1397.94836,0,,,0,2,321.621521,264.974457,38338,DEFAULT,ADAPTIVE,CAR,
1787973283036,2.2077508,378,unnamed,,NO_POSE,UNKNOWN,0,0,0,0,0,0,0,0,1,0,0,0,0,,,,,,,,,,,,0.787374973,1270.04297,0,,,0,2,321.662445,264.974457,38338,DEFAULT,ADAPTIVE,CAR,
1787973283037,2.20833731,379,unnamed,,NO_POSE,UNKNOWN,0,0,0,0,0,0,0,0,1,0,0,0,0,,,,,,,,,,,,0.586458027,1705.15186,0,,,0,2,321.7034,264.974457,38338,DEFAULT,ADAPTIVE,CAR,
1787973283037,2.20893574,380,unnamed,,NO_POSE,UNKNOWN,0,0,0,0,0,0,0,0,1,0,0,0,0,,,,,,,,,,,,0.598500013,1670.84375,0,,,0,2,320.553223,264.974457,38338,DEFAULT,ADAPTIVE,CAR,
1787973283038,2.20953727,381,unnamed,,NO_POSE,UNKNOWN,0,0,0,0,0,0,0,0,1,0,0,0,0,,,,,,,,,,,,0.601625025,1662.16492,0,,,0,2,320.594177,264.974457,38338,DEFAULT,ADAPTIVE,CAR,
1787973283039,2.21014881,382,unnamed,,NO_POSE,UNKNOWN,0,0,0,0,0,0,0,0,1,0,0,0,0,,,,,,,,,,,,0.611500025,1635.323,0,,,0,2,320.635132,264.974457,38338,DEFAULT,ADAPTIVE,CAR,
1787973283039,2.21073866,383,unnamed,,NO_POSE,UNKNOWN,0,0,0,0,0,0,0,0,1,0,0,0,0,,,,,,,,,,,,0.589917004,1695.15369,0,,,0,2,320.676056,264.974457,38338,DEFAULT,ADAPTIVE,CAR,
1787973283040,2.21122599,384,unnamed,,NO_POSE,UNKNOWN,0,0,0,0,0,0,0,0,1,0,0,0,0,,,,,,,,,,,,0.487290978,2052.16187,0,,,0,2,320.671021,264.974457,38338,DEFAULT,ADAPTIVE,CAR,
1787973283040,2.21172976,385,unnamed,,NO_POSE,UNKNOWN,0,0,0,0,0,0,0,0,1,0,0,0,0,,,,,,,,,,,,0.503625035,1985.60425,0,,,0,2,320.711121,264.974457,38338,DEFAULT,ADAPTIVE,CAR,
1787973283041,2.21234274,386,unnamed,,NO_POSE,UNKNOWN,0,0,0,0,0,0,0,0,1,0,0,0,0,,,,,,,,,,,,0.613041997,1631.20972,0,,,0,2,320.751923,264.974457,38338,DEFAULT,ADAPTIVE,CAR,
1787973283041,2.21297073,387,unnamed,,NO_POSE,UNKNOWN,0,0,0,0,0,0,0,0,1,0,0,0,0,,,,,,,,,,,,0.628082991,1592.14624,0,,,0,2,320.792511,264.974457,38338,DEFAULT,ADAPTIVE,CAR,
1787973283042,2.21375513,388,unnamed,,NO_POSE,UNKNOWN,0,0,0,0,0,0,0,0,1,0,0,0,0,,,,,,,,,,,,0.784416974,1274.83215,0,,,0,2,320.832916,264.974457,38338,DEFAULT,ADAPTIVE,CAR,
1787973283043,2.21446133,389,unnamed,,NO_POSE,UNKNOWN,0,0,0,0,0,0,0,0,1,0,0,0,0,,,,,,,,,,,,0.706041992,1416.34631,0,,,0,2,320.873871,264.974457,38338,DEFAULT,ADAPTIVE,CAR,
1787973283044,2.2151382,390,unnamed,,NO_POSE,UNKNOWN,0,0,0,0,0,0,0,0,1,0,0,0,0,,,,,,,,,,,,0.676874995,1477.37769,0,,,0,2,320.914825,264.974457,38338,DEFAULT,ADAPTIVE,CAR,
1787973283044,2.21573353,391,unnamed,,NO_POSE,UNKNOWN,0,0,0,0,0,0,0,0,1,0,0,0,0,,,,,,,,,,,,0.595499992,1679.26111,0,,,0,2,320.95575,264.974457,38338,DEFAULT,ADAPTIVE,CAR,
1787973283045,2.21636462,392,unnamed,,NO_POSE,UNKNOWN,0,0,0,0,0,0,0,0,1,0,0,0,0,,,,,,,,,,,,0.630915999,1584.99707,0,,,0,2,320.996704,264.974457,38338,DEFAULT,ADAPTIVE,CAR,
1787973283046,2.21714115,393,unnamed,,NO_POSE,UNKNOWN,0,0,0,0,0,0,0,0,1,0,0,0,0,,,,,,,,,,,,0.776584029,1287.69067,0,,,0,2,321.037659,264.974457,38338,DEFAULT,ADAPTIVE,CAR,
1787973283046,2.21773815,394,unnamed,,NO_POSE,UNKNOWN,0,0,0,0,0,0,0,0,1,0,0,0,0,,,,,,,,,,,,0.597083032,1674.80896,0,,,0,2,321.078613,264.974457,38338,DEFAULT,ADAPTIVE,CAR,
1787973283047,2.21833587,395,unnamed,,NO_POSE,UNKNOWN,0,0,0,0,0,0,0,0,1,0,0,0,0,,,,,,,,,,,,0.597541988,1673.52258,0,,,0,2,321.119568,264.974457,38338,DEFAULT,ADAPTIVE,CAR,
1787973283047,2.21893644,396,unnamed,,NO_POSE,UNKNOWN,0,0,0,0,0,0,0,0,1,0,0,0,0,,,,,,,,,,,,0.600582957,1665.04883,0,,,0,2,321.160492,264.974457,38338,DEFAULT,ADAPTIVE,CAR,
1787973283048,2.21955395,397,unnamed,,NO_POSE,UNKNOWN,0,0,0,0,0,0,0,0,1,0,0,0,0,,,,,,,,,,,,0.617582977,1619.21558,0,,,0,2,321.201447,264.974457,38338,DEFAULT,ADAPTIVE,CAR,
1787973283049,2.22018313,398,unnamed,,NO_POSE,UNKNOWN,0,0,0,0,0,0,0,0,1,0,0,0,0,,,,,,,,,,,,0.62916702,1589.40308,0,,,0,2,321.242401,264.974457,38338,DEFAULT,ADAPTIVE,CAR,
1787973283049,2.22080278,399,unnamed,,NO_POSE,UNKNOWN,0,0,0,0,0,0,0,0,1,0,0,0,0,,,,,,,,,,,,0.619624972,1613.87939,0,,,0,2,321.283203,264.974457,38338,DEFAULT,ADAPTIVE,CAR,
1787973283050,2.2216022,400,unnamed,,NO_POSE,UNKNOWN,0,0,0,0,0,0,0,0,1,0,0,0,0,,,,,,,,,,,,0.799458027,1250.84741,0,,,0,2,321.323761,264.974457,38338,DEFAULT,ADAPTIVE,CAR,
1787973283051,2.22258854,401,unnamed,,NO_POSE,UNKNOWN,0,0,0,0,0,0,0,0,1,0,0,0,0,,,,,,,,,,,,0.986417055,1013.76996,0,,,0,2,321.364746,264.974457,38338,DEFAULT,ADAPTIVE,CAR,
1787973283052,2.22335505,402,unnamed,,NO_POSE,UNKNOWN,0,0,0,0,0,0,0,0,1,0,0,0,0,,,,,,,,,,,,0.766583025,1304.49011,0,,,0,2,321.405121,264.974457,38338,DEFAULT,ADAPTIVE,CAR,
1787973283053,2.2242527,403,unnamed,,NO_POSE,UNKNOWN,0,0,0,0,0,0,0,0,1,0,0,0,0,,,,,,,,,,,,0.897417009,1114.3092,0,,,0,2,321.446075,264.974457,38338,DEFAULT,ADAPTIVE,CAR,
1787973283053,2.22493935,404,unnamed,,NO_POSE,UNKNOWN,0,0,0,0,0,0,0,0,1,0,0,0,0,,,,,,,,,,,,0.686792016,1456.04492,0,,,0,2,321.48703,264.974457,38338,DEFAULT,ADAPTIVE,CAR,
1787973283054,2.22553968,405,unnamed,,NO_POSE,UNKNOWN,0,0,0,0,0,0,0,0,1,0,0,0,0,,,,,,,,,,,,0.600249946,1665.97253,0,,,0,2,321.527954,264.974457,38338,DEFAULT,ADAPTIVE,CAR,
1787973283055,2.2261312,406,unnamed,,NO_POSE,UNKNOWN,0,0,0,0,0,0,0,0,1,0,0,0,0,,,,,,,,,,,,0.591540992,1690.49988,0,,,0,2,321.568909,264.974457,38338,DEFAULT,ADAPTIVE,CAR,
1787973283055,2.2267518,407,unnamed,,NO_POSE,UNKNOWN,0,0,0,0,0,0,0,0,1,0,0,0,0,,,,,,,,,,,,0.620584011,1611.38538,0,,,0,2,321.609863,264.974457,38338,DEFAULT,ADAPTIVE,CAR,
1787973283056,2.22743654,408,unnamed,,NO_POSE,UNKNOWN,0,0,0,0,0,0,0,0,1,0,0,0,0,,,,,,,,,,,,0.68483299,1460.21008,0,,,0,2,321.650818,264.974457,38338,DEFAULT,ADAPTIVE,CAR,
1787973283057,2.22805667,409,unnamed,,NO_POSE,UNKNOWN,0,0,0,0,0,0,0,0,1,0,0,0,0,,,,,,,,,,,,0.620041966,1612.79407,0,,,0,2,321.691895,264.974457,38338,DEFAULT,ADAPTIVE,CAR,
1787973283057,2.22874188,410,unnamed,,NO_POSE,UNKNOWN,0,0,0,0,0,0,0,0,1,0,0,0,0,,,,,,,,,,,,0.685166001,1459.50037,0,,,0,2,320.518982,264.974457,38338,DEFAULT,ADAPTIVE,CAR,
1787973283058,2.22933984,411,unnamed,,NO_POSE,UNKNOWN,0,0,0,0,0,0,0,0,1,0,0,0,0,,,,,,,,,,,,0.597958982,1672.35547,0,,,0,2,320.559906,264.974457,38338,DEFAULT,ADAPTIVE,CAR,
1787973283058,2.23000383,412,unnamed,,NO_POSE,UNKNOWN,0,0,0,0,0,0,0,0,1,0,0,0,0,,,,,,,,,,,,0.664125025,1505.7406,0,,,0,2,320.600494,264.974457,38338,DEFAULT,ADAPTIVE,CAR,
1787973283059,2.2308619,413,unnamed,,NO_POSE,UNKNOWN,0,0,0,0,0,0,0,0,1,0,0,0,0,,,,,,,,,,,,0.857957959,1165.55823,0,,,0,2,320.6409,264.974457,38338,DEFAULT,ADAPTIVE,CAR,
1787973283060,2.23143506,414,unnamed,,NO_POSE,UNKNOWN,0,0,0,0,0,0,0,0,1,0,0,0,0,,,,,,,,,,,,0.573292017,1744.31177,0,,,0,2,320.681854,264.974457,38338,DEFAULT,ADAPTIVE,CAR,
1787973283061,2.23204041,415,unnamed,,NO_POSE,UNKNOWN,0,0,0,0,0,0,0,0,1,0,0,0,0,,,,,,,,,,,,0.605291009,1652.0979,0,,,0,2,320.722809,264.974457,38338,DEFAULT,ADAPTIVE,CAR,
1787973283061,2.23274016,416,unnamed,,NO_POSE,UNKNOWN,0,0,0,0,0,0,0,0,1,0,0,0,0,,,,,,,,,,,,0.699749947,1429.08191,0,,,0,2,320.763763,264.974457,38338,DEFAULT,ADAPTIVE,CAR,
1787973283062,2.23333383,417,unnamed,,NO_POSE,UNKNOWN,0,0,0,0,0,0,0,0,1,0,0,0,0,,,,,,,,,,,,0.593708992,1684.32678,0,,,0,2,320.804688,264.974457,38338,DEFAULT,ADAPTIVE,CAR,
1787973283062,2.2339437,418,unnamed,,NO_POSE,UNKNOWN,0,0,0,0,0,0,0,0,1,0,0,0,0,,,,,,,,,,,,0.609833002,1639.79321,0,,,0,2,320.845642,264.974457,38338,DEFAULT,ADAPTIVE,CAR,
1787973283063,2.23453999,419,unnamed,,NO_POSE,UNKNOWN,0,0,0,0,0,0,0,0,1,0,0,0,0,,,,,,,,,,,,0.596207976,1677.26709,0,,,0,2,320.886597,264.974457,38338,DEFAULT,ADAPTIVE,CAR,
1787973283064,2.23513985,420,unnamed,,NO_POSE,UNKNOWN,0,0,0,0,0,0,0,0,1,0,0,0,0,,,,,,,,,,,,0.599959016,1666.78064,0,,,0,2,320.927551,264.974457,38338,DEFAULT,ADAPTIVE,CAR,
1787973283064,2.2357378,421,unnamed,,NO_POSE,UNKNOWN,0,0,0,0,0,0,0,0,1,0,0,0,0,,,,,,,,,,,,0.597874999,1672.59045,0,,,0,2,320.968475,264.974457,38338,DEFAULT,ADAPTIVE,CAR,
1787973283065,2.2363348,422,unnamed,,NO_POSE,UNKNOWN,0,0,0,0,0,0,0,0,1,0,0,0,0,,,,,,,,,,,,0.597083032,1674.80896,0,,,0,2,321.00943,264.974457,38338,DEFAULT,ADAPTIVE,CAR,
1787973283065,2.23682737,423,unnamed,,NO_POSE,UNKNOWN,0,0,0,0,0,0,0,0,1,0,0,0,0,,,,,,,,,,,,0.492457986,2030.63,0,,,0,2,321.00415,264.974457,38338,DEFAULT,ADAPTIVE,CAR,
1787973283066,2.23736548,424,unnamed,,NO_POSE,UNKNOWN,0,0,0,0,0,0,0,0,1,0,0,0,0,,,,,,,,,,,,0.53808403,1858.4458,0,,,0,2,321.04425,264.974457,38338,DEFAULT,ADAPTIVE,CAR,
1787973283066,2.23803258,425,unnamed,,NO_POSE,UNKNOWN,0,0,0,0,0,0,0,0,1,0,0,0,0,,,,,,,,,,,,0.667165995,1498.87732,0,,,0,2,321.084534,264.974457,38338,DEFAULT,ADAPTIVE,CAR,
1787973283067,2.23877382,426,unnamed,,NO_POSE,UNKNOWN,0,0,0,0,0,0,0,0,1,0,0,0,0,,,,,,,,,,,,0.741334021,1348.91968,0,,,0,2,321.125244,264.974457,38338,DEFAULT,ADAPTIVE,CAR,
1787973283068,2.2395494,427,unnamed,,NO_POSE,UNKNOWN,0,0,0,0,0,0,0,0,1,0,0,0,0,,,,,,,,,,,,0.775541008,1289.42249,0,,,0,2,321.166199,264.974457,38338,DEFAULT,ADAPTIVE,CAR,
1787973283069,2.24028325,428,unnamed,,NO_POSE,UNKNOWN,0,0,0,0,0,0,0,0,1,0,0,0,0,,,,,,,,,,,,0.733916998,1362.55188,0,,,0,2,321.207153,264.974457,38338,DEFAULT,ADAPTIVE,CAR,
1787973283069,2.24095249,429,unnamed,,NO_POSE,UNKNOWN,0,0,0,0,0,0,0,0,1,0,0,0,0,,,,,,,,,,,,0.669041991,1494.67444,0,,,0,2,321.248108,264.974457,38338,DEFAULT,ADAPTIVE,CAR,
1787973283070,2.24155235,430,unnamed,,NO_POSE,UNKNOWN,0,0,0,0,0,0,0,0,1,0,0,0,0,,,,,,,,,,,,0.600041032,1666.55273,0,,,0,2,321.289032,264.974457,38338,DEFAULT,ADAPTIVE,CAR,
1787973283071,2.24224544,431,unnamed,,NO_POSE,UNKNOWN,0,0,0,0,0,0,0,0,1,0,0,0,0,,,,,,,,,,,,0.692916989,1443.17432,0,,,0,2,321.329987,264.974457,38338,DEFAULT,ADAPTIVE,CAR,
1787973283071,2.24293613,432,unnamed,,NO_POSE,UNKNOWN,0,0,0,0,0,0,0,0,1,0,0,0,0,,,,,,,,,,,,0.690874994,1447.43982,0,,,0,2,321.370941,264.974457,38338,DEFAULT,ADAPTIVE,CAR,
1787973283072,2.24354243,433,unnamed,,NO_POSE,UNKNOWN,0,0,0,0,0,0,0,0,1,0,0,0,0,,,,,,,,,,,,0.606250048,1649.4845,0,,,0,2,321.411896,264.974457,38338,DEFAULT,ADAPTIVE,CAR,
1787973283073,2.24413061,434,unnamed,,NO_POSE,UNKNOWN,0,0,0,0,0,0,0,0,1,0,0,0,0,,,,,,,,,,,,0.588083029,1700.44019,0,,,0,2,320.062805,264.974457,38338,DEFAULT,ADAPTIVE,CAR,
1787973283073,2.24473691,435,unnamed,,NO_POSE,UNKNOWN,0,0,0,0,0,0,0,0,1,0,0,0,0,,,,,,,,,,,,0.606374979,1649.14453,0,,,0,2,320.09726,264.974457,38338,DEFAULT,ADAPTIVE,CAR,
1787973283074,2.24533534,436,unnamed,,NO_POSE,UNKNOWN,0,0,0,0,0,0,0,0,1,0,0,0,0,,,,,,,,,,,,0.598374963,1671.19287,0,,,0,2,320.138184,264.974457,38338,DEFAULT,ADAPTIVE,CAR,
1787973283075,2.2460444,437,unnamed,,NO_POSE,UNKNOWN,0,0,0,0,0,0,0,0,1,0,0,0,0,,,,,,,,,,,,0.708999991,1410.43726,0,,,0,2,320.178986,264.974457,38338,DEFAULT,ADAPTIVE,CAR,
1787973283075,2.24669766,438,unnamed,,NO_POSE,UNKNOWN,0,0,0,0,0,0,0,0,1,0,0,0,0,,,,,,,,,,,,0.653417051,1530.41626,0,,,0,2,320.219574,264.974457,38338,DEFAULT,ADAPTIVE,CAR,
1787973283076,2.24744487,439,unnamed,,NO_POSE,UNKNOWN,0,0,0,0,0,0,0,0,1,0,0,0,0,,,,,,,,,,,,0.747083008,1338.53943,0,,,0,2,320.260132,264.974457,38338,DEFAULT,ADAPTIVE,CAR,
1787973283077,2.24815059,440,unnamed,,NO_POSE,UNKNOWN,0,0,0,0,0,0,0,0,1,0,0,0,0,,,,,,,,,,,,0.705874979,1416.6814,0,,,0,2,320.300934,264.974457,38338,DEFAULT,ADAPTIVE,CAR,
1787973283077,2.24884343,441,unnamed,,NO_POSE,UNKNOWN,0,0,0,0,0,0,0,0,1,0,0,0,0,,,,,,,,,,,,0.692749977,1443.52222,0,,,0,2,320.341919,264.974457,38338,DEFAULT,ADAPTIVE,CAR,
1787973283078,2.24945021,442,unnamed,,NO_POSE,UNKNOWN,0,0,0,0,0,0,0,0,1,0,0,0,0,,,,,,,,,,,,0.606709003,1648.23669,0,,,0,2,320.33667,264.974457,38338,DEFAULT,ADAPTIVE,CAR,
1787973283079,2.25014162,443,unnamed,,NO_POSE,UNKNOWN,0,0,0,0,0,0,0,0,1,0,0,0,0,,,,,,,,,,,,0.691541016,1446.0459,0,,,0,2,320.377014,264.974457,38338,DEFAULT,ADAPTIVE,CAR,
1787973283079,2.2507391,444,unnamed,,NO_POSE,UNKNOWN,0,0,0,0,0,0,0,0,1,0,0,0,0,,,,,,,,,,,,0.597334027,1674.10522,0,,,0,2,320.417938,264.974457,38338,DEFAULT,ADAPTIVE,CAR,
1787973283080,2.25135803,445,unnamed,,NO_POSE,UNKNOWN,0,0,0,0,0,0,0,0,1,0,0,0,0,,,,,,,,,,,,0.618957996,1615.61853,0,,,0,2,320.458893,264.974457,38338,DEFAULT,ADAPTIVE,CAR,
1787973283080,2.25193071,446,unnamed,,NO_POSE,UNKNOWN,0,0,0,0,0,0,0,0,1,0,0,0,0,,,,,,,,,,,,0.572708011,1746.09045,0,,,0,2,320.499847,264.974457,38338,DEFAULT,ADAPTIVE,CAR,
1787973283081,2.2525394,447,unnamed,,NO_POSE,UNKNOWN,0,0,0,0,0,0,0,0,1,0,0,0,0,,,,,,,,,,,,0.608624995,1643.04785,0,,,0,2,320.540802,264.974457,38338,DEFAULT,ADAPTIVE,CAR,
1787973283082,2.2531445,448,unnamed,,NO_POSE,UNKNOWN,0,0,0,0,0,0,0,0,1,0,0,0,0,,,,,,,,,,,,0.605167031,1652.4364,0,,,0,2,320.581726,264.974457,38338,DEFAULT,ADAPTIVE,CAR,
1787973283082,2.25375199,449,unnamed,,NO_POSE,UNKNOWN,0,0,0,0,0,0,0,0,1,0,0,0,0,,,,,,,,,,,,0.607582986,1645.86572,0,,,0,2,320.622528,264.974457,38338,DEFAULT,ADAPTIVE,CAR,
1787973283083,2.25433755,450,unnamed,,NO_POSE,UNKNOWN,0,0,0,0,0,0,0,0,1,0,0,0,0,,,,,,,,,,,,0.585584044,1707.6969,0,,,0,2,320.663483,264.974457,38338,DEFAULT,ADAPTIVE,CAR,
1787973283083,2.25500727,451,unnamed,,NO_POSE,UNKNOWN,0,0,0,0,0,0,0,0,1,0,0,0,0,,,,,,,,,,,,0.669749975,1493.09448,0,,,0,2,320.704071,264.974457,38338,DEFAULT,ADAPTIVE,CAR,
1787973283084,2.25585961,452,unnamed,,NO_POSE,UNKNOWN,0,0,0,0,0,0,0,0,1,0,0,0,0,,,,,,,,,,,,0.852208018,1173.42249,0,,,0,2,320.744476,264.974457,38338,DEFAULT,ADAPTIVE,CAR,
1787973283085,2.25653911,453,unnamed,,NO_POSE,UNKNOWN,0,0,0,0,0,0,0,0,1,0,0,0,0,,,,,,,,,,,,0.679499984,1471.67041,0,,,0,2,320.785431,264.974457,38338,DEFAULT,ADAPTIVE,CAR,
1787973283086,2.25735044,454,unnamed,,NO_POSE,UNKNOWN,0,0,0,0,0,0,0,0,1,0,0,0,0,,,,,,,,,,,,0.811457992,1232.34973,0,,,0,2,320.826355,264.974457,38338,DEFAULT,ADAPTIVE,CAR,
1787973283086,2.25792408,455,unnamed,,NO_POSE,UNKNOWN,0,0,0,0,0,0,0,0,1,0,0,0,0,,,,,,,,,,,,0.573541999,1743.55139,0,,,0,2,320.86731,264.974457,38338,DEFAULT,ADAPTIVE,CAR,
1787973283087,2.25855279,456,unnamed,,NO_POSE,UNKNOWN,0,0,0,0,0,0,0,0,1,0,0,0,0,,,,,,,,,,,,0.628624976,1590.77356,0,,,0,2,320.908264,264.974457,38338,DEFAULT,ADAPTIVE,CAR,
1787973283088,2.25923944,457,unnamed,,NO_POSE,UNKNOWN,0,0,0,0,0,0,0,0,1,0,0,0,0,,,,,,,,,,,,0.686708033,1456.22302,0,,,0,2,320.949219,264.974457,38338,DEFAULT,ADAPTIVE,CAR,
1787973283088,2.25984311,458,unnamed,,NO_POSE,UNKNOWN,0,0,0,0,0,0,0,0,1,0,0,0,0,,,,,,,,,,,,0.603583992,1656.77026,0,,,0,2,319.848511,264.974457,38338,DEFAULT,ADAPTIVE,CAR,
1787973283089,2.26043248,459,unnamed,,NO_POSE,UNKNOWN,0,0,0,0,0,0,0,0,1,0,0,0,0,,,,,,,,,,,,0.589416027,1696.5946,0,,,0,2,319.886169,264.974457,38338,DEFAULT,ADAPTIVE,CAR,
1787973283089,2.26093197,460,unnamed,,NO_POSE,UNKNOWN,0,0,0,0,0,0,0,0,1,0,0,0,0,,,,,,,,,,,,0.499500006,2002.00195,0,,,0,2,319.927155,264.974457,38338,DEFAULT,ADAPTIVE,CAR,
1787973283090,2.26155543,461,unnamed,,NO_POSE,UNKNOWN,0,0,0,0,0,0,0,0,1,0,0,0,0,,,,,,,,,,,,0.623542011,1603.74121,0,,,0,2,319.968109,264.974457,38338,DEFAULT,ADAPTIVE,CAR,
1787973283091,2.26213646,462,unnamed,,NO_POSE,UNKNOWN,0,0,0,0,0,0,0,0,1,0,0,0,0,,,,,,,,,,,,0.58099997,1721.17041,0,,,0,2,320.008881,264.974457,38338,DEFAULT,ADAPTIVE,CAR,
1787973283091,2.26273847,463,unnamed,,NO_POSE,UNKNOWN,0,0,0,0,0,0,0,0,1,0,0,0,0,,,,,,,,,,,,0.601916969,1661.35864,0,,,0,2,320.049835,264.974457,38338,DEFAULT,ADAPTIVE,CAR,
1787973283092,2.26334715,464,unnamed,,NO_POSE,UNKNOWN,0,0,0,0,0,0,0,0,1,0,0,0,0,,,,,,,,,,,,0.608666003,1642.93726,0,,,0,2,320.090546,264.974457,38338,DEFAULT,ADAPTIVE,CAR,
1787973283093,2.26404929,465,unnamed,,NO_POSE,UNKNOWN,0,0,0,0,0,0,0,0,1,0,0,0,0,,,,,,,,,,,,0.702333987,1423.82397,0,,,0,2,320.130829,264.974457,38338,DEFAULT,ADAPTIVE,CAR,
1787973283093,2.26474023,466,unnamed,,NO_POSE,UNKNOWN,0,0,0,0,0,0,0,0,1,0,0,0,0,,,,,,,,,,,,0.690791011,1447.61584,0,,,0,2,320.171783,264.974457,38338,DEFAULT,ADAPTIVE,CAR,
1787973283094,2.26534629,467,unnamed,,NO_POSE,UNKNOWN,0,0,0,0,0,0,0,0,1,0,0,0,0,,,,,,,,,,,,0.606124997,1649.82471,0,,,0,2,320.212738,264.974457,38338,DEFAULT,ADAPTIVE,CAR,
1787973283094,2.26593328,468,unnamed,,NO_POSE,UNKNOWN,0,0,0,0,0,0,0,0,1,0,0,0,0,,,,,,,,,,,,0.587083995,1703.33386,0,,,0,2,320.253662,264.974457,38338,DEFAULT,ADAPTIVE,CAR,
1787973283095,2.26655006,469,unnamed,,NO_POSE,UNKNOWN,0,0,0,0,0,0,0,0,1,0,0,0,0,,,,,,,,,,,,0.616625011,1621.7312,0,,,0,2,320.294617,264.974457,38338,DEFAULT,ADAPTIVE,CAR,
1787973283096,2.26713324,470,unnamed,,NO_POSE,UNKNOWN,0,0,0,0,0,0,0,0,1,0,0,0,0,,,,,,,,,,,,0.583250046,1714.53064,0,,,0,2,320.335693,264.974457,38338,DEFAULT,ADAPTIVE,CAR,
1787973283096,2.26762462,471,unnamed,,NO_POSE,UNKNOWN,0,0,0,0,0,0,0,0,1,0,0,0,0,,,,,,,,,,,,0.491416037,2034.93567,0,,,0,2,320.376526,264.974457,38338,DEFAULT,ADAPTIVE,CAR,
1787973283097,2.26813698,472,unnamed,,NO_POSE,UNKNOWN,0,0,0,0,0,0,0,0,1,0,0,0,0,,,,,,,,,,,,0.512208998,1952.328,0,,,0,2,320.41745,264.974457,38338,DEFAULT,ADAPTIVE,CAR,
1787973283097,2.26874495,473,unnamed,,NO_POSE,UNKNOWN,0,0,0,0,0,0,0,0,1,0,0,0,0,,,,,,,,,,,,0.60808295,1644.51245,0,,,0,2,320.458405,264.974457,38338,DEFAULT,ADAPTIVE,CAR,
1787973283098,2.26933122,474,unnamed,,NO_POSE,UNKNOWN,0,0,0,0,0,0,0,0,1,0,0,0,0,,,,,,,,,,,,0.586292028,1705.63477,0,,,0,2,320.499359,264.974457,38338,DEFAULT,ADAPTIVE,CAR,
1787973283098,2.26993775,475,unnamed,,NO_POSE,UNKNOWN,0,0,0,0,0,0,0,0,1,0,0,0,0,,,,,,,,,,,,0.606458008,1648.91882,0,,,0,2,320.540314,264.974457,38338,DEFAULT,ADAPTIVE,CAR,
1787973283099,2.27043557,476,unnamed,,NO_POSE,UNKNOWN,0,0,0,0,0,0,0,0,1,0,0,0,0,,,,,,,,,,,,0.497750014,2009.04065,0,,,0,2,320.535095,264.974457,38338,DEFAULT,ADAPTIVE,CAR,
1787973283100,2.27104163,477,unnamed,,NO_POSE,UNKNOWN,0,0,0,0,0,0,0,0,1,0,0,0,0,,,,,,,,,,,,0.606124997,1649.82471,0,,,0,2,320.575226,264.974457,38338,DEFAULT,ADAPTIVE,CAR,
1787973283100,2.27166462,478,unnamed,,NO_POSE,UNKNOWN,0,0,0,0,0,0,0,0,1,0,0,0,0,,,,,,,,,,,,0.623000026,1605.13635,0,,,0,2,320.56958,264.974457,38338,DEFAULT,ADAPTIVE,CAR,
1787973283101,2.27234769,479,unnamed,,NO_POSE,UNKNOWN,0,0,0,0,0,0,0,0,1,0,0,0,0,,,,,,,,,,,,0.683000028,1464.12878,0,,,0,2,320.609406,264.974457,38338,DEFAULT,ADAPTIVE,CAR,
1787973283102,2.27305698,480,unnamed,,NO_POSE,UNKNOWN,0,0,0,0,0,0,0,0,1,0,0,0,0,,,,,,,,,,,,0.709291995,1409.85657,0,,,0,2,320.65033,264.974457,38338,DEFAULT,ADAPTIVE,CAR,
1787973283103,2.27415061,481,unnamed,,NO_POSE,UNKNOWN,0,0,0,0,0,0,0,0,1,0,0,0,0,,,,,,,,,,,,1.09383297,914.216309,0,,,0,2,320.692474,264.974457,38338,DEFAULT,ADAPTIVE,CAR,
1787973283103,2.27473164,482,unnamed,,NO_POSE,UNKNOWN,0,0,0,0,0,0,0,0,1,0,0,0,0,,,,,,,,,,,,0.580833018,1721.66528,0,,,0,2,320.733429,264.974457,38338,DEFAULT,ADAPTIVE,CAR,
1787973283104,2.27534389,483,unnamed,,NO_POSE,UNKNOWN,0,0,0,0,0,0,0,0,1,0,0,0,0,,,,,,,,,,,,0.612374961,1632.98633,0,,,0,2,319.583221,264.974457,38338,DEFAULT,ADAPTIVE,CAR,
1787973283104,2.27603698,484,unnamed,,NO_POSE,UNKNOWN,0,0,0,0,0,0,0,0,1,0,0,0,0,,,,,,,,,,,,0.69312501,1442.74121,0,,,0,2,319.624207,264.974457,38338,DEFAULT,ADAPTIVE,CAR,
1787973283105,2.27664137,485,unnamed,,NO_POSE,UNKNOWN,0,0,0,0,0,0,0,0,1,0,0,0,0,,,,,,,,,,,,0.604374945,1654.60193,0,,,0,2,319.665131,264.974457,38338,DEFAULT,ADAPTIVE,CAR,
1787973283106,2.27723193,486,unnamed,,NO_POSE,UNKNOWN,0,0,0,0,0,0,0,0,1,0,0,0,0,,,,,,,,,,,,0.590417027,1693.71814,0,,,0,2,319.706085,264.974457,38338,DEFAULT,ADAPTIVE,CAR,
1787973283106,2.2777245,487,unnamed,,NO_POSE,UNKNOWN,0,0,0,0,0,0,0,0,1,0,0,0,0,,,,,,,,,,,,0.492624998,2029.94165,0,,,0,2,319.74704,264.974457,38338,DEFAULT,ADAPTIVE,CAR,
1787973283107,2.27823377,488,unnamed,,NO_POSE,UNKNOWN,0,0,0,0,0,0,0,0,1,0,0,0,0,,,,,,,,,,,,0.509332955,1963.35217,0,,,0,2,319.787964,264.974457,38338,DEFAULT,ADAPTIVE,CAR,
1787973283107,2.27883506,489,unnamed,,NO_POSE,UNKNOWN,0,0,0,0,0,0,0,0,1,0,0,0,0,,,,,,,,,,,,0.601249993,1663.20166,0,,,0,2,319.828766,264.974457,38338,DEFAULT,ADAPTIVE,CAR,
1787973283108,2.27945542,490,unnamed,,NO_POSE,UNKNOWN,0,0,0,0,0,0,0,0,1,0,0,0,0,,,,,,,,,,,,0.620500028,1611.60352,0,,,0,2,319.86972,264.974457,38338,DEFAULT,ADAPTIVE,CAR,
1787973283109,2.28028584,491,unnamed,,NO_POSE,UNKNOWN,0,0,0,0,0,0,0,0,1,0,0,0,0,,,,,,,,,,,,0.830249965,1204.45654,0,,,0,2,319.910309,264.974457,38338,DEFAULT,ADAPTIVE,CAR,
1787973283110,2.2811501,492,unnamed,,NO_POSE,UNKNOWN,0,0,0,0,0,0,0,0,1,0,0,0,0,,,,,,,,,,,,0.864417017,1156.84912,0,,,0,2,319.950714,264.974457,38338,DEFAULT,ADAPTIVE,CAR,
1787973283110,2.28185415,493,unnamed,,NO_POSE,UNKNOWN,0,0,0,0,0,0,0,0,1,0,0,0,0,,,,,,,,,,,,0.703917027,1420.62207,0,,,0,2,319.991669,264.974457,38338,DEFAULT,ADAPTIVE,CAR,
1787973283111,2.28243423,494,unnamed,,NO_POSE,UNKNOWN,0,0,0,0,0,0,0,0,1,0,0,0,0,,,,,,,,,,,,0.579999983,1724.13794,0,,,0,2,320.032623,264.974457,38338,DEFAULT,ADAPTIVE,CAR,
1787973283111,2.28303576,495,unnamed,,NO_POSE,UNKNOWN,0,0,0,0,0,0,0,0,1,0,0,0,0,,,,,,,,,,,,0.601707995,1661.93567,0,,,0,2,320.073578,264.974457,38338,DEFAULT,ADAPTIVE,CAR,
1787973283112,2.28353071,496,unnamed,,NO_POSE,UNKNOWN,0,0,0,0,0,0,0,0,1,0,0,0,0,,,,,,,,,,,,0.494792014,2021.05127,0,,,0,2,320.114502,264.974457,38338,DEFAULT,ADAPTIVE,CAR,
1787973283113,2.28413892,497,unnamed,,NO_POSE,UNKNOWN,0,0,0,0,0,0,0,0,1,0,0,0,0,,,,,,,,,,,,0.60829103,1643.94995,0,,,0,2,320.155457,264.974457,38338,DEFAULT,ADAPTIVE,CAR,
1787973283113,2.2847352,498,unnamed,,NO_POSE,UNKNOWN,0,0,0,0,0,0,0,0,1,0,0,0,0,,,,,,,,,,,,0.596374989,1676.79736,0,,,0,2,320.196411,264.974457,38338,DEFAULT,ADAPTIVE,CAR,
1787973283114,2.28533673,499,unnamed,,NO_POSE,UNKNOWN,0,0,0,0,0,0,0,0,1,0,0,0,0,,,,,,,,,,,,0.601499975,1662.5105,0,,,0,2,320.237366,264.974457,38338,DEFAULT,ADAPTIVE,CAR,
1787973283114,2.28593993,500,unnamed,,NO_POSE,UNKNOWN,0,0,0,0,0,0,0,0,1,0,0,0,0,,,,,,,,,,,,0.603042006,1658.25928,0,,,0,2,320.27832,264.974457,38338,DEFAULT,ADAPTIVE,CAR,
1787973283115,2.28653765,501,unnamed,,NO_POSE,UNKNOWN,0,0,0,0,0,0,0,0,1,0,0,0,0,,,,,,,,,,,,0.597707987,1673.05774,0,,,0,2,320.319244,264.974457,38338,DEFAULT,ADAPTIVE,CAR,
1787973283116,2.28703785,502,unnamed,,NO_POSE,UNKNOWN,0,0,0,0,0,0,0,0,1,0,0,0,0,,,,,,,,,,,,0.500292003,1998.83276,0,,,0,2,320.360199,264.974457,38338,DEFAULT,ADAPTIVE,CAR,
1787973283116,2.28763628,503,unnamed,,NO_POSE,UNKNOWN,0,0,0,0,0,0,0,0,1,0,0,0,0,,,,,,,,,,,,0.598416984,1671.07544,0,,,0,2,320.401001,264.974457,38338,DEFAULT,ADAPTIVE,CAR,
1787973283117,2.28826618,504,unnamed,,NO_POSE,UNKNOWN,0,0,0,0,0,0,0,0,1,0,0,0,0,,,,,,,,,,,,0.629833043,1587.72241,0,,,0,2,320.441589,264.974457,38338,DEFAULT,ADAPTIVE,CAR,
1787973283118,2.2891686,505,unnamed,,NO_POSE,UNKNOWN,0,0,0,0,0,0,0,0,1,0,0,0,0,,,,,,,,,,,,0.902457952,1108.08484,0,,,0,2,320.481995,264.974457,38338,DEFAULT,ADAPTIVE,CAR,
1787973283118,2.28996515,506,unnamed,,NO_POSE,UNKNOWN,0,0,0,0,0,0,0,0,1,0,0,0,0,,,,,,,,,,,,0.79666698,1255.22961,0,,,0,2,320.522949,264.974457,38338,DEFAULT,ADAPTIVE,CAR,
1787973283119,2.29073882,507,unnamed,,NO_POSE,UNKNOWN,0,0,0,0,0,0,0,0,1,0,0,0,0,,,,,,,,,,,,0.773582995,1292.68604,0,,,0,2,320.563873,264.974457,38338,DEFAULT,ADAPTIVE,CAR,
1787973283120,2.2913475,508,unnamed,,NO_POSE,UNKNOWN,0,0,0,0,0,0,0,0,1,0,0,0,0,,,,,,,,,,,,0.608708978,1642.82117,0,,,0,2,320.604828,264.974457,38338,DEFAULT,ADAPTIVE,CAR,
1787973283121,2.29205012,509,unnamed,,NO_POSE,UNKNOWN,0,0,0,0,0,0,0,0,1,0,0,0,0,,,,,,,,,,,,0.702625036,1423.23425,0,,,0,2,320.645782,264.974457,38338,DEFAULT,ADAPTIVE,CAR,
1787973283121,2.29264426,510,unnamed,,NO_POSE,UNKNOWN,0,0,0,0,0,0,0,0,1,0,0,0,0,,,,,,,,,,,,0.594208002,1682.91235,0,,,0,2,320.686707,264.974457,38338,DEFAULT,ADAPTIVE,CAR,
1787973283122,2.29333353,511,unnamed,,NO_POSE,UNKNOWN,0,0,0,0,0,0,0,0,1,0,0,0,0,,,,,,,,,,,,0.689167023,1451.0271,0,,,0,2,320.727661,264.974457,38338,DEFAULT,ADAPTIVE,CAR,
1787973283122,2.29394007,512,unnamed,,NO_POSE,UNKNOWN,0,0,0,0,0,0,0,0,1,0,0,0,0,,,,,,,,,,,,0.606458008,1648.91882,0,,,0,2,320.768616,264.974457,38338,DEFAULT,ADAPTIVE,CAR,
1787973283123,2.29442501,513,unnamed,,NO_POSE,UNKNOWN,0,0,0,0,0,0,0,0,1,0,0,0,0,,,,,,,,,,,,0.484999985,2061.85571,0,,,0,2,320.761108,264.974457,38338,DEFAULT,ADAPTIVE,CAR,
1787973283123,2.29493737,514,unnamed,,NO_POSE,UNKNOWN,0,0,0,0,0,0,0,0,1,0,0,0,0,,,,,,,,,,,,0.512457967,1951.37952,0,,,0,2,319.659119,264.974457,38338,DEFAULT,ADAPTIVE,CAR,
1787973283124,2.29564881,515,unnamed,,NO_POSE,UNKNOWN,0,0,0,0,0,0,0,0,1,0,0,0,0,,,,,,,,,,,,0.711292028,1405.89233,0,,,0,2,319.693207,264.974457,38338,DEFAULT,ADAPTIVE,CAR,
1787973283125,2.29630542,516,unnamed,,NO_POSE,UNKNOWN,0,0,0,0,0,0,0,0,1,0,0,0,0,,,,,,,,,,,,0.656708002,1522.7467,0,,,0,2,319.733795,264.974457,38338,DEFAULT,ADAPTIVE,CAR,
1787973283126,2.29711151,517,unnamed,,NO_POSE,UNKNOWN,0,0,0,0,0,0,0,0,1,0,0,0,0,,,,,,,,,,,,0.806208968,1240.37317,0,,,0,2,319.774231,264.974457,38338,DEFAULT,ADAPTIVE,CAR,
1787973283126,2.29773593,518,unnamed,,NO_POSE,UNKNOWN,0,0,0,0,0,0,0,0,1,0,0,0,0,,,,,,,,,,,,0.624415994,1601.49646,0,,,0,2,319.815186,264.974457,38338,DEFAULT,ADAPTIVE,CAR,
1787973283127,2.29834247,519,unnamed,,NO_POSE,UNKNOWN,0,0,0,0,0,0,0,0,1,0,0,0,0,,,,,,,,,,,,0.606458962,1648.91614,0,,,0,2,319.85611,264.974457,38338,DEFAULT,ADAPTIVE,CAR,
1787973283127,2.29882813,520,unnamed,,NO_POSE,UNKNOWN,0,0,0,0,0,0,0,0,1,0,0,0,0,,,,,,,,,,,,0.485541016,2059.55835,0,,,0,2,319.848999,264.974457,38338,DEFAULT,ADAPTIVE,CAR,
1787973283128,2.29933453,521,unnamed,,NO_POSE,UNKNOWN,0,0,0,0,0,0,0,0,1,0,0,0,0,,,,,,,,,,,,0.506458998,1974.49353,0,,,0,2,319.888977,264.974457,38338,DEFAULT,ADAPTIVE,CAR,
1787973283128,2.29993916,522,unnamed,,NO_POSE,UNKNOWN,0,0,0,0,0,0,0,0,1,0,0,0,0,,,,,,,,,,,,0.604541004,1654.14758,0,,,0,2,319.929321,264.974457,38338,DEFAULT,ADAPTIVE,CAR,
1787973283129,2.30054426,523,unnamed,,NO_POSE,UNKNOWN,0,0,0,0,0,0,0,0,1,0,0,0,0,,,,,,,,,,,,0.60512495,1652.55115,0,,,0,2,319.970276,264.974457,38338,DEFAULT,ADAPTIVE,CAR,
1787973283130,2.30113363,524,unnamed,,NO_POSE,UNKNOWN,0,0,0,0,0,0,0,0,1,0,0,0,0,,,,,,,,,,,,0.589374959,1696.71265,0,,,0,2,320.01123,264.974457,38338,DEFAULT,ADAPTIVE,CAR,
1787973283130,2.30174422,525,unnamed,,NO_POSE,UNKNOWN,0,0,0,0,0,0,0,0,1,0,0,0,0,,,,,,,,,,,,0.610792041,1637.21851,0,,,0,2,320.052185,264.974457,38338,DEFAULT,ADAPTIVE,CAR,
1787973283131,2.30234623,526,unnamed,,NO_POSE,UNKNOWN,0,0,0,0,0,0,0,0,1,0,0,0,0,,,,,,,,,,,,0.601916969,1661.35864,0,,,0,2,320.093109,264.974457,38338,DEFAULT,ADAPTIVE,CAR,
1787973283131,2.30282354,527,unnamed,,NO_POSE,UNKNOWN,0,0,0,0,0,0,0,0,1,0,0,0,0,,,,,,,,,,,,0.477333009,2094.97363,0,,,0,2,320.088013,264.974457,38338,DEFAULT,ADAPTIVE,CAR,
1787973283132,2.30335259,528,unnamed,,NO_POSE,UNKNOWN,0,0,0,0,0,0,0,0,1,0,0,0,0,,,,,,,,,,,,0.528999984,1890.35913,0,,,0,2,320.128174,264.974457,38338,DEFAULT,ADAPTIVE,CAR,
1787973283133,2.30404854,529,unnamed,,NO_POSE,UNKNOWN,0,0,0,0,0,0,0,0,1,0,0,0,0,,,,,,,,,,,,0.695957959,1436.86841,0,,,0,2,320.168976,264.974457,38338,DEFAULT,ADAPTIVE,CAR,
1787973283133,2.30470204,530,unnamed,,NO_POSE,UNKNOWN,0,0,0,0,0,0,0,0,1,0,0,0,0,,,,,,,,,,,,0.653584003,1530.02515,0,,,0,2,320.209686,264.974457,38338,DEFAULT,ADAPTIVE,CAR,
1787973283134,2.30546331,531,unnamed,,NO_POSE,UNKNOWN,0,0,0,0,0,0,0,0,1,0,0,0,0,,,,,,,,,,,,0.761249959,1313.62891,0,,,0,2,320.249969,264.974457,38338,DEFAULT,ADAPTIVE,CAR,
1787973283135,2.30614591,532,unnamed,,NO_POSE,UNKNOWN,0,0,0,0,0,0,0,0,1,0,0,0,0,,,,,,,,,,,,0.682416022,1465.38171,0,,,0,2,320.290924,264.974457,38338,DEFAULT,ADAPTIVE,CAR,
1787973283135,2.30673742,533,unnamed,,NO_POSE,UNKNOWN,0,0,0,0,0,0,0,0,1,0,0,0,0,,,,,,,,,,,,0.591708958,1690.02002,0,,,0,2,320.331879,264.974457,38338,DEFAULT,ADAPTIVE,CAR,
1787973283136,2.30734372,534,unnamed,,NO_POSE,UNKNOWN,0,0,0,0,0,0,0,0,1,0,0,0,0,,,,,,,,,,,,0.606207967,1649.59888,0,,,0,2,320.372803,264.974457,38338,DEFAULT,ADAPTIVE,CAR,
1787973283136,2.30803561,535,unnamed,,NO_POSE,UNKNOWN,0,0,0,0,0,0,0,0,1,0,0,0,0,,,,,,,,,,,,0.691917002,1445.26001,0,,,0,2,320.413757,264.974457,38338,DEFAULT,ADAPTIVE,CAR,
1787973283137,2.30865335,536,unnamed,,NO_POSE,UNKNOWN,0,0,0,0,0,0,0,0,1,0,0,0,0,,,,,,,,,,,,0.617833018,1618.56042,0,,,0,2,320.454712,264.974457,38338,DEFAULT,ADAPTIVE,CAR,
1787973283138,2.30933952,537,unnamed,,NO_POSE,UNKNOWN,0,0,0,0,0,0,0,0,1,0,0,0,0,,,,,,,,,,,,0.68599999,1457.72595,0,,,0,2,320.495667,264.974457,38338,DEFAULT,ADAPTIVE,CAR,
1787973283138,2.30993271,538,unnamed,,NO_POSE,UNKNOWN,0,0,0,0,0,0,0,0,1,0,0,0,0,,,,,,,,,,,,0.593166947,1685.86597,0,,,0,2,320.536621,264.974457,38338,DEFAULT,ADAPTIVE,CAR,
1787973283139,2.31053972,539,unnamed,,NO_POSE,UNKNOWN,0,0,0,0,0,0,0,0,1,0,0,0,0,,,,,,,,,,,,0.607165992,1646.99609,0,,,0,2,319.138153,264.974457,38338,DEFAULT,ADAPTIVE,CAR,
1787973283140,2.31113124,540,unnamed,,NO_POSE,UNKNOWN,0,0,0,0,0,0,0,0,1,0,0,0,0,,,,,,,,,,,,0.591500044,1690.61707,0,,,0,2,319.175842,264.974457,38338,DEFAULT,ADAPTIVE,CAR,
1787973283140,2.31173515,541,unnamed,,NO_POSE,UNKNOWN,0,0,0,0,0,0,0,0,1,0,0,0,0,,,,,,,,,,,,0.603959024,1655.74146,0,,,0,2,319.216797,264.974457,38338,DEFAULT,ADAPTIVE,CAR,
1787973283141,2.31235719,542,unnamed,,NO_POSE,UNKNOWN,0,0,0,0,0,0,0,0,1,0,0,0,0,,,,,,,,,,,,0.622040987,1607.61108,0,,,0,2,319.257568,264.974457,38338,DEFAULT,ADAPTIVE,CAR,
1787973283142,2.31304669,543,unnamed,,NO_POSE,UNKNOWN,0,0,0,0,0,0,0,0,1,0,0,0,0,,,,,,,,,,,,0.689417005,1450.50085,0,,,0,2,319.298157,264.974457,38338,DEFAULT,ADAPTIVE,CAR,
1787973283142,2.31377745,544,unnamed,,NO_POSE,UNKNOWN,0,0,0,0,0,0,0,0,1,0,0,0,0,,,,,,,,,,,,0.730749965,1368.45715,0,,,0,2,319.338562,264.974457,38338,DEFAULT,ADAPTIVE,CAR,
1787973283143,2.31444192,545,unnamed,,NO_POSE,UNKNOWN,0,0,0,0,0,0,0,0,1,0,0,0,0,,,,,,,,,,,,0.664542019,1504.79578,0,,,0,2,319.379517,264.974457,38338,DEFAULT,ADAPTIVE,CAR,
1787973283144,2.31504297,546,unnamed,,NO_POSE,UNKNOWN,0,0,0,0,0,0,0,0,1,0,0,0,0,,,,,,,,,,,,0.600999951,1663.89355,0,,,0,2,319.420471,264.974457,38338,DEFAULT,ADAPTIVE,CAR,
1787973283144,2.31563592,547,unnamed,,NO_POSE,UNKNOWN,0,0,0,0,0,0,0,0,1,0,0,0,0,,,,,,,,,,,,0.592875004,1686.69617,0,,,0,2,319.461426,264.974457,38338,DEFAULT,ADAPTIVE,CAR,
1787973283145,2.31623936,548,unnamed,,NO_POSE,UNKNOWN,0,0,0,0,0,0,0,0,1,0,0,0,0,,,,,,,,,,,,0.603582978,1656.77295,0,,,0,2,319.50235,264.974457,38338,DEFAULT,ADAPTIVE,CAR,
1787973283145,2.31684017,549,unnamed,,NO_POSE,UNKNOWN,0,0,0,0,0,0,0,0,1,0,0,0,0,,,,,,,,,,,,0.600832999,1664.35608,0,,,0,2,319.49649,264.974457,38338,DEFAULT,ADAPTIVE,CAR,
1787973283146,2.31743836,550,unnamed,,NO_POSE,UNKNOWN,0,0,0,0,0,0,0,0,1,0,0,0,0,,,,,,,,,,,,0.59799999,1672.24072,0,,,0,2,319.537415,264.974457,38338,DEFAULT,ADAPTIVE,CAR,
1787973283146,2.31803751,551,unnamed,,NO_POSE,UNKNOWN,0,0,0,0,0,0,0,0,1,0,0,0,0,,,,,,,,,,,,0.599334002,1668.51868,0,,,0,2,319.578369,264.974457,38338,DEFAULT,ADAPTIVE,CAR,
1787973283147,2.31864405,552,unnamed,,NO_POSE,UNKNOWN,0,0,0,0,0,0,0,0,1,0,0,0,0,,,,,,,,,,,,0.606374979,1649.14453,0,,,0,2,319.619324,264.974457,38338,DEFAULT,ADAPTIVE,CAR,
1787973283148,2.31912732,553,unnamed,,NO_POSE,UNKNOWN,0,0,0,0,0,0,0,0,1,0,0,0,0,,,,,,,,,,,,0.483291,2069.14673,0,,,0,2,319.614014,264.974457,38338,DEFAULT,ADAPTIVE,CAR,
1787973283148,2.31962729,554,unnamed,,NO_POSE,UNKNOWN,0,0,0,0,0,0,0,0,1,0,0,0,0,,,,,,,,,,,,0.500084043,1999.66394,0,,,0,2,319.654388,264.974457,38338,DEFAULT,ADAPTIVE,CAR,
1787973283149,2.32013559,555,unnamed,,NO_POSE,UNKNOWN,0,0,0,0,0,0,0,0,1,0,0,0,0,,,,,,,,,,,,0.508291006,1967.37695,0,,,0,2,319.695343,264.974457,38338,DEFAULT,ADAPTIVE,CAR,
1787973283149,2.32073855,556,unnamed,,NO_POSE,UNKNOWN,0,0,0,0,0,0,0,0,1,0,0,0,0,,,,,,,,,,,,0.602917016,1658.60315,0,,,0,2,319.736145,264.974457,38338,DEFAULT,ADAPTIVE,CAR,
1787973283150,2.3213594,557,unnamed,,NO_POSE,UNKNOWN,0,0,0,0,0,0,0,0,1,0,0,0,0,,,,,,,,,,,,0.62075001,1610.95447,0,,,0,2,319.776733,264.974457,38338,DEFAULT,ADAPTIVE,CAR,
1787973283150,2.32193923,558,unnamed,,NO_POSE,UNKNOWN,0,0,0,0,0,0,0,0,1,0,0,0,0,,,,,,,,,,,,0.579917014,1724.38477,0,,,0,2,319.817139,264.974457,38338,DEFAULT,ADAPTIVE,CAR,
1787973283151,2.32256794,559,unnamed,,NO_POSE,UNKNOWN,0,0,0,0,0,0,0,0,1,0,0,0,0,,,,,,,,,,,,0.628790975,1590.35352,0,,,0,2,319.858093,264.974457,38338,DEFAULT,ADAPTIVE,CAR,
1787973283152,2.32324362,560,unnamed,,NO_POSE,UNKNOWN,0,0,0,0,0,0,0,0,1,0,0,0,0,,,,,,,,,,,,0.675667048,1480.01892,0,,,0,2,319.899048,264.974457,38338,DEFAULT,ADAPTIVE,CAR,
1787973283153,2.32406306,561,unnamed,,NO_POSE,UNKNOWN,0,0,0,0,0,0,0,0,1,0,0,0,0,,,,,,,,,,,,0.819374979,1220.44238,0,,,0,2,319.940002,264.974457,38338,DEFAULT,ADAPTIVE,CAR,
1787973283153,2.32484555,562,unnamed,,NO_POSE,UNKNOWN,0,0,0,0,0,0,0,0,1,0,0,0,0,,,,,,,,,,,,0.782582998,1277.8197,0,,,0,2,319.980957,264.974457,38338,DEFAULT,ADAPTIVE,CAR,
1787973283154,2.32543945,563,unnamed,,NO_POSE,UNKNOWN,0,0,0,0,0,0,0,0,1,0,0,0,0,,,,,,,,,,,,0.59375,1684.21057,0,,,0,2,320.021912,264.974457,38338,DEFAULT,ADAPTIVE,CAR,
1787973283155,2.32604885,564,unnamed,,NO_POSE,UNKNOWN,0,0,0,0,0,0,0,0,1,0,0,0,0,,,,,,,,,,,,0.609333992,1641.13611,0,,,0,2,318.871582,264.974457,38338,DEFAULT,ADAPTIVE,CAR,
1787973283155,2.32675314,565,unnamed,,NO_POSE,UNKNOWN,0,0,0,0,0,0,0,0,1,0,0,0,0,,,,,,,,,,,,0.704457998,1419.53113,0,,,0,2,318.909271,264.974457,38338,DEFAULT,ADAPTIVE,CAR,
1787973283156,2.32743788,566,unnamed,,NO_POSE,UNKNOWN,0,0,0,0,0,0,0,0,1,0,0,0,0,,,,,,,,,,,,0.684749961,1460.38708,0,,,0,2,318.950226,264.974457,38338,DEFAULT,ADAPTIVE,CAR,
1787973283157,2.32804585,567,unnamed,,NO_POSE,UNKNOWN,0,0,0,0,0,0,0,0,1,0,0,0,0,,,,,,,,,,,,0.60799998,1644.73694,0,,,0,2,318.99118,264.974457,38338,DEFAULT,ADAPTIVE,CAR,
1787973283157,2.32863164,568,unnamed,,NO_POSE,UNKNOWN,0,0,0,0,0,0,0,0,1,0,0,0,0,,,,,,,,,,,,0.585708022,1707.33533,0,,,0,2,319.032135,264.974457,38338,DEFAULT,ADAPTIVE,CAR,
1787973283158,2.32923412,569,unnamed,,NO_POSE,UNKNOWN,0,0,0,0,0,0,0,0,1,0,0,0,0,,,,,,,,,,,,0.602459013,1659.86401,0,,,0,2,319.072937,264.974457,38338,DEFAULT,ADAPTIVE,CAR,
1787973283158,2.3299849,570,unnamed,,NO_POSE,UNKNOWN,0,0,0,0,0,0,0,0,1,0,0,0,0,,,,,,,,,,,,0.750750005,1332.00134,0,,,0,2,319.113495,264.974457,38338,DEFAULT,ADAPTIVE,CAR,
1787973283159,2.33074117,571,unnamed,,NO_POSE,UNKNOWN,0,0,0,0,0,0,0,0,1,0,0,0,0,,,,,,,,,,,,0.756375015,1322.09546,0,,,0,2,319.153931,264.974457,38338,DEFAULT,ADAPTIVE,CAR,
1787973283160,2.33143687,572,unnamed,,NO_POSE,UNKNOWN,0,0,0,0,0,0,0,0,1,0,0,0,0,,,,,,,,,,,,0.695540965,1437.72986,0,,,0,2,319.194855,264.974457,38338,DEFAULT,ADAPTIVE,CAR,
1787973283161,2.33204818,573,unnamed,,NO_POSE,UNKNOWN,0,0,0,0,0,0,0,0,1,0,0,0,0,,,,,,,,,,,,0.611416996,1635.54504,0,,,0,2,319.235809,264.974457,38338,DEFAULT,ADAPTIVE,CAR,
1787973283161,2.33275437,574,unnamed,,NO_POSE,UNKNOWN,0,0,0,0,0,0,0,0,1,0,0,0,0,,,,,,,,,,,,0.706207991,1416.01343,0,,,0,2,319.276764,264.974457,38338,DEFAULT,ADAPTIVE,CAR,
1787973283162,2.33332968,575,unnamed,,NO_POSE,UNKNOWN,0,0,0,0,0,0,0,0,1,0,0,0,0,,,,,,,,,,,,0.575334013,1738.12073,0,,,0,2,319.317688,264.974457,38338,DEFAULT,ADAPTIVE,CAR,
1787973283162,2.33383965,576,unnamed,,NO_POSE,UNKNOWN,0,0,0,0,0,0,0,0,1,0,0,0,0,,,,,,,,,,,,0.50999999,1960.78442,0,,,0,2,319.358643,264.974457,38338,DEFAULT,ADAPTIVE,CAR,
1787973283163,2.33443594,577,unnamed,,NO_POSE,UNKNOWN,0,0,0,0,0,0,0,0,1,0,0,0,0,,,,,,,,,,,,0.596207976,1677.26709,0,,,0,2,319.399597,264.974457,38338,DEFAULT,ADAPTIVE,CAR,
1787973283163,2.33503175,578,unnamed,,NO_POSE,UNKNOWN,0,0,0,0,0,0,0,0,1,0,0,0,0,,,,,,,,,,,,0.595708013,1678.67468,0,,,0,2,319.440552,264.974457,38338,DEFAULT,ADAPTIVE,CAR,
1787973283164,2.33552814,579,unnamed,,NO_POSE,UNKNOWN,0,0,0,0,0,0,0,0,1,0,0,0,0,,,,,,,,,,,,0.496583998,2013.75806,0,,,0,2,319.481506,264.974457,38338,DEFAULT,ADAPTIVE,CAR,
1787973283165,2.33613825,580,unnamed,,NO_POSE,UNKNOWN,0,0,0,0,0,0,0,0,1,0,0,0,0,,,,,,,,,,,,0.609915972,1639.57007,0,,,0,2,319.52243,264.974457,38338,DEFAULT,ADAPTIVE,CAR,
1787973283165,2.33674812,581,unnamed,,NO_POSE,UNKNOWN,0,0,0,0,0,0,0,0,1,0,0,0,0,,,,,,,,,,,,0.610000014,1639.34424,0,,,0,2,319.563385,264.974457,38338,DEFAULT,ADAPTIVE,CAR,
1787973283166,2.33732796,582,unnamed,,NO_POSE,UNKNOWN,0,0,0,0,0,0,0,0,1,0,0,0,0,,,,,,,,,,,,0.579750001,1724.88147,0,,,0,2,319.604187,264.974457,38338,DEFAULT,ADAPTIVE,CAR,
1787973283166,2.33796716,583,unnamed,,NO_POSE,UNKNOWN,0,0,0,0,0,0,0,0,1,0,0,0,0,,,,,,,,,,,,0.639208972,1564.43359,0,,,0,2,319.644775,264.974457,38338,DEFAULT,ADAPTIVE,CAR,
1787973283168,2.339288,584,unnamed,,NO_POSE,UNKNOWN,0,0,0,0,0,0,0,0,1,0,0,0,0,,,,,,,,,,,,1.32083297,757.097961,0,,,0,2,319.858459,264.974457,38338,DEFAULT,ADAPTIVE,CAR,
1787973283169,2.34015465,585,unnamed,,NO_POSE,UNKNOWN,0,0,0,0,0,0,0,0,1,0,0,0,0,,,,,,,,,,,,0.866791964,1153.67932,0,,,0,2,319.899414,264.974457,38338,DEFAULT,ADAPTIVE,CAR,
1787973283169,2.34094071,586,unnamed,,NO_POSE,UNKNOWN,0,0,0,0,0,0,0,0,1,0,0,0,0,,,,,,,,,,,,0.785915971,1272.40063,0,,,0,2,319.940369,264.974457,38338,DEFAULT,ADAPTIVE,CAR,
1787973283170,2.34154248,587,unnamed,,NO_POSE,UNKNOWN,0,0,0,0,0,0,0,0,1,0,0,0,0,,,,,,,,,,,,0.601709008,1661.93286,0,,,0,2,319.981293,264.974457,38338,DEFAULT,ADAPTIVE,CAR,
1787973283171,2.34213471,588,unnamed,,NO_POSE,UNKNOWN,0,0,0,0,0,0,0,0,1,0,0,0,0,,,,,,,,,,,,0.592415988,1688.00305,0,,,0,2,319.976013,264.974457,38338,DEFAULT,ADAPTIVE,CAR,
1787973283171,2.34275222,589,unnamed,,NO_POSE,UNKNOWN,0,0,0,0,0,0,0,0,1,0,0,0,0,,,,,,,,,,,,0.617458999,1619.54065,0,,,0,2,320.016388,264.974457,38338,DEFAULT,ADAPTIVE,CAR,
1787973283172,2.34333014,590,unnamed,,NO_POSE,UNKNOWN,0,0,0,0,0,0,0,0,1,0,0,0,0,,,,,,,,,,,,0.577791035,1730.72961,0,,,0,2,320.057312,264.974457,38338,DEFAULT,ADAPTIVE,CAR,
1787973283172,2.34382606,591,unnamed,,NO_POSE,UNKNOWN,0,0,0,0,0,0,0,0,1,0,0,0,0,,,,,,,,,,,,0.496125013,2015.62097,0,,,0,2,320.098267,264.974457,38338,DEFAULT,ADAPTIVE,CAR,
1787973283173,2.34445143,592,unnamed,,NO_POSE,UNKNOWN,0,0,0,0,0,0,0,0,1,0,0,0,0,,,,,,,,,,,,0.625209033,1599.46509,0,,,0,2,320.139221,264.974457,38338,DEFAULT,ADAPTIVE,CAR,
1787973283174,2.3451395,593,unnamed,,NO_POSE,UNKNOWN,0,0,0,0,0,0,0,0,1,0,0,0,0,,,,,,,,,,,,0.688124955,1453.22437,0,,,0,2,320.180298,264.974457,38338,DEFAULT,ADAPTIVE,CAR,
1787973283174,2.34573817,594,unnamed,,NO_POSE,UNKNOWN,0,0,0,0,0,0,0,0,1,0,0,0,0,,,,,,,,,,,,0.598707974,1670.26331,0,,,0,2,319.079315,264.974457,38338,DEFAULT,ADAPTIVE,CAR,
1787973283175,2.34636831,595,unnamed,,NO_POSE,UNKNOWN,0,0,0,0,0,0,0,0,1,0,0,0,0,,,,,,,,,,,,0.630124986,1586.98669,0,,,0,2,319.116608,264.974457,38338,DEFAULT,ADAPTIVE,CAR,
1787973283176,2.34706092,596,unnamed,,NO_POSE,UNKNOWN,0,0,0,0,0,0,0,0,1,0,0,0,0,,,,,,,,,,,,0.692542017,1443.95569,0,,,0,2,319.157013,264.974457,38338,DEFAULT,ADAPTIVE,CAR,
1787973283176,2.34785008,597,unnamed,,NO_POSE,UNKNOWN,0,0,0,0,0,0,0,0,1,0,0,0,0,,,,,,,,,,,,0.789124966,1267.22644,0,,,0,2,319.197968,264.974457,38338,DEFAULT,ADAPTIVE,CAR,
1787973283177,2.34843731,598,unnamed,,NO_POSE,UNKNOWN,0,0,0,0,0,0,0,0,1,0,0,0,0,,,,,,,,,,,,0.587291002,1702.73328,0,,,0,2,319.238922,264.974457,38338,DEFAULT,ADAPTIVE,CAR,
1787973283177,2.34903502,599,unnamed,,NO_POSE,UNKNOWN,0,0,0,0,0,0,0,0,1,0,0,0,0,,,,,,,,,,,,0.597750008,1672.94019,0,,,0,2,319.279846,264.974457,38338,DEFAULT,ADAPTIVE,CAR,
1787973283178,2.34964299,600,unnamed,,NO_POSE,UNKNOWN,0,0,0,0,0,0,0,0,1,0,0,0,0,,,,,,,,,,,,0.607834041,1645.18591,0,,,0,2,319.320801,264.974457,38338,DEFAULT,ADAPTIVE,CAR,
1787973283179,2.35045385,601,unnamed,,NO_POSE,UNKNOWN,0,0,0,0,0,0,0,0,1,0,0,0,0,,,,,,,,,,,,0.810957968,1233.1095,0,,,0,2,319.362946,264.974457,38338,DEFAULT,ADAPTIVE,CAR,
1787973283180,2.3511436,602,unnamed,,NO_POSE,UNKNOWN,0,0,0,0,0,0,0,0,1,0,0,0,0,,,,,,,,,,,,0.689833045,1449.62622,0,,,0,2,319.40387,264.974457,38338,DEFAULT,ADAPTIVE,CAR,
1787973283180,2.35175133,603,unnamed,,NO_POSE,UNKNOWN,0,0,0,0,0,0,0,0,1,0,0,0,0,,,,,,,,,,,,0.607708991,1645.52441,0,,,0,2,319.444824,264.974457,38338,DEFAULT,ADAPTIVE,CAR,
1787973283181,2.35243917,604,unnamed,,NO_POSE,UNKNOWN,0,0,0,0,0,0,0,0,1,0,0,0,0,,,,,,,,,,,,0.687749982,1454.01672,0,,,0,2,319.485779,264.974457,38338,DEFAULT,ADAPTIVE,CAR,
1787973283182,2.35305309,605,unnamed,,NO_POSE,UNKNOWN,0,0,0,0,0,0,0,0,1,0,0,0,0,,,,,,,,,,,,0.614040971,1628.55579,0,,,0,2,319.526733,264.974457,38338,DEFAULT,ADAPTIVE,CAR,
1787973283182,2.35363984,606,unnamed,,NO_POSE,UNKNOWN,0,0,0,0,0,0,0,0,1,0,0,0,0,,,,,,,,,,,,0.586791992,1704.1814,0,,,0,2,319.567657,264.974457,38338,DEFAULT,ADAPTIVE,CAR,
1787973283183,2.35424185,607,unnamed,,NO_POSE,UNKNOWN,0,0,0,0,0,0,0,0,1,0,0,0,0,,,,,,,,,,,,0.601916969,1661.35864,0,,,0,2,319.608459,264.974457,38338,DEFAULT,ADAPTIVE,CAR,
1787973283183,2.35485792,608,unnamed,,NO_POSE,UNKNOWN,0,0,0,0,0,0,0,0,1,0,0,0,0,,,,,,,,,,,,0.616082966,1623.15796,0,,,0,2,319.600281,264.974457,38338,DEFAULT,ADAPTIVE,CAR,
1787973283184,2.35554218,609,unnamed,,NO_POSE,UNKNOWN,0,0,0,0,0,0,0,0,1,0,0,0,0,,,,,,,,,,,,0.684249997,1461.45422,0,,,0,2,319.639832,264.974457,38338,DEFAULT,ADAPTIVE,CAR,
1787973283185,2.35624838,610,unnamed,,NO_POSE,UNKNOWN,0,0,0,0,0,0,0,0,1,0,0,0,0,,,,,,,,,,,,0.706207991,1416.01343,0,,,0,2,319.680786,264.974457,38338,DEFAULT,ADAPTIVE,CAR,
1787973283185,2.35684085,611,unnamed,,NO_POSE,UNKNOWN,0,0,0,0,0,0,0,0,1,0,0,0,0,,,,,,,,,,,,0.59237498,1688.11987,0,,,0,2,319.675201,264.974457,38338,DEFAULT,ADAPTIVE,CAR,
1787973283186,2.35754824,612,unnamed,,NO_POSE,UNKNOWN,0,0,0,0,0,0,0,0,1,0,0,0,0,,,,,,,,,,,,0.707542002,1413.34363,0,,,0,2,319.715851,264.974457,38338,DEFAULT,ADAPTIVE,CAR,
1787973283187,2.3581419,613,unnamed,,NO_POSE,UNKNOWN,0,0,0,0,0,0,0,0,1,0,0,0,0,,,,,,,,,,,,0.593499959,1684.92004,0,,,0,2,319.756805,264.974457,38338,DEFAULT,ADAPTIVE,CAR,
1787973283187,2.35873246,614,unnamed,,NO_POSE,UNKNOWN,0,0,0,0,0,0,0,0,1,0,0,0,0,,,,,,,,,,,,0.590708017,1692.88379,0,,,0,2,319.797729,264.974457,38338,DEFAULT,ADAPTIVE,CAR,
1787973283188,2.35933566,615,unnamed,,NO_POSE,UNKNOWN,0,0,0,0,0,0,0,0,1,0,0,0,0,,,,,,,,,,,,0.603083968,1658.1438,0,,,0,2,319.838684,264.974457,38338,DEFAULT,ADAPTIVE,CAR,
1787973283188,2.35994244,616,unnamed,,NO_POSE,UNKNOWN,0,0,0,0,0,0,0,0,1,0,0,0,0,,,,,,,,,,,,0.60670799,1648.23938,0,,,0,2,319.879639,264.974457,38338,DEFAULT,ADAPTIVE,CAR,
1787973283189,2.36053658,617,unnamed,,NO_POSE,UNKNOWN,0,0,0,0,0,0,0,0,1,0,0,0,0,,,,,,,,,,,,0.594291985,1682.67444,0,,,0,2,319.920593,264.974457,38338,DEFAULT,ADAPTIVE,CAR,
1787973283190,2.3611393,618,unnamed,,NO_POSE,UNKNOWN,0,0,0,0,0,0,0,0,1,0,0,0,0,,,,,,,,,,,,0.602625012,1659.40674,0,,,0,2,318.919128,264.974457,38338,DEFAULT,ADAPTIVE,CAR,
1787973283190,2.36173344,619,unnamed,,NO_POSE,UNKNOWN,0,0,0,0,0,0,0,0,1,0,0,0,0,,,,,,,,,,,,0.594208002,1682.91235,0,,,0,2,318.956848,264.974457,38338,DEFAULT,ADAPTIVE,CAR,
1787973283191,2.36222577,620,unnamed,,NO_POSE,UNKNOWN,0,0,0,0,0,0,0,0,1,0,0,0,0,,,,,,,,,,,,0.492417008,2030.79907,0,,,0,2,318.95108,264.974457,38338,DEFAULT,ADAPTIVE,CAR,
1787973283191,2.36296797,621,unnamed,,NO_POSE,UNKNOWN,0,0,0,0,0,0,0,0,1,0,0,0,0,,,,,,,,,,,,0.742124975,1347.48193,0,,,0,2,318.991089,264.974457,38338,DEFAULT,ADAPTIVE,CAR,
1787973283192,2.36367631,622,unnamed,,NO_POSE,UNKNOWN,0,0,0,0,0,0,0,0,1,0,0,0,0,,,,,,,,,,,,0.708415985,1411.59998,0,,,0,2,319.031494,264.974457,38338,DEFAULT,ADAPTIVE,CAR,
1787973283193,2.36435342,623,unnamed,,NO_POSE,UNKNOWN,0,0,0,0,0,0,0,0,1,0,0,0,0,,,,,,,,,,,,0.676917017,1477.28589,0,,,0,2,319.072449,264.974457,38338,DEFAULT,ADAPTIVE,CAR,
1787973283194,2.36514449,624,unnamed,,NO_POSE,UNKNOWN,0,0,0,0,0,0,0,0,1,0,0,0,0,,,,,,,,,,,,0.791125,1264.02271,0,,,0,2,319.113403,264.974457,38338,DEFAULT,ADAPTIVE,CAR,
1787973283194,2.36573911,625,unnamed,,NO_POSE,UNKNOWN,0,0,0,0,0,0,0,0,1,0,0,0,0,,,,,,,,,,,,0.594624996,1681.73218,0,,,0,2,319.154358,264.974457,38338,DEFAULT,ADAPTIVE,CAR,
1787973283195,2.36633897,626,unnamed,,NO_POSE,UNKNOWN,0,0,0,0,0,0,0,0,1,0,0,0,0,,,,,,,,,,,,0.599874973,1667.01392,0,,,0,2,319.195282,264.974457,38338,DEFAULT,ADAPTIVE,CAR,
1787973283196,2.36703873,627,unnamed,,NO_POSE,UNKNOWN,0,0,0,0,0,0,0,0,1,0,0,0,0,,,,,,,,,,,,0.699874997,1428.82654,0,,,0,2,319.236237,264.974457,38338,DEFAULT,ADAPTIVE,CAR,
1787973283196,2.36763978,628,unnamed,,NO_POSE,UNKNOWN,0,0,0,0,0,0,0,0,1,0,0,0,0,,,,,,,,,,,,0.600999951,1663.89355,0,,,0,2,319.277191,264.974457,38338,DEFAULT,ADAPTIVE,CAR,
1787973283197,2.3682282,629,unnamed,,NO_POSE,UNKNOWN,0,0,0,0,0,0,0,0,1,0,0,0,0,,,,,,,,,,,,0.588292003,1699.83606,0,,,0,2,319.271301,264.974457,38338,DEFAULT,ADAPTIVE,CAR,
1787973283197,2.36883998,630,unnamed,,NO_POSE,UNKNOWN,0,0,0,0,0,0,0,0,1,0,0,0,0,,,,,,,,,,,,0.611957967,1634.09912,0,,,0,2,319.312256,264.974457,38338,DEFAULT,ADAPTIVE,CAR,
1787973283198,2.36943245,631,unnamed,,NO_POSE,UNKNOWN,0,0,0,0,0,0,0,0,1,0,0,0,0,,,,,,,,,,,,0.592332959,1688.23962,0,,,0,2,319.35321,264.974457,38338,DEFAULT,ADAPTIVE,CAR,
1787973283198,2.37003207,632,unnamed,,NO_POSE,UNKNOWN,0,0,0,0,0,0,0,0,1,0,0,0,0,,,,,,,,,,,,0.599750042,1667.36133,0,,,0,2,319.394165,264.974457,38338,DEFAULT,ADAPTIVE,CAR,
1787973283199,2.37063909,633,unnamed,,NO_POSE,UNKNOWN,0,0,0,0,0,0,0,0,1,0,0,0,0,,,,,,,,,,,,0.607000053,1647.44641,0,,,0,2,319.434937,264.974457,38338,DEFAULT,ADAPTIVE,CAR,
1787973283200,2.37127542,634,unnamed,,NO_POSE,UNKNOWN,0,0,0,0,0,0,0,0,1,0,0,0,0,,,,,,,,,,,,0.63637501,1571.40051,0,,,0,2,319.475525,264.974457,38338,DEFAULT,ADAPTIVE,CAR,
1787973283200,2.37193918,635,unnamed,,NO_POSE,UNKNOWN,0,0,0,0,0,0,0,0,1,0,0,0,0,,,,,,,,,,,,0.663625002,1506.87512,0,,,0,2,319.51651,264.974457,38338,DEFAULT,ADAPTIVE,CAR,
1787973283201,2.37265515,636,unnamed,,NO_POSE,UNKNOWN,0,0,0,0,0,0,0,0,1,0,0,0,0,,,,,,,,,,,,0.71587503,1396.89185,0,,,0,2,319.556885,264.974457,38338,DEFAULT,ADAPTIVE,CAR,
1787973283202,2.37334299,637,unnamed,,NO_POSE,UNKNOWN,0,0,0,0,0,0,0,0,1,0,0,0,0,,,,,,,,,,,,0.687833965,1453.83911,0,,,0,2,319.597839,264.974457,38338,DEFAULT,ADAPTIVE,CAR,
1787973283203,2.37406349,638,unnamed,,NO_POSE,UNKNOWN,0,0,0,0,0,0,0,0,1,0,0,0,0,,,,,,,,,,,,0.720624983,1387.68433,0,,,0,2,319.638794,264.974457,38338,DEFAULT,ADAPTIVE,CAR,
1787973283203,2.37473631,639,unnamed,,NO_POSE,UNKNOWN,0,0,0,0,0,0,0,0,1,0,0,0,0,,,,,,,,,,,,0.672791004,1486.3457,0,,,0,2,319.679718,264.974457,38338,DEFAULT,ADAPTIVE,CAR,
1787973283204,2.37533712,640,unnamed,,NO_POSE,UNKNOWN,0,0,0,0,0,0,0,0,1,0,0,0,0,,,,,,,,,,,,0.600834012,1664.35315,0,,,0,2,319.720673,264.974457,38338,DEFAULT,ADAPTIVE,CAR,
1787973283204,2.37593126,641,unnamed,,NO_POSE,UNKNOWN,0,0,0,0,0,0,0,0,1,0,0,0,0,,,,,,,,,,,,0.594083011,1683.26648,0,,,0,2,319.715393,264.974457,38338,DEFAULT,ADAPTIVE,CAR,
1787973283205,2.37653804,642,unnamed,,NO_POSE,UNKNOWN,0,0,0,0,0,0,0,0,1,0,0,0,0,,,,,,,,,,,,0.606875002,1647.78577,0,,,0,2,318.366119,264.974457,38338,DEFAULT,ADAPTIVE,CAR,
1787973283206,2.3771317,643,unnamed,,NO_POSE,UNKNOWN,0,0,0,0,0,0,0,0,1,0,0,0,0,,,,,,,,,,,,0.593708038,1684.32959,0,,,0,2,318.407043,264.974457,38338,DEFAULT,ADAPTIVE,CAR,
1787973283206,2.37773585,644,unnamed,,NO_POSE,UNKNOWN,0,0,0,0,0,0,0,0,1,0,0,0,0,,,,,,,,,,,,0.604042053,1655.51392,0,,,0,2,318.447998,264.974457,38338,DEFAULT,ADAPTIVE,CAR,
1787973283207,2.37834573,645,unnamed,,NO_POSE,UNKNOWN,0,0,0,0,0,0,0,0,1,0,0,0,0,,,,,,,,,,,,0.609916985,1639.56738,0,,,0,2,318.488953,264.974457,38338,DEFAULT,ADAPTIVE,CAR,
1787973283207,2.37893414,646,unnamed,,NO_POSE,UNKNOWN,0,0,0,0,0,0,0,0,1,0,0,0,0,,,,,,,,,,,,0.588375032,1699.59631,0,,,0,2,318.48291,264.974457,38338,DEFAULT,ADAPTIVE,CAR,
1787973283208,2.37969828,647,unnamed,,NO_POSE,UNKNOWN,0,0,0,0,0,0,0,0,1,0,0,0,0,,,,,,,,,,,,0.764083028,1308.7583,0,,,0,2,318.523499,264.974457,38338,DEFAULT,ADAPTIVE,CAR,
1787973283209,2.38048387,648,unnamed,,NO_POSE,UNKNOWN,0,0,0,0,0,0,0,0,1,0,0,0,0,,,,,,,,,,,,0.785625041,1272.87195,0,,,0,2,318.563934,264.974457,38338,DEFAULT,ADAPTIVE,CAR,
1787973283210,2.38124967,649,unnamed,,NO_POSE,UNKNOWN,0,0,0,0,0,0,0,0,1,0,0,0,0,,,,,,,,,,,,0.765917003,1305.62451,0,,,0,2,318.604889,264.974457,38338,DEFAULT,ADAPTIVE,CAR,
1787973283210,2.38183331,650,unnamed,,NO_POSE,UNKNOWN,0,0,0,0,0,0,0,0,1,0,0,0,0,,,,,,,,,,,,0.583625019,1713.42908,0,,,0,2,318.645844,264.974457,38338,DEFAULT,ADAPTIVE,CAR,
1787973283211,2.3824389,651,unnamed,,NO_POSE,UNKNOWN,0,0,0,0,0,0,0,0,1,0,0,0,0,,,,,,,,,,,,0.605583012,1651.30127,0,,,0,2,318.686768,264.974457,38338,DEFAULT,ADAPTIVE,CAR,
1787973283212,2.38304925,652,unnamed,,NO_POSE,UNKNOWN,0,0,0,0,0,0,0,0,1,0,0,0,0,,,,,,,,,,,,0.610332966,1638.44983,0,,,0,2,318.727722,264.974457,38338,DEFAULT,ADAPTIVE,CAR,
1787973283212,2.38373756,653,unnamed,,NO_POSE,UNKNOWN,0,0,0,0,0,0,0,0,1,0,0,0,0,,,,,,,,,,,,0.688333988,1452.78308,0,,,0,2,318.768677,264.974457,38338,DEFAULT,ADAPTIVE,CAR,
1787973283213,2.38434672,654,unnamed,,NO_POSE,UNKNOWN,0,0,0,0,0,0,0,0,1,0,0,0,0,,,,,,,,,,,,0.609165967,1641.58875,0,,,0,2,318.809631,264.974457,38338,DEFAULT,ADAPTIVE,CAR,
1787973283213,2.38493347,655,unnamed,,NO_POSE,UNKNOWN,0,0,0,0,0,0,0,0,1,0,0,0,0,,,,,,,,,,,,0.586667001,1704.54456,0,,,0,2,318.850555,264.974457,38338,DEFAULT,ADAPTIVE,CAR,
1787973283214,2.38554072,656,unnamed,,NO_POSE,UNKNOWN,0,0,0,0,0,0,0,0,1,0,0,0,0,,,,,,,,,,,,0.607332945,1646.54321,0,,,0,2,318.891541,264.974457,38338,DEFAULT,ADAPTIVE,CAR,
1787973283215,2.38614392,657,unnamed,,NO_POSE,UNKNOWN,0,0,0,0,0,0,0,0,1,0,0,0,0,,,,,,,,,,,,0.603083968,1658.1438,0,,,0,2,318.932465,264.974457,38338,DEFAULT,ADAPTIVE,CAR,
1787973283215,2.38673067,658,unnamed,,NO_POSE,UNKNOWN,0,0,0,0,0,0,0,0,1,0,0,0,0,,,,,,,,,,,,0.586833,1704.06238,0,,,0,2,318.926605,264.974457,38338,DEFAULT,ADAPTIVE,CAR,
1787973283216,2.38733721,659,unnamed,,NO_POSE,UNKNOWN,0,0,0,0,0,0,0,0,1,0,0,0,0,,,,,,,,,,,,0.606582999,1648.57898,0,,,0,2,318.967407,264.974457,38338,DEFAULT,ADAPTIVE,CAR,
1787973283216,2.38800931,660,unnamed,,NO_POSE,UNKNOWN,0,0,0,0,0,0,0,0,1,0,0,0,0,,,,,,,,,,,,0.671959043,1488.18604,0,,,0,2,319.007874,264.974457,38338,DEFAULT,ADAPTIVE,CAR,
1787973283217,2.38875079,661,unnamed,,NO_POSE,UNKNOWN,0,0,0,0,0,0,0,0,1,0,0,0,0,,,,,,,,,,,,0.741457999,1348.69409,0,,,0,2,319.048279,264.974457,38338,DEFAULT,ADAPTIVE,CAR,
1787973283218,2.38944483,662,unnamed,,NO_POSE,UNKNOWN,0,0,0,0,0,0,0,0,1,0,0,0,0,,,,,,,,,,,,0.694166958,1440.57556,0,,,0,2,319.089264,264.974457,38338,DEFAULT,ADAPTIVE,CAR,
1787973283219,2.39014292,663,unnamed,,NO_POSE,UNKNOWN,0,0,0,0,0,0,0,0,1,0,0,0,0,,,,,,,,,,,,0.698083043,1432.49438,0,,,0,2,319.130188,264.974457,38338,DEFAULT,ADAPTIVE,CAR,
1787973283219,2.39096189,664,unnamed,,NO_POSE,UNKNOWN,0,0,0,0,0,0,0,0,1,0,0,0,0,,,,,,,,,,,,0.819000006,1221.00122,0,,,0,2,319.171143,264.974457,38338,DEFAULT,ADAPTIVE,CAR,
1787973283220,2.39164019,665,unnamed,,NO_POSE,UNKNOWN,0,0,0,0,0,0,0,0,1,0,0,0,0,,,,,,,,,,,,0.678249955,1474.38269,0,,,0,2,319.212097,264.974457,38338,DEFAULT,ADAPTIVE,CAR,
1787973283221,2.39223337,666,unnamed,,NO_POSE,UNKNOWN,0,0,0,0,0,0,0,0,1,0,0,0,0,,,,,,,,,,,,0.593166947,1685.86597,0,,,0,2,318.061798,264.974457,38338,DEFAULT,ADAPTIVE,CAR,
1787973283221,2.39283013,667,unnamed,,NO_POSE,UNKNOWN,0,0,0,0,0,0,0,0,1,0,0,0,0,,,,,,,,,,,,0.596790969,1675.62854,0,,,0,2,318.053284,264.974457,38338,DEFAULT,ADAPTIVE,CAR,
1787973283222,2.39344144,668,unnamed,,NO_POSE,UNKNOWN,0,0,0,0,0,0,0,0,1,0,0,0,0,,,,,,,,,,,,0.611333966,1635.76709,0,,,0,2,318.093597,264.974457,38338,DEFAULT,ADAPTIVE,CAR,
1787973283222,2.39403272,669,unnamed,,NO_POSE,UNKNOWN,0,0,0,0,0,0,0,0,1,0,0,0,0,,,,,,,,,,,,0.591250002,1691.33191,0,,,0,2,318.134552,264.974457,38338,DEFAULT,ADAPTIVE,CAR,
1787973283223,2.39465189,670,unnamed,,NO_POSE,UNKNOWN,0,0,0,0,0,0,0,0,1,0,0,0,0,,,,,,,,,,,,0.619166017,1615.07581,0,,,0,2,318.175507,264.974457,38338,DEFAULT,ADAPTIVE,CAR,
1787973283224,2.39524484,671,unnamed,,NO_POSE,UNKNOWN,0,0,0,0,0,0,0,0,1,0,0,0,0,,,,,,,,,,,,0.592875004,1686.69617,0,,,0,2,318.216461,264.974457,38338,DEFAULT,ADAPTIVE,CAR,
1787973283224,2.39584088,672,unnamed,,NO_POSE,UNKNOWN,0,0,0,0,0,0,0,0,1,0,0,0,0,,,,,,,,,,,,0.596166968,1677.38232,0,,,0,2,318.210419,264.974457,38338,DEFAULT,ADAPTIVE,CAR,
1787973283225,2.39653873,673,unnamed,,NO_POSE,UNKNOWN,0,0,0,0,0,0,0,0,1,0,0,0,0,,,,,,,,,,,,0.697708011,1433.2644,0,,,0,2,318.251007,264.974457,38338,DEFAULT,ADAPTIVE,CAR,
1787973283226,2.39723873,674,unnamed,,NO_POSE,UNKNOWN,0,0,0,0,0,0,0,0,1,0,0,0,0,,,,,,,,,,,,0.700124979,1428.31641,0,,,0,2,318.291412,264.974457,38338,DEFAULT,ADAPTIVE,CAR,
1787973283226,2.3978467,675,unnamed,,NO_POSE,UNKNOWN,0,0,0,0,0,0,0,0,1,0,0,0,0,,,,,,,,,,,,0.60787499,1645.07507,0,,,0,2,318.332367,264.974457,38338,DEFAULT,ADAPTIVE,CAR,
1787973283227,2.39854312,676,unnamed,,NO_POSE,UNKNOWN,0,0,0,0,0,0,0,0,1,0,0,0,0,,,,,,,,,,,,0.696459055,1435.83459,0,,,0,2,318.373322,264.974457,38338,DEFAULT,ADAPTIVE,CAR,
1787973283228,2.3991394,677,unnamed,,NO_POSE,UNKNOWN,0,0,0,0,0,0,0,0,1,0,0,0,0,,,,,,,,,,,,0.596291006,1677.03357,0,,,0,2,318.414246,264.974457,38338,DEFAULT,ADAPTIVE,CAR,
1787973283228,2.39973664,678,unnamed,,NO_POSE,UNKNOWN,0,0,0,0,0,0,0,0,1,0,0,0,0,,,,,,,,,,,,0.597291946,1674.22302,0,,,0,2,318.4552,264.974457,38338,DEFAULT,ADAPTIVE,CAR,
1787973283229,2.40033841,679,unnamed,,NO_POSE,UNKNOWN,0,0,0,0,0,0,0,0,1,0,0,0,0,,,,,,,,,,,,0.601666987,1662.04895,0,,,0,2,318.496155,264.974457,38338,DEFAULT,ADAPTIVE,CAR,
1787973283229,2.40093374,680,unnamed,,NO_POSE,UNKNOWN,0,0,0,0,0,0,0,0,1,0,0,0,0,,,,,,,,,,,,0.595375001,1679.61365,0,,,0,2,318.537109,264.974457,38338,DEFAULT,ADAPTIVE,CAR,
1787973283230,2.40153623,681,unnamed,,NO_POSE,UNKNOWN,0,0,0,0,0,0,0,0,1,0,0,0,0,,,,,,,,,,,,0.602415979,1659.98242,0,,,0,2,318.578033,264.974457,38338,DEFAULT,ADAPTIVE,CAR,
1787973283231,2.40213561,682,unnamed,,NO_POSE,UNKNOWN,0,0,0,0,0,0,0,0,1,0,0,0,0,,,,,,,,,,,,0.599334002,1668.51868,0,,,0,2,318.618988,264.974457,38338,DEFAULT,ADAPTIVE,CAR,
1787973283231,2.40261936,683,unnamed,,NO_POSE,UNKNOWN,0,0,0,0,0,0,0,0,1,0,0,0,0,,,,,,,,,,,,0.483832985,2066.82886,0,,,0,2,318.615234,264.974457,38338,DEFAULT,ADAPTIVE,CAR,
1787973283232,2.40323591,684,unnamed,,NO_POSE,UNKNOWN,0,0,0,0,0,0,0,0,1,0,0,0,0,,,,,,,,,,,,0.616625011,1621.7312,0,,,0,2,318.654053,264.974457,38338,DEFAULT,ADAPTIVE,CAR,
1787973283232,2.40384197,685,unnamed,,NO_POSE,UNKNOWN,0,0,0,0,0,0,0,0,1,0,0,0,0,,,,,,,,,,,,0.606083035,1649.93896,0,,,0,2,318.694855,264.974457,38338,DEFAULT,ADAPTIVE,CAR,
1787973283233,2.40444088,686,unnamed,,NO_POSE,UNKNOWN,0,0,0,0,0,0,0,0,1,0,0,0,0,,,,,,,,,,,,0.598834038,1669.91187,0,,,0,2,318.735809,264.974457,38338,DEFAULT,ADAPTIVE,CAR,
1787973283234,2.40520453,687,unnamed,,NO_POSE,UNKNOWN,0,0,0,0,0,0,0,0,1,0,0,0,0,,,,,,,,,,,,0.763708055,1309.40088,0,,,0,2,318.776398,264.974457,38338,DEFAULT,ADAPTIVE,CAR,
1787973283235,2.40605688,688,unnamed,,NO_POSE,UNKNOWN,0,0,0,0,0,0,0,0,1,0,0,0,0,,,,,,,,,,,,0.852417052,1173.13477,0,,,0,2,318.816803,264.974457,38338,DEFAULT,ADAPTIVE,CAR,
1787973283235,2.40674424,689,unnamed,,NO_POSE,UNKNOWN,0,0,0,0,0,0,0,0,1,0,0,0,0,,,,,,,,,,,,0.687290967,1454.98779,0,,,0,2,318.857758,264.974457,38338,DEFAULT,ADAPTIVE,CAR,
1787973283236,2.40754795,690,unnamed,,NO_POSE,UNKNOWN,0,0,0,0,0,0,0,0,1,0,0,0,0,,,,,,,,,,,,0.80358398,1244.42493,0,,,0,2,318.898712,264.974457,38338,DEFAULT,ADAPTIVE,CAR,
1787973283237,2.40834761,691,unnamed,,NO_POSE,UNKNOWN,0,0,0,0,0,0,0,0,1,0,0,0,0,,,,,,,,,,,,0.799833,1250.26099,0,,,0,2,318.939667,264.974457,38338,DEFAULT,ADAPTIVE,CAR,
1787973283237,2.40893483,692,unnamed,,NO_POSE,UNKNOWN,0,0,0,0,0,0,0,0,1,0,0,0,0,,,,,,,,,,,,0.587042034,1703.45557,0,,,0,2,318.980591,264.974457,38338,DEFAULT,ADAPTIVE,CAR,
1787973283238,2.40954304,693,unnamed,,NO_POSE,UNKNOWN,0,0,0,0,0,0,0,0,1,0,0,0,0,,,,,,,,,,,,0.608249962,1644.06091,0,,,0,2,319.021545,264.974457,38338,DEFAULT,ADAPTIVE,CAR,
1787973283239,2.41012788,694,unnamed,,NO_POSE,UNKNOWN,0,0,0,0,0,0,0,0,1,0,0,0,0,,,,,,,,,,,,0.584915996,1709.64722,0,,,0,2,319.0625,264.974457,38338,DEFAULT,ADAPTIVE,CAR,
1787973283239,2.41073799,695,unnamed,,NO_POSE,UNKNOWN,0,0,0,0,0,0,0,0,1,0,0,0,0,,,,,,,,,,,,0.610166967,1638.89563,0,,,0,2,319.103455,264.974457,38338,DEFAULT,ADAPTIVE,CAR,
1787973283240,2.41134787,696,unnamed,,NO_POSE,UNKNOWN,0,0,0,0,0,0,0,0,1,0,0,0,0,,,,,,,,,,,,0.609708011,1640.12927,0,,,0,2,319.144379,264.974457,38338,DEFAULT,ADAPTIVE,CAR,
1787973283241,2.41203713,697,unnamed,,NO_POSE,UNKNOWN,0,0,0,0,0,0,0,0,1,0,0,0,0,,,,,,,,,,,,0.689374983,1450.58936,0,,,0,2,318.192291,264.974457,38338,DEFAULT,ADAPTIVE,CAR,
1787973283241,2.41263843,698,unnamed,,NO_POSE,UNKNOWN,0,0,0,0,0,0,0,0,1,0,0,0,0,,,,,,,,,,,,0.601374984,1662.85596,0,,,0,2,318.226715,264.974457,38338,DEFAULT,ADAPTIVE,CAR,
1787973283242,2.41329527,699,unnamed,,NO_POSE,UNKNOWN,0,0,0,0,0,0,0,0,1,0,0,0,0,,,,,,,,,,,,0.656792045,1522.552,0,,,0,2,318.267303,264.974457,38338,DEFAULT,ADAPTIVE,CAR,
1787973283243,2.41405416,700,unnamed,,NO_POSE,UNKNOWN,0,0,0,0,0,0,0,0,1,0,0,0,0,,,,,,,,,,,,0.758708,1318.03015,0,,,0,2,318.307709,264.974457,38338,DEFAULT,ADAPTIVE,CAR,
1787973283243,2.4147346,701,unnamed,,NO_POSE,UNKNOWN,0,0,0,0,0,0,0,0,1,0,0,0,0,,,,,,,,,,,,0.680666983,1469.14722,0,,,0,2,318.348663,264.974457,38338,DEFAULT,ADAPTIVE,CAR,
1787973283244,2.41535616,702,unnamed,,NO_POSE,UNKNOWN,0,0,0,0,0,0,0,0,1,0,0,0,0,,,,,,,,,,,,0.621416986,1609.22534,0,,,0,2,318.389618,264.974457,38338,DEFAULT,ADAPTIVE,CAR,
1787973283245,2.41604304,703,unnamed,,NO_POSE,UNKNOWN,0,0,0,0,0,0,0,0,1,0,0,0,0,,,,,,,,,,,,0.686999977,1455.60413,0,,,0,2,318.430542,264.974457,38338,DEFAULT,ADAPTIVE,CAR,
1787973283245,2.41663432,704,unnamed,,NO_POSE,UNKNOWN,0,0,0,0,0,0,0,0,1,0,0,0,0,,,,,,,,,,,,0.59108305,1691.80969,0,,,0,2,318.471497,264.974457,38338,DEFAULT,ADAPTIVE,CAR,
1787973283246,2.41724277,705,unnamed,,NO_POSE,UNKNOWN,0,0,0,0,0,0,0,0,1,0,0,0,0,,,,,,,,,,,,0.608457983,1643.49878,0,,,0,2,318.512451,264.974457,38338,DEFAULT,ADAPTIVE,CAR,
1787973283246,2.41783547,706,unnamed,,NO_POSE,UNKNOWN,0,0,0,0,0,0,0,0,1,0,0,0,0,,,,,,,,,,,,0.592833996,1686.81274,0,,,0,2,318.553406,264.974457,38338,DEFAULT,ADAPTIVE,CAR,
1787973283247,2.41843104,707,unnamed,,NO_POSE,UNKNOWN,0,0,0,0,0,0,0,0,1,0,0,0,0,,,,,,,,,,,,0.595541,1679.14563,0,,,0,2,318.59433,264.974457,38338,DEFAULT,ADAPTIVE,CAR,
1787973283248,2.41903853,708,unnamed,,NO_POSE,UNKNOWN,0,0,0,0,0,0,0,0,1,0,0,0,0,,,,,,,,,,,,0.607584,1645.86292,0,,,0,2,318.635284,264.974457,38338,DEFAULT,ADAPTIVE,CAR,
1787973283248,2.41963196,709,unnamed,,NO_POSE,UNKNOWN,0,0,0,0,0,0,0,0,1,0,0,0,0,,,,,,,,,,,,0.593415976,1685.15857,0,,,0,2,318.676239,264.974457,38338,DEFAULT,ADAPTIVE,CAR,
1787973283249,2.42023253,710,unnamed,,NO_POSE,UNKNOWN,0,0,0,0,0,0,0,0,1,0,0,0,0,,,,,,,,,,,,0.600542009,1665.16248,0,,,0,2,318.717194,264.974457,38338,DEFAULT,ADAPTIVE,CAR,
1787973283249,2.42083502,711,unnamed,,NO_POSE,UNKNOWN,0,0,0,0,0,0,0,0,1,0,0,0,0,,,,,,,,,,,,0.602542043,1659.63525,0,,,0,2,318.757996,264.974457,38338,DEFAULT,ADAPTIVE,CAR,
1787973283250,2.42144775,712,unnamed,,NO_POSE,UNKNOWN,0,0,0,0,0,0,0,0,1,0,0,0,0,,,,,,,,,,,,0.612707973,1632.09888,0,,,0,2,318.798584,264.974457,38338,DEFAULT,ADAPTIVE,CAR,
1787973283251,2.422158,713,unnamed,,NO_POSE,UNKNOWN,0,0,0,0,0,0,0,0,1,0,0,0,0,,,,,,,,,,,,0.710207999,1408.03821,0,,,0,2,318.838989,264.974457,38338,DEFAULT,ADAPTIVE,CAR,
1787973283251,2.42295742,714,unnamed,,NO_POSE,UNKNOWN,0,0,0,0,0,0,0,0,1,0,0,0,0,,,,,,,,,,,,0.799334049,1251.0415,0,,,0,2,318.879944,264.974457,38338,DEFAULT,ADAPTIVE,CAR,
1787973283252,2.42363191,715,unnamed,,NO_POSE,UNKNOWN,0,0,0,0,0,0,0,0,1,0,0,0,0,,,,,,,,,,,,0.674624979,1482.30505,0,,,0,2,318.920868,264.974457,38338,DEFAULT,ADAPTIVE,CAR,
1787973283253,2.42434049,716,unnamed,,NO_POSE,UNKNOWN,0,0,0,0,0,0,0,0,1,0,0,0,0,,,,,,,,,,,,0.708499968,1411.43262,0,,,0,2,318.961823,264.974457,38338,DEFAULT,ADAPTIVE,CAR,
1787973283253,2.42493773,717,unnamed,,NO_POSE,UNKNOWN,0,0,0,0,0,0,0,0,1,0,0,0,0,,,,,,,,,,,,0.597333014,1674.10803,0,,,0,2,319.002777,264.974457,38338,DEFAULT,ADAPTIVE,CAR,
1787973283254,2.42554331,718,unnamed,,NO_POSE,UNKNOWN,0,0,0,0,0,0,0,0,1,0,0,0,0,,,,,,,,,,,,0.605457962,1651.64221,0,,,0,2,319.043732,264.974457,38338,DEFAULT,ADAPTIVE,CAR,
1787973283255,2.42613769,719,unnamed,,NO_POSE,UNKNOWN,0,0,0,0,0,0,0,0,1,0,0,0,0,,,,,,,,,,,,0.594500005,1682.08582,0,,,0,2,319.084656,264.974457,38338,DEFAULT,ADAPTIVE,CAR,
1787973283255,2.42673039,720,unnamed,,NO_POSE,UNKNOWN,0,0,0,0,0,0,0,0,1,0,0,0,0,,,,,,,,,,,,0.592667043,1687.28809,0,,,0,2,319.12561,264.974457,38338,DEFAULT,ADAPTIVE,CAR,
1787973283256,2.42743468,721,unnamed,,NO_POSE,UNKNOWN,0,0,0,0,0,0,0,0,1,0,0,0,0,,,,,,,,,,,,0.704249978,1419.95032,0,,,0,2,317.600372,264.974457,38338,DEFAULT,ADAPTIVE,CAR,
1787973283257,2.42803359,722,unnamed,,NO_POSE,UNKNOWN,0,0,0,0,0,0,0,0,1,0,0,0,0,,,,,,,,,,,,0.598874986,1669.79761,0,,,0,2,317.634796,264.974457,38338,DEFAULT,ADAPTIVE,CAR,
1787973283257,2.42862606,723,unnamed,,NO_POSE,UNKNOWN,0,0,0,0,0,0,0,0,1,0,0,0,0,,,,,,,,,,,,0.592541993,1687.64404,0,,,0,2,317.67572,264.974457,38338,DEFAULT,ADAPTIVE,CAR,
1787973283258,2.42923784,724,unnamed,,NO_POSE,UNKNOWN,0,0,0,0,0,0,0,0,1,0,0,0,0,,,,,,,,,,,,0.611832976,1634.43286,0,,,0,2,317.716522,264.974457,38338,DEFAULT,ADAPTIVE,CAR,
1787973283258,2.42991424,725,unnamed,,NO_POSE,UNKNOWN,0,0,0,0,0,0,0,0,1,0,0,0,0,,,,,,,,,,,,0.676208019,1478.83496,0,,,0,2,317.757111,264.974457,38338,DEFAULT,ADAPTIVE,CAR,
1787973283259,2.43063164,726,unnamed,,NO_POSE,UNKNOWN,0,0,0,0,0,0,0,0,1,0,0,0,0,,,,,,,,,,,,0.717417002,1393.88953,0,,,0,2,317.797546,264.974457,38338,DEFAULT,ADAPTIVE,CAR,
1787973283260,2.4312427,727,unnamed,,NO_POSE,UNKNOWN,0,0,0,0,0,0,0,0,1,0,0,0,0,,,,,,,,,,,,0.611125052,1636.32642,0,,,0,2,317.83847,264.974457,38338,DEFAULT,ADAPTIVE,CAR,
1787973283260,2.43183899,728,unnamed,,NO_POSE,UNKNOWN,0,0,0,0,0,0,0,0,1,0,0,0,0,,,,,,,,,,,,0.596292019,1677.03064,0,,,0,2,317.879425,264.974457,38338,DEFAULT,ADAPTIVE,CAR,
1787973283261,2.43242955,729,unnamed,,NO_POSE,UNKNOWN,0,0,0,0,0,0,0,0,1,0,0,0,0,,,,,,,,,,,,0.590541005,1693.36255,0,,,0,2,317.873566,264.974457,38338,DEFAULT,ADAPTIVE,CAR,
1787973283261,2.43303323,730,unnamed,,NO_POSE,UNKNOWN,0,0,0,0,0,0,0,0,1,0,0,0,0,,,,,,,,,,,,0.603667021,1656.54248,0,,,0,2,317.91449,264.974457,38338,DEFAULT,ADAPTIVE,CAR,
1787973283262,2.43363428,731,unnamed,,NO_POSE,UNKNOWN,0,0,0,0,0,0,0,0,1,0,0,0,0,,,,,,,,,,,,0.601042032,1663.77722,0,,,0,2,317.955444,264.974457,38338,DEFAULT,ADAPTIVE,CAR,
1787973283263,2.43424535,732,unnamed,,NO_POSE,UNKNOWN,0,0,0,0,0,0,0,0,1,0,0,0,0,,,,,,,,,,,,0.611207962,1636.10437,0,,,0,2,317.996399,264.974457,38338,DEFAULT,ADAPTIVE,CAR,
1787973283263,2.43482876,733,unnamed,,NO_POSE,UNKNOWN,0,0,0,0,0,0,0,0,1,0,0,0,0,,,,,,,,,,,,0.583292007,1714.40723,0,,,0,2,318.037354,264.974457,38338,DEFAULT,ADAPTIVE,CAR,
1787973283264,2.43544054,734,unnamed,,NO_POSE,UNKNOWN,0,0,0,0,0,0,0,0,1,0,0,0,0,,,,,,,,,,,,0.611832976,1634.43286,0,,,0,2,318.078278,264.974457,38338,DEFAULT,ADAPTIVE,CAR,
1787973283265,2.43604898,735,unnamed,,NO_POSE,UNKNOWN,0,0,0,0,0,0,0,0,1,0,0,0,0,,,,,,,,,,,,0.608416975,1643.60962,0,,,0,2,318.073029,264.974457,38338,DEFAULT,ADAPTIVE,CAR,
1787973283265,2.43663096,736,unnamed,,NO_POSE,UNKNOWN,0,0,0,0,0,0,0,0,1,0,0,0,0,,,,,,,,,,,,0.581916034,1718.46106,0,,,0,2,318.113373,264.974457,38338,DEFAULT,ADAPTIVE,CAR,
1787973283266,2.43723559,737,unnamed,,NO_POSE,UNKNOWN,0,0,0,0,0,0,0,0,1,0,0,0,0,,,,,,,,,,,,0.604749978,1653.57581,0,,,0,2,318.154175,264.974457,38338,DEFAULT,ADAPTIVE,CAR,
1787973283266,2.4379499,738,unnamed,,NO_POSE,UNKNOWN,0,0,0,0,0,0,0,0,1,0,0,0,0,,,,,,,,,,,,0.714250028,1400.06995,0,,,0,2,318.194458,264.974457,38338,DEFAULT,ADAPTIVE,CAR,
1787973283267,2.4386394,739,unnamed,,NO_POSE,UNKNOWN,0,0,0,0,0,0,0,0,1,0,0,0,0,,,,,,,,,,,,0.689541996,1450.23804,0,,,0,2,318.235168,264.974457,38338,DEFAULT,ADAPTIVE,CAR,
1787973283268,2.43924785,740,unnamed,,NO_POSE,UNKNOWN,0,0,0,0,0,0,0,0,1,0,0,0,0,,,,,,,,,,,,0.608416975,1643.60962,0,,,0,2,318.276123,264.974457,38338,DEFAULT,ADAPTIVE,CAR,
1787973283268,2.43994021,741,unnamed,,NO_POSE,UNKNOWN,0,0,0,0,0,0,0,0,1,0,0,0,0,,,,,,,,,,,,0.692249954,1444.56482,0,,,0,2,318.270233,264.974457,38338,DEFAULT,ADAPTIVE,CAR,
1787973283269,2.44053388,742,unnamed,,NO_POSE,UNKNOWN,0,0,0,0,0,0,0,0,1,0,0,0,0,,,,,,,,,,,,0.593791008,1684.09424,0,,,0,2,318.311188,264.974457,38338,DEFAULT,ADAPTIVE,CAR,
1787973283270,2.44112778,743,unnamed,,NO_POSE,UNKNOWN,0,0,0,0,0,0,0,0,1,0,0,0,0,,,,,,,,,,,,0.593874991,1683.85596,0,,,0,2,318.352142,264.974457,38338,DEFAULT,ADAPTIVE,CAR,
1787973283270,2.44174027,744,unnamed,,NO_POSE,UNKNOWN,0,0,0,0,0,0,0,0,1,0,0,0,0,,,,,,,,,,,,0.612541974,1632.54114,0,,,0,2,318.393097,264.974457,38338,DEFAULT,ADAPTIVE,CAR,
1787973283271,2.44232965,745,unnamed,,NO_POSE,UNKNOWN,0,0,0,0,0,0,0,0,1,0,0,0,0,,,,,,,,,,,,0.58929199,1696.95166,0,,,0,2,318.434021,264.974457,38338,DEFAULT,ADAPTIVE,CAR,
1787973283271,2.4428215,746,unnamed,,NO_POSE,UNKNOWN,0,0,0,0,0,0,0,0,1,0,0,0,0,,,,,,,,,,,,0.491874993,2033.03687,0,,,0,2,318.474976,264.974457,38338,DEFAULT,ADAPTIVE,CAR,
1787973283272,2.4433217,747,unnamed,,NO_POSE,UNKNOWN,0,0,0,0,0,0,0,0,1,0,0,0,0,,,,,,,,,,,,0.50029099,1998.83667,0,,,0,2,317.374146,264.974457,38338,DEFAULT,ADAPTIVE,CAR,
1787973283272,2.44392943,748,unnamed,,NO_POSE,UNKNOWN,0,0,0,0,0,0,0,0,1,0,0,0,0,,,,,,,,,,,,0.607749999,1645.41345,0,,,0,2,317.408569,264.974457,38338,DEFAULT,ADAPTIVE,CAR,
1787973283273,2.44442773,749,unnamed,,NO_POSE,UNKNOWN,0,0,0,0,0,0,0,0,1,0,0,0,0,,,,,,,,,,,,0.498167008,2007.35901,0,,,0,2,317.449524,264.974457,38338,DEFAULT,ADAPTIVE,CAR,
1787973283273,2.44503427,750,unnamed,,NO_POSE,UNKNOWN,0,0,0,0,0,0,0,0,1,0,0,0,0,,,,,,,,,,,,0.606541991,1648.69043,0,,,0,2,317.490479,264.974457,38338,DEFAULT,ADAPTIVE,CAR,
1787973283274,2.4456296,751,unnamed,,NO_POSE,UNKNOWN,0,0,0,0,0,0,0,0,1,0,0,0,0,,,,,,,,,,,,0.595458031,1679.37952,0,,,0,2,317.53125,264.974457,38338,DEFAULT,ADAPTIVE,CAR,
1787973283275,2.44636273,752,unnamed,,NO_POSE,UNKNOWN,0,0,0,0,0,0,0,0,1,0,0,0,0,,,,,,,,,,,,0.73308301,1364.10205,0,,,0,2,317.571838,264.974457,38338,DEFAULT,ADAPTIVE,CAR,
1787973283276,2.44705176,753,unnamed,,NO_POSE,UNKNOWN,0,0,0,0,0,0,0,0,1,0,0,0,0,,,,,,,,,,,,0.688916981,1451.55371,0,,,0,2,317.612244,264.974457,38338,DEFAULT,ADAPTIVE,CAR,
1787973283276,2.44762969,754,unnamed,,NO_POSE,UNKNOWN,0,0,0,0,0,0,0,0,1,0,0,0,0,,,,,,,,,,,,0.577957988,1730.22949,0,,,0,2,317.653198,264.974457,38338,DEFAULT,ADAPTIVE,CAR,
1787973283277,2.44824195,755,unnamed,,NO_POSE,UNKNOWN,0,0,0,0,0,0,0,0,1,0,0,0,0,,,,,,,,,,,,0.612291992,1633.20776,0,,,0,2,317.694153,264.974457,38338,DEFAULT,ADAPTIVE,CAR,
1787973283277,2.44883466,756,unnamed,,NO_POSE,UNKNOWN,0,0,0,0,0,0,0,0,1,0,0,0,0,,,,,,,,,,,,0.592749953,1687.052,0,,,0,2,317.735107,264.974457,38338,DEFAULT,ADAPTIVE,CAR,
1787973283278,2.44943595,757,unnamed,,NO_POSE,UNKNOWN,0,0,0,0,0,0,0,0,1,0,0,0,0,,,,,,,,,,,,0.601292014,1663.08545,0,,,0,2,317.776031,264.974457,38338,DEFAULT,ADAPTIVE,CAR,
1787973283278,2.45003295,758,unnamed,,NO_POSE,UNKNOWN,0,0,0,0,0,0,0,0,1,0,0,0,0,,,,,,,,,,,,0.597000003,1675.04187,0,,,0,2,317.816986,264.974457,38338,DEFAULT,ADAPTIVE,CAR,
1787973283279,2.45063496,759,unnamed,,NO_POSE,UNKNOWN,0,0,0,0,0,0,0,0,1,0,0,0,0,,,,,,,,,,,,0.601958036,1661.24536,0,,,0,2,317.857941,264.974457,38338,DEFAULT,ADAPTIVE,CAR,
1787973283280,2.45112252,760,unnamed,,NO_POSE,UNKNOWN,0,0,0,0,0,0,0,0,1,0,0,0,0,,,,,,,,,,,,0.487542003,2051.10522,0,,,0,2,317.898895,264.974457,38338,DEFAULT,ADAPTIVE,CAR,
1787973283280,2.45163703,761,unnamed,,NO_POSE,UNKNOWN,0,0,0,0,0,0,0,0,1,0,0,0,0,,,,,,,,,,,,0.514458001,1943.79333,0,,,0,2,317.939819,264.974457,38338,DEFAULT,ADAPTIVE,CAR,
1787973283281,2.45222831,762,unnamed,,NO_POSE,UNKNOWN,0,0,0,0,0,0,0,0,1,0,0,0,0,,,,,,,,,,,,0.591417015,1690.85425,0,,,0,2,317.980774,264.974457,38338,DEFAULT,ADAPTIVE,CAR,
1787973283281,2.45272684,763,unnamed,,NO_POSE,UNKNOWN,0,0,0,0,0,0,0,0,1,0,0,0,0,,,,,,,,,,,,0.498374969,2006.52124,0,,,0,2,318.021729,264.974457,38338,DEFAULT,ADAPTIVE,CAR,
1787973283282,2.453233,764,unnamed,,NO_POSE,UNKNOWN,0,0,0,0,0,0,0,0,1,0,0,0,0,,,,,,,,,,,,0.506250024,1975.30859,0,,,0,2,318.062683,264.974457,38338,DEFAULT,ADAPTIVE,CAR,
1787973283282,2.45383477,765,unnamed,,NO_POSE,UNKNOWN,0,0,0,0,0,0,0,0,1,0,0,0,0,,,,,,,,,,,,0.601832986,1661.59058,0,,,0,2,318.103455,264.974457,38338,DEFAULT,ADAPTIVE,CAR,
1787973283283,2.4544394,766,unnamed,,NO_POSE,UNKNOWN,0,0,0,0,0,0,0,0,1,0,0,0,0,,,,,,,,,,,,0.604583025,1654.03259,0,,,0,2,318.144409,264.974457,38338,DEFAULT,ADAPTIVE,CAR,
1787973283284,2.45506859,767,unnamed,,NO_POSE,UNKNOWN,0,0,0,0,0,0,0,0,1,0,0,0,0,,,,,,,,,,,,0.62916702,1589.40308,0,,,0,2,318.184998,264.974457,38338,DEFAULT,ADAPTIVE,CAR,
1787973283284,2.45575786,768,unnamed,,NO_POSE,UNKNOWN,0,0,0,0,0,0,0,0,1,0,0,0,0,,,,,,,,,,,,0.689291954,1450.76404,0,,,0,2,318.225403,264.974457,38338,DEFAULT,ADAPTIVE,CAR,
1787973283285,2.45644903,769,unnamed,,NO_POSE,UNKNOWN,0,0,0,0,0,0,0,0,1,0,0,0,0,,,,,,,,,,,,0.691040993,1447.09216,0,,,0,2,318.266357,264.974457,38338,DEFAULT,ADAPTIVE,CAR,
1787973283285,2.4570291,770,unnamed,,NO_POSE,UNKNOWN,0,0,0,0,0,0,0,0,1,0,0,0,0,,,,,,,,,,,,0.580083966,1723.88831,0,,,0,2,318.307312,264.974457,38338,DEFAULT,ADAPTIVE,CAR,
1787973283286,2.45763826,771,unnamed,,NO_POSE,UNKNOWN,0,0,0,0,0,0,0,0,1,0,0,0,0,,,,,,,,,,,,0.609207988,1641.47546,0,,,0,2,318.348236,264.974457,38338,DEFAULT,ADAPTIVE,CAR,
1787973283287,2.45823812,772,unnamed,,NO_POSE,UNKNOWN,0,0,0,0,0,0,0,0,1,0,0,0,0,,,,,,,,,,,,0.599917054,1666.89722,0,,,0,2,318.389191,264.974457,38338,DEFAULT,ADAPTIVE,CAR,
1787973283287,2.45883584,773,unnamed,,NO_POSE,UNKNOWN,0,0,0,0,0,0,0,0,1,0,0,0,0,,,,,,,,,,,,0.597833037,1672.70789,0,,,0,2,317.188934,264.974457,38338,DEFAULT,ADAPTIVE,CAR,
1787973283288,2.45953751,774,unnamed,,NO_POSE,UNKNOWN,0,0,0,0,0,0,0,0,1,0,0,0,0,,,,,,,,,,,,0.70162499,1425.2627,0,,,0,2,317.220093,264.974457,38338,DEFAULT,ADAPTIVE,CAR,
1787973283289,2.46013474,775,unnamed,,NO_POSE,UNKNOWN,0,0,0,0,0,0,0,0,1,0,0,0,0,,,,,,,,,,,,0.597083032,1674.80896,0,,,0,2,317.261047,264.974457,38338,DEFAULT,ADAPTIVE,CAR,
1787973283289,2.46063018,776,unnamed,,NO_POSE,UNKNOWN,0,0,0,0,0,0,0,0,1,0,0,0,0,,,,,,,,,,,,0.49554202,2017.99231,0,,,0,2,317.302002,264.974457,38338,DEFAULT,ADAPTIVE,CAR,
1787973283290,2.46122909,777,unnamed,,NO_POSE,UNKNOWN,0,0,0,0,0,0,0,0,1,0,0,0,0,,,,,,,,,,,,0.598874986,1669.79761,0,,,0,2,317.342957,264.974457,38338,DEFAULT,ADAPTIVE,CAR,
1787973283290,2.46171737,778,unnamed,,NO_POSE,UNKNOWN,0,0,0,0,0,0,0,0,1,0,0,0,0,,,,,,,,,,,,0.488332987,2047.78296,0,,,0,2,317.337372,264.974457,38338,DEFAULT,ADAPTIVE,CAR,
1787973283291,2.46222329,779,unnamed,,NO_POSE,UNKNOWN,0,0,0,0,0,0,0,0,1,0,0,0,0,,,,,,,,,,,,0.505958974,1976.44482,0,,,0,2,317.377869,264.974457,38338,DEFAULT,ADAPTIVE,CAR,
1787973283291,2.46292877,780,unnamed,,NO_POSE,UNKNOWN,0,0,0,0,0,0,0,0,1,0,0,0,0,,,,,,,,,,,,0.705290973,1417.85449,0,,,0,2,317.418152,264.974457,38338,DEFAULT,ADAPTIVE,CAR,
1787973283292,2.46366668,781,unnamed,,NO_POSE,UNKNOWN,0,0,0,0,0,0,0,0,1,0,0,0,0,,,,,,,,,,,,0.738041997,1354.9364,0,,,0,2,317.458862,264.974457,38338,DEFAULT,ADAPTIVE,CAR,
1787973283293,2.46422124,782,unnamed,,NO_POSE,UNKNOWN,0,0,0,0,0,0,0,0,1,0,0,0,0,,,,,,,,,,,,0.554624975,1803.02002,0,,,0,2,317.499817,264.974457,38338,DEFAULT,ADAPTIVE,CAR,
1787973283293,2.46483994,783,unnamed,,NO_POSE,UNKNOWN,0,0,0,0,0,0,0,0,1,0,0,0,0,,,,,,,,,,,,0.618625045,1616.48816,0,,,0,2,317.540771,264.974457,38338,DEFAULT,ADAPTIVE,CAR,
1787973283294,2.46543789,784,unnamed,,NO_POSE,UNKNOWN,0,0,0,0,0,0,0,0,1,0,0,0,0,,,,,,,,,,,,0.59791702,1672.4729,0,,,0,2,317.581726,264.974457,38338,DEFAULT,ADAPTIVE,CAR,
1787973283294,2.46603775,785,unnamed,,NO_POSE,UNKNOWN,0,0,0,0,0,0,0,0,1,0,0,0,0,,,,,,,,,,,,0.599832952,1667.13074,0,,,0,2,317.62265,264.974457,38338,DEFAULT,ADAPTIVE,CAR,
1787973283295,2.46665406,786,unnamed,,NO_POSE,UNKNOWN,0,0,0,0,0,0,0,0,1,0,0,0,0,,,,,,,,,,,,0.616375029,1622.38892,0,,,0,2,317.663635,264.974457,38338,DEFAULT,ADAPTIVE,CAR,
1787973283296,2.46723366,787,unnamed,,NO_POSE,UNKNOWN,0,0,0,0,0,0,0,0,1,0,0,0,0,,,,,,,,,,,,0.57962501,1725.2533,0,,,0,2,317.70459,264.974457,38338,DEFAULT,ADAPTIVE,CAR,
1787973283296,2.46783805,788,unnamed,,NO_POSE,UNKNOWN,0,0,0,0,0,0,0,0,1,0,0,0,0,,,,,,,,,,,,0.604417026,1654.48694,0,,,0,2,317.745514,264.974457,38338,DEFAULT,ADAPTIVE,CAR,
1787973283297,2.46843553,789,unnamed,,NO_POSE,UNKNOWN,0,0,0,0,0,0,0,0,1,0,0,0,0,,,,,,,,,,,,0.597374976,1673.99048,0,,,0,2,317.786469,264.974457,38338,DEFAULT,ADAPTIVE,CAR,
1787973283297,2.4689188,790,unnamed,,NO_POSE,UNKNOWN,0,0,0,0,0,0,0,0,1,0,0,0,0,,,,,,,,,,,,0.483332992,2068.96704,0,,,0,2,317.827423,264.974457,38338,DEFAULT,ADAPTIVE,CAR,
1787973283298,2.46943045,791,unnamed,,NO_POSE,UNKNOWN,0,0,0,0,0,0,0,0,1,0,0,0,0,,,,,,,,,,,,0.511500001,1955.03418,0,,,0,2,317.868378,264.974457,38338,DEFAULT,ADAPTIVE,CAR,
1787973283298,2.46992922,792,unnamed,,NO_POSE,UNKNOWN,0,0,0,0,0,0,0,0,1,0,0,0,0,,,,,,,,,,,,0.498957992,2004.17676,0,,,0,2,317.909302,264.974457,38338,DEFAULT,ADAPTIVE,CAR,
1787973283299,2.47053456,793,unnamed,,NO_POSE,UNKNOWN,0,0,0,0,0,0,0,0,1,0,0,0,0,,,,,,,,,,,,0.605333984,1651.98059,0,,,0,2,317.950104,264.974457,38338,DEFAULT,ADAPTIVE,CAR,
1787973283300,2.47114158,794,unnamed,,NO_POSE,UNKNOWN,0,0,0,0,0,0,0,0,1,0,0,0,0,,,,,,,,,,,,0.607000053,1647.44641,0,,,0,2,317.99118,264.974457,38338,DEFAULT,ADAPTIVE,CAR,
1787973283300,2.47180414,795,unnamed,,NO_POSE,UNKNOWN,0,0,0,0,0,0,0,0,1,0,0,0,0,,,,,,,,,,,,0.662582994,1509.24487,0,,,0,2,318.031647,264.974457,38338,DEFAULT,ADAPTIVE,CAR,
1787973283301,2.47265935,796,unnamed,,NO_POSE,UNKNOWN,0,0,0,0,0,0,0,0,1,0,0,0,0,,,,,,,,,,,,0.855208039,1169.30615,0,,,0,2,318.072052,264.974457,38338,DEFAULT,ADAPTIVE,CAR,
1787973283302,2.47347808,797,unnamed,,NO_POSE,UNKNOWN,0,0,0,0,0,0,0,0,1,0,0,0,0,,,,,,,,,,,,0.818584025,1221.6217,0,,,0,2,318.113007,264.974457,38338,DEFAULT,ADAPTIVE,CAR,
1787973283303,2.47414589,798,unnamed,,NO_POSE,UNKNOWN,0,0,0,0,0,0,0,0,1,0,0,0,0,,,,,,,,,,,,0.667874992,1497.28613,0,,,0,2,318.153931,264.974457,38338,DEFAULT,ADAPTIVE,CAR,
1787973283303,2.47473192,799,unnamed,,NO_POSE,UNKNOWN,0,0,0,0,0,0,0,0,1,0,0,0,0,,,,,,,,,,,,0.586041033,1706.36523,0,,,0,2,318.194885,264.974457,38338,DEFAULT,ADAPTIVE,CAR,
1787973283304,2.47533941,800,unnamed,,NO_POSE,UNKNOWN,0,0,0,0,0,0,0,0,1,0,0,0,0,,,,,,,,,,,,0.607500017,1646.09045,0,,,0,2,318.23584,264.974457,38338,DEFAULT,ADAPTIVE,CAR,
1787973283304,2.47593617,801,unnamed,,NO_POSE,UNKNOWN,0,0,0,0,0,0,0,0,1,0,0,0,0,,,,,,,,,,,,0.596791983,1675.62573,0,,,0,2,318.276794,264.974457,38338,DEFAULT,ADAPTIVE,CAR,
1787973283305,2.4764185,802,unnamed,,NO_POSE,UNKNOWN,0,0,0,0,0,0,0,0,1,0,0,0,0,,,,,,,,,,,,0.482333004,2073.25635,0,,,0,2,318.271484,264.974457,38338,DEFAULT,ADAPTIVE,CAR,
1787973283305,2.47694731,803,unnamed,,NO_POSE,UNKNOWN,0,0,0,0,0,0,0,0,1,0,0,0,0,,,,,,,,,,,,0.528708994,1891.39966,0,,,0,2,318.311859,264.974457,38338,DEFAULT,ADAPTIVE,CAR,
1787973283306,2.47753119,804,unnamed,,NO_POSE,UNKNOWN,0,0,0,0,0,0,0,0,1,0,0,0,0,,,,,,,,,,,,0.583915949,1712.5752,0,,,0,2,318.352814,264.974457,38338,DEFAULT,ADAPTIVE,CAR,
1787973283306,2.47801733,805,unnamed,,NO_POSE,UNKNOWN,0,0,0,0,0,0,0,0,1,0,0,0,0,,,,,,,,,,,,0.486250013,2056.55518,0,,,0,2,318.393738,264.974457,38338,DEFAULT,ADAPTIVE,CAR,
1787973283307,2.47852707,806,unnamed,,NO_POSE,UNKNOWN,0,0,0,0,0,0,0,0,1,0,0,0,0,,,,,,,,,,,,0.509625018,1962.22705,0,,,0,2,317.243256,264.974457,38338,DEFAULT,ADAPTIVE,CAR,
1787973283308,2.4791441,807,unnamed,,NO_POSE,UNKNOWN,0,0,0,0,0,0,0,0,1,0,0,0,0,,,,,,,,,,,,0.616958976,1620.85327,0,,,0,2,317.277527,264.974457,38338,DEFAULT,ADAPTIVE,CAR,
1787973283308,2.47985458,808,unnamed,,NO_POSE,UNKNOWN,0,0,0,0,0,0,0,0,1,0,0,0,0,,,,,,,,,,,,0.710625052,1407.21191,0,,,0,2,317.318115,264.974457,38338,DEFAULT,ADAPTIVE,CAR,
1787973283309,2.48053741,809,unnamed,,NO_POSE,UNKNOWN,0,0,0,0,0,0,0,0,1,0,0,0,0,,,,,,,,,,,,0.682833016,1464.48682,0,,,0,2,317.358521,264.974457,38338,DEFAULT,ADAPTIVE,CAR,
1787973283310,2.48113179,810,unnamed,,NO_POSE,UNKNOWN,0,0,0,0,0,0,0,0,1,0,0,0,0,,,,,,,,,,,,0.594332993,1682.55847,0,,,0,2,317.399475,264.974457,38338,DEFAULT,ADAPTIVE,CAR,
1787973283310,2.48173285,811,unnamed,,NO_POSE,UNKNOWN,0,0,0,0,0,0,0,0,1,0,0,0,0,,,,,,,,,,,,0.601166964,1663.4314,0,,,0,2,317.440399,264.974457,38338,DEFAULT,ADAPTIVE,CAR,
1787973283311,2.48222947,812,unnamed,,NO_POSE,UNKNOWN,0,0,0,0,0,0,0,0,1,0,0,0,0,,,,,,,,,,,,0.496416986,2014.43542,0,,,0,2,317.481354,264.974457,38338,DEFAULT,ADAPTIVE,CAR,
1787973283311,2.48283005,813,unnamed,,NO_POSE,UNKNOWN,0,0,0,0,0,0,0,0,1,0,0,0,0,,,,,,,,,,,,0.600665987,1664.81873,0,,,0,2,317.522308,264.974457,38338,DEFAULT,ADAPTIVE,CAR,
1787973283312,2.48344183,814,unnamed,,NO_POSE,UNKNOWN,0,0,0,0,0,0,0,0,1,0,0,0,0,,,,,,,,,,,,0.61183399,1634.4303,0,,,0,2,317.563263,264.974457,38338,DEFAULT,ADAPTIVE,CAR,
1787973283312,2.48392797,815,unnamed,,NO_POSE,UNKNOWN,0,0,0,0,0,0,0,0,1,0,0,0,0,,,,,,,,,,,,0.486124992,2057.08398,0,,,0,2,317.556091,264.974457,38338,DEFAULT,ADAPTIVE,CAR,
1787973283313,2.48453593,816,unnamed,,NO_POSE,UNKNOWN,0,0,0,0,0,0,0,0,1,0,0,0,0,,,,,,,,,,,,0.607958019,1644.85046,0,,,0,2,317.595551,264.974457,38338,DEFAULT,ADAPTIVE,CAR,
1787973283313,2.48502541,817,unnamed,,NO_POSE,UNKNOWN,0,0,0,0,0,0,0,0,1,0,0,0,0,,,,,,,,,,,,0.489500016,2042.90088,0,,,0,2,317.636475,264.974457,38338,DEFAULT,ADAPTIVE,CAR,
1787973283314,2.48552394,818,unnamed,,NO_POSE,UNKNOWN,0,0,0,0,0,0,0,0,1,0,0,0,0,,,,,,,,,,,,0.498583019,2005.68408,0,,,0,2,317.677429,264.974457,38338,DEFAULT,ADAPTIVE,CAR,
1787973283314,2.486027,819,unnamed,,NO_POSE,UNKNOWN,0,0,0,0,0,0,0,0,1,0,0,0,0,,,,,,,,,,,,0.502916992,1988.39978,0,,,0,2,317.718384,264.974457,38338,DEFAULT,ADAPTIVE,CAR,
1787973283315,2.48652864,820,unnamed,,NO_POSE,UNKNOWN,0,0,0,0,0,0,0,0,1,0,0,0,0,,,,,,,,,,,,0.501792014,1992.85754,0,,,0,2,317.759338,264.974457,38338,DEFAULT,ADAPTIVE,CAR,
1787973283315,2.48703885,821,unnamed,,NO_POSE,UNKNOWN,0,0,0,0,0,0,0,0,1,0,0,0,0,,,,,,,,,,,,0.510165989,1960.14636,0,,,0,2,317.80011,264.974457,38338,DEFAULT,ADAPTIVE,CAR,
1787973283316,2.48763347,822,unnamed,,NO_POSE,UNKNOWN,0,0,0,0,0,0,0,0,1,0,0,0,0,,,,,,,,,,,,0.594583988,1681.84814,0,,,0,2,317.841064,264.974457,38338,DEFAULT,ADAPTIVE,CAR,
1787973283317,2.48824525,823,unnamed,,NO_POSE,UNKNOWN,0,0,0,0,0,0,0,0,1,0,0,0,0,,,,,,,,,,,,0.611832976,1634.43286,0,,,0,2,317.881653,264.974457,38338,DEFAULT,ADAPTIVE,CAR,
1787973283317,2.48898196,824,unnamed,,NO_POSE,UNKNOWN,0,0,0,0,0,0,0,0,1,0,0,0,0,,,,,,,,,,,,0.736667037,1357.46545,0,,,0,2,317.873871,264.974457,38338,DEFAULT,ADAPTIVE,CAR,
1787973283318,2.48974276,825,unnamed,,NO_POSE,UNKNOWN,0,0,0,0,0,0,0,0,1,0,0,0,0,,,,,,,,,,,,0.760749996,1314.49231,0,,,0,2,317.913391,264.974457,38338,DEFAULT,ADAPTIVE,CAR,
1787973283319,2.49044108,826,unnamed,,NO_POSE,UNKNOWN,0,0,0,0,0,0,0,0,1,0,0,0,0,,,,,,,,,,,,0.698333025,1431.98157,0,,,0,2,317.954315,264.974457,38338,DEFAULT,ADAPTIVE,CAR,
1787973283319,2.49103856,827,unnamed,,NO_POSE,UNKNOWN,0,0,0,0,0,0,0,0,1,0,0,0,0,,,,,,,,,,,,0.597541988,1673.52258,0,,,0,2,317.99527,264.974457,38338,DEFAULT,ADAPTIVE,CAR,
1787973283320,2.49163914,828,unnamed,,NO_POSE,UNKNOWN,0,0,0,0,0,0,0,0,1,0,0,0,0,,,,,,,,,,,,0.600624979,1664.93237,0,,,0,2,318.036224,264.974457,38338,DEFAULT,ADAPTIVE,CAR,
1787973283321,2.49223351,829,unnamed,,NO_POSE,UNKNOWN,0,0,0,0,0,0,0,0,1,0,0,0,0,,,,,,,,,,,,0.594165981,1683.03137,0,,,0,2,318.077179,264.974457,38338,DEFAULT,ADAPTIVE,CAR,
1787973283321,2.49271894,830,unnamed,,NO_POSE,UNKNOWN,0,0,0,0,0,0,0,0,1,0,0,0,0,,,,,,,,,,,,0.485583991,2059.37598,0,,,0,2,318.118103,264.974457,38338,DEFAULT,ADAPTIVE,CAR,
1787973283322,2.49322867,831,unnamed,,NO_POSE,UNKNOWN,0,0,0,0,0,0,0,0,1,0,0,0,0,,,,,,,,,,,,0.509582996,1962.38892,0,,,0,2,318.159058,264.974457,38338,DEFAULT,ADAPTIVE,CAR,
1787973283322,2.49372721,832,unnamed,,NO_POSE,UNKNOWN,0,0,0,0,0,0,0,0,1,0,0,0,0,,,,,,,,,,,,0.49862498,2005.51526,0,,,0,2,316.809937,264.974457,38338,DEFAULT,ADAPTIVE,CAR,
1787973283323,2.49433231,833,unnamed,,NO_POSE,UNKNOWN,0,0,0,0,0,0,0,0,1,0,0,0,0,,,,,,,,,,,,0.605041981,1652.77783,0,,,0,2,316.840942,264.974457,38338,DEFAULT,ADAPTIVE,CAR,
1787973283323,2.49482632,834,unnamed,,NO_POSE,UNKNOWN,0,0,0,0,0,0,0,0,1,0,0,0,0,,,,,,,,,,,,0.494082987,2023.95154,0,,,0,2,316.881897,264.974457,38338,DEFAULT,ADAPTIVE,CAR,
1787973283324,2.49543381,835,unnamed,,NO_POSE,UNKNOWN,0,0,0,0,0,0,0,0,1,0,0,0,0,,,,,,,,,,,,0.607582986,1645.86572,0,,,0,2,316.922668,264.974457,38338,DEFAULT,ADAPTIVE,CAR,
1787973283324,2.49593019,836,unnamed,,NO_POSE,UNKNOWN,0,0,0,0,0,0,0,0,1,0,0,0,0,,,,,,,,,,,,0.496250004,2015.1134,0,,,0,2,316.917419,264.974457,38338,DEFAULT,ADAPTIVE,CAR,
1787973283325,2.49652719,837,unnamed,,NO_POSE,UNKNOWN,0,0,0,0,0,0,0,0,1,0,0,0,0,,,,,,,,,,,,0.597124994,1674.69128,0,,,0,2,316.957397,264.974457,38338,DEFAULT,ADAPTIVE,CAR,
1787973283326,2.49714398,838,unnamed,,NO_POSE,UNKNOWN,0,0,0,0,0,0,0,0,1,0,0,0,0,,,,,,,,,,,,0.616750002,1621.40259,0,,,0,2,316.997803,264.974457,38338,DEFAULT,ADAPTIVE,CAR,
1787973283326,2.49773574,839,unnamed,,NO_POSE,UNKNOWN,0,0,0,0,0,0,0,0,1,0,0,0,0,,,,,,,,,,,,0.591708958,1690.02002,0,,,0,2,317.038757,264.974457,38338,DEFAULT,ADAPTIVE,CAR,
1787973283327,2.49823308,840,unnamed,,NO_POSE,UNKNOWN,0,0,0,0,0,0,0,0,1,0,0,0,0,,,,,,,,,,,,0.497290969,2010.89514,0,,,0,2,317.079681,264.974457,38338,DEFAULT,ADAPTIVE,CAR,
1787973283327,2.49893594,841,unnamed,,NO_POSE,UNKNOWN,0,0,0,0,0,0,0,0,1,0,0,0,0,,,,,,,,,,,,0.702792048,1422.89612,0,,,0,2,317.121826,264.974457,38338,DEFAULT,ADAPTIVE,CAR,
1787973283328,2.49943113,842,unnamed,,NO_POSE,UNKNOWN,0,0,0,0,0,0,0,0,1,0,0,0,0,,,,,,,,,,,,0.495208025,2019.35339,0,,,0,2,317.162781,264.974457,38338,DEFAULT,ADAPTIVE,CAR,
1787973283328,2.49992919,843,unnamed,,NO_POSE,UNKNOWN,0,0,0,0,0,0,0,0,1,0,0,0,0,,,,,,,,,,,,0.498124987,2007.52832,0,,,0,2,317.203705,264.974457,38338,DEFAULT,ADAPTIVE,CAR,
1787973283329,2.50053716,844,unnamed,,NO_POSE,UNKNOWN,0,0,0,0,0,0,0,0,1,0,0,0,0,,,,,,,,,,,,0.60787499,1645.07507,0,,,0,2,317.24469,264.974457,38338,DEFAULT,ADAPTIVE,CAR,
1787973283329,2.50102568,845,unnamed,,NO_POSE,UNKNOWN,0,0,0,0,0,0,0,0,1,0,0,0,0,,,,,,,,,,,,0.488666981,2046.3833,0,,,0,2,317.285614,264.974457,38338,DEFAULT,ADAPTIVE,CAR,
1787973283330,2.50152588,846,unnamed,,NO_POSE,UNKNOWN,0,0,0,0,0,0,0,0,1,0,0,0,0,,,,,,,,,,,,0.50020802,1999.16833,0,,,0,2,317.326569,264.974457,38338,DEFAULT,ADAPTIVE,CAR,
1787973283330,2.50203276,847,unnamed,,NO_POSE,UNKNOWN,0,0,0,0,0,0,0,0,1,0,0,0,0,,,,,,,,,,,,0.506958961,1972.54614,0,,,0,2,317.367523,264.974457,38338,DEFAULT,ADAPTIVE,CAR,
1787973283331,2.50263643,848,unnamed,,NO_POSE,UNKNOWN,0,0,0,0,0,0,0,0,1,0,0,0,0,,,,,,,,,,,,0.603540957,1656.88831,0,,,0,2,317.408478,264.974457,38338,DEFAULT,ADAPTIVE,CAR,
1787973283332,2.50323558,849,unnamed,,NO_POSE,UNKNOWN,0,0,0,0,0,0,0,0,1,0,0,0,0,,,,,,,,,,,,0.59908402,1669.21497,0,,,0,2,317.449402,264.974457,38338,DEFAULT,ADAPTIVE,CAR,
1787973283332,2.50372791,850,unnamed,,NO_POSE,UNKNOWN,0,0,0,0,0,0,0,0,1,0,0,0,0,,,,,,,,,,,,0.492500037,2030.45679,0,,,0,2,317.490204,264.974457,38338,DEFAULT,ADAPTIVE,CAR,
1787973283333,2.50433707,851,unnamed,,NO_POSE,UNKNOWN,0,0,0,0,0,0,0,0,1,0,0,0,0,,,,,,,,,,,,0.608958006,1642.14929,0,,,0,2,317.531158,264.974457,38338,DEFAULT,ADAPTIVE,CAR,
1787973283333,2.50496197,852,unnamed,,NO_POSE,UNKNOWN,0,0,0,0,0,0,0,0,1,0,0,0,0,,,,,,,,,,,,0.62508297,1599.7876,0,,,0,2,317.571747,264.974457,38338,DEFAULT,ADAPTIVE,CAR,
1787973283334,2.50564909,853,unnamed,,NO_POSE,UNKNOWN,0,0,0,0,0,0,0,0,1,0,0,0,0,,,,,,,,,,,,0.687125027,1455.33923,0,,,0,2,317.612152,264.974457,38338,DEFAULT,ADAPTIVE,CAR,
1787973283335,2.50638533,854,unnamed,,NO_POSE,UNKNOWN,0,0,0,0,0,0,0,0,1,0,0,0,0,,,,,,,,,,,,0.736208975,1358.30994,0,,,0,2,317.653107,264.974457,38338,DEFAULT,ADAPTIVE,CAR,
1787973283335,2.50693059,855,unnamed,,NO_POSE,UNKNOWN,0,0,0,0,0,0,0,0,1,0,0,0,0,,,,,,,,,,,,0.545125008,1834.44165,0,,,0,2,317.694031,264.974457,38338,DEFAULT,ADAPTIVE,CAR,
1787973283336,2.50754738,856,unnamed,,NO_POSE,UNKNOWN,0,0,0,0,0,0,0,0,1,0,0,0,0,,,,,,,,,,,,0.61679101,1621.29468,0,,,0,2,317.734985,264.974457,38338,DEFAULT,ADAPTIVE,CAR,
1787973283337,2.50813699,857,unnamed,,NO_POSE,UNKNOWN,0,0,0,0,0,0,0,0,1,0,0,0,0,,,,,,,,,,,,0.589708984,1695.75171,0,,,0,2,317.77594,264.974457,38338,DEFAULT,ADAPTIVE,CAR,
1787973283337,2.50863028,858,unnamed,,NO_POSE,UNKNOWN,0,0,0,0,0,0,0,0,1,0,0,0,0,,,,,,,,,,,,0.493375003,2026.85583,0,,,0,2,317.816895,264.974457,38338,DEFAULT,ADAPTIVE,CAR,
1787973283338,2.50923204,859,unnamed,,NO_POSE,UNKNOWN,0,0,0,0,0,0,0,0,1,0,0,0,0,,,,,,,,,,,,0.601749957,1661.8197,0,,,0,2,317.857819,264.974457,38338,DEFAULT,ADAPTIVE,CAR,
1787973283338,2.5097332,860,unnamed,,NO_POSE,UNKNOWN,0,0,0,0,0,0,0,0,1,0,0,0,0,,,,,,,,,,,,0.501082957,1995.67749,0,,,0,2,316.707672,264.974457,38338,DEFAULT,ADAPTIVE,CAR,
1787973283339,2.5103302,861,unnamed,,NO_POSE,UNKNOWN,0,0,0,0,0,0,0,0,1,0,0,0,0,,,,,,,,,,,,0.597000003,1675.04187,0,,,0,2,316.748627,264.974457,38338,DEFAULT,ADAPTIVE,CAR,
1787973283339,2.5108242,862,unnamed,,NO_POSE,UNKNOWN,0,0,0,0,0,0,0,0,1,0,0,0,0,,,,,,,,,,,,0.494082987,2023.95154,0,,,0,2,316.743378,264.974457,38338,DEFAULT,ADAPTIVE,CAR,
1787973283340,2.5113349,863,unnamed,,NO_POSE,UNKNOWN,0,0,0,0,0,0,0,0,1,0,0,0,0,,,,,,,,,,,,0.510625005,1958.38428,0,,,0,2,316.737518,264.974457,38338,DEFAULT,ADAPTIVE,CAR,
1787973283340,2.51193953,864,unnamed,,NO_POSE,UNKNOWN,0,0,0,0,0,0,0,0,1,0,0,0,0,,,,,,,,,,,,0.604667008,1653.80286,0,,,0,2,316.777832,264.974457,38338,DEFAULT,ADAPTIVE,CAR,
1787973283341,2.5125463,865,unnamed,,NO_POSE,UNKNOWN,0,0,0,0,0,0,0,0,1,0,0,0,0,,,,,,,,,,,,0.606625021,1648.46484,0,,,0,2,316.818634,264.974457,38338,DEFAULT,ADAPTIVE,CAR,
1787973283342,2.5131588,866,unnamed,,NO_POSE,UNKNOWN,0,0,0,0,0,0,0,0,1,0,0,0,0,,,,,,,,,,,,0.612667024,1632.20801,0,,,0,2,316.859222,264.974457,38338,DEFAULT,ADAPTIVE,CAR,
1787973283342,2.51384068,867,unnamed,,NO_POSE,UNKNOWN,0,0,0,0,0,0,0,0,1,0,0,0,0,,,,,,,,,,,,0.681915998,1466.4563,0,,,0,2,316.899658,264.974457,38338,DEFAULT,ADAPTIVE,CAR,
1787973283343,2.51443243,868,unnamed,,NO_POSE,UNKNOWN,0,0,0,0,0,0,0,0,1,0,0,0,0,,,,,,,,,,,,0.591542006,1690.49707,0,,,0,2,316.940582,264.974457,38338,DEFAULT,ADAPTIVE,CAR,
1787973283343,2.51491737,869,unnamed,,NO_POSE,UNKNOWN,0,0,0,0,0,0,0,0,1,0,0,0,0,,,,,,,,,,,,0.484957993,2062.03418,0,,,0,2,316.981537,264.974457,38338,DEFAULT,ADAPTIVE,CAR,
1787973283344,2.51543069,870,unnamed,,NO_POSE,UNKNOWN,0,0,0,0,0,0,0,0,1,0,0,0,0,,,,,,,,,,,,0.513291955,1948.20886,0,,,0,2,317.022491,264.974457,38338,DEFAULT,ADAPTIVE,CAR,
1787973283345,2.51603818,871,unnamed,,NO_POSE,UNKNOWN,0,0,0,0,0,0,0,0,1,0,0,0,0,,,,,,,,,,,,0.607582986,1645.86572,0,,,0,2,317.063446,264.974457,38338,DEFAULT,ADAPTIVE,CAR,
1787973283345,2.51663518,872,unnamed,,NO_POSE,UNKNOWN,0,0,0,0,0,0,0,0,1,0,0,0,0,,,,,,,,,,,,0.597041965,1674.92407,0,,,0,2,317.055969,264.974457,38338,DEFAULT,ADAPTIVE,CAR,
1787973283346,2.51712441,873,unnamed,,NO_POSE,UNKNOWN,0,0,0,0,0,0,0,0,1,0,0,0,0,,,,,,,,,,,,0.489125013,2044.46704,0,,,0,2,317.095703,264.974457,38338,DEFAULT,ADAPTIVE,CAR,
1787973283346,2.51764131,874,unnamed,,NO_POSE,UNKNOWN,0,0,0,0,0,0,0,0,1,0,0,0,0,,,,,,,,,,,,0.517041981,1934.07886,0,,,0,2,317.136658,264.974457,38338,DEFAULT,ADAPTIVE,CAR,
1787973283347,2.51823401,875,unnamed,,NO_POSE,UNKNOWN,0,0,0,0,0,0,0,0,1,0,0,0,0,,,,,,,,,,,,0.592540979,1687.64685,0,,,0,2,317.177582,264.974457,38338,DEFAULT,ADAPTIVE,CAR,
1787973283347,2.51872635,876,unnamed,,NO_POSE,UNKNOWN,0,0,0,0,0,0,0,0,1,0,0,0,0,,,,,,,,,,,,0.492417008,2030.79907,0,,,0,2,317.172302,264.974457,38338,DEFAULT,ADAPTIVE,CAR,
1787973283348,2.51922536,877,unnamed,,NO_POSE,UNKNOWN,0,0,0,0,0,0,0,0,1,0,0,0,0,,,,,,,,,,,,0.499124974,2003.50623,0,,,0,2,317.212677,264.974457,38338,DEFAULT,ADAPTIVE,CAR,
1787973283348,2.51972461,878,unnamed,,NO_POSE,UNKNOWN,0,0,0,0,0,0,0,0,1,0,0,0,0,,,,,,,,,,,,0.499167025,2003.33752,0,,,0,2,317.253601,264.974457,38338,DEFAULT,ADAPTIVE,CAR,
1787973283349,2.52022648,879,unnamed,,NO_POSE,UNKNOWN,0,0,0,0,0,0,0,0,1,0,0,0,0,,,,,,,,,,,,0.501749992,1993.02454,0,,,0,2,317.294586,264.974457,38338,DEFAULT,ADAPTIVE,CAR,
1787973283349,2.52072763,880,unnamed,,NO_POSE,UNKNOWN,0,0,0,0,0,0,0,0,1,0,0,0,0,,,,,,,,,,,,0.501208007,1995.17957,0,,,0,2,317.335358,264.974457,38338,DEFAULT,ADAPTIVE,CAR,
1787973283350,2.52129197,881,unnamed,,NO_POSE,UNKNOWN,0,0,0,0,0,0,0,0,1,0,0,0,0,,,,,,,,,,,,0.564458013,1771.61096,0,,,0,2,317.375946,264.974457,38338,DEFAULT,ADAPTIVE,CAR,
1787973283350,2.52194238,882,unnamed,,NO_POSE,UNKNOWN,0,0,0,0,0,0,0,0,1,0,0,0,0,,,,,,,,,,,,0.650291979,1537.77075,0,,,0,2,317.416351,264.974457,38338,DEFAULT,ADAPTIVE,CAR,
1787973283351,2.52265024,883,unnamed,,NO_POSE,UNKNOWN,0,0,0,0,0,0,0,0,1,0,0,0,0,,,,,,,,,,,,0.708000004,1412.42944,0,,,0,2,317.457306,264.974457,38338,DEFAULT,ADAPTIVE,CAR,
1787973283352,2.52334332,884,unnamed,,NO_POSE,UNKNOWN,0,0,0,0,0,0,0,0,1,0,0,0,0,,,,,,,,,,,,0.692916989,1443.17432,0,,,0,2,317.49826,264.974457,38338,DEFAULT,ADAPTIVE,CAR,
1787973283352,2.52393341,885,unnamed,,NO_POSE,UNKNOWN,0,0,0,0,0,0,0,0,1,0,0,0,0,,,,,,,,,,,,0.590207994,1694.31799,0,,,0,2,317.539215,264.974457,38338,DEFAULT,ADAPTIVE,CAR,
1787973283353,2.52454782,886,unnamed,,NO_POSE,UNKNOWN,0,0,0,0,0,0,0,0,1,0,0,0,0,,,,,,,,,,,,0.614291966,1627.89038,0,,,0,2,317.580139,264.974457,38338,DEFAULT,ADAPTIVE,CAR,
1787973283354,2.52513099,887,unnamed,,NO_POSE,UNKNOWN,0,0,0,0,0,0,0,0,1,0,0,0,0,,,,,,,,,,,,0.583124995,1714.89819,0,,,0,2,316.628204,264.974457,38338,DEFAULT,ADAPTIVE,CAR,
1787973283354,2.5257318,888,unnamed,,NO_POSE,UNKNOWN,0,0,0,0,0,0,0,0,1,0,0,0,0,,,,,,,,,,,,0.601041019,1663.78003,0,,,0,2,316.662628,264.974457,38338,DEFAULT,ADAPTIVE,CAR,
1787973283355,2.52634001,889,unnamed,,NO_POSE,UNKNOWN,0,0,0,0,0,0,0,0,1,0,0,0,0,,,,,,,,,,,,0.608209014,1644.17163,0,,,0,2,316.703583,264.974457,38338,DEFAULT,ADAPTIVE,CAR,
1787973283355,2.52693176,890,unnamed,,NO_POSE,UNKNOWN,0,0,0,0,0,0,0,0,1,0,0,0,0,,,,,,,,,,,,0.591708004,1690.02283,0,,,0,2,316.744507,264.974457,38338,DEFAULT,ADAPTIVE,CAR,
1787973283356,2.52741909,891,unnamed,,NO_POSE,UNKNOWN,0,0,0,0,0,0,0,0,1,0,0,0,0,,,,,,,,,,,,0.487333,2051.98511,0,,,0,2,316.739227,264.974457,38338,DEFAULT,ADAPTIVE,CAR,
1787973283356,2.52794313,892,unnamed,,NO_POSE,UNKNOWN,0,0,0,0,0,0,0,0,1,0,0,0,0,,,,,,,,,,,,0.524084032,1908.09094,0,,,0,2,316.779602,264.974457,38338,DEFAULT,ADAPTIVE,CAR,
1787973283357,2.52853489,893,unnamed,,NO_POSE,UNKNOWN,0,0,0,0,0,0,0,0,1,0,0,0,0,,,,,,,,,,,,0.591583014,1690.37976,0,,,0,2,316.820526,264.974457,38338,DEFAULT,ADAPTIVE,CAR,
1787973283357,2.52903366,894,unnamed,,NO_POSE,UNKNOWN,0,0,0,0,0,0,0,0,1,0,0,0,0,,,,,,,,,,,,0.498750001,2005.01245,0,,,0,2,316.861328,264.974457,38338,DEFAULT,ADAPTIVE,CAR,
1787973283358,2.52972364,895,unnamed,,NO_POSE,UNKNOWN,0,0,0,0,0,0,0,0,1,0,0,0,0,,,,,,,,,,,,0.690083027,1449.10095,0,,,0,2,316.901917,264.974457,38338,DEFAULT,ADAPTIVE,CAR,
1787973283359,2.5304513,896,unnamed,,NO_POSE,UNKNOWN,0,0,0,0,0,0,0,0,1,0,0,0,0,,,,,,,,,,,,0.727750003,1374.09827,0,,,0,2,316.942322,264.974457,38338,DEFAULT,ADAPTIVE,CAR,
1787973283359,2.53103209,897,unnamed,,NO_POSE,UNKNOWN,0,0,0,0,0,0,0,0,1,0,0,0,0,,,,,,,,,,,,0.58058399,1722.40369,0,,,0,2,316.983276,264.974457,38338,DEFAULT,ADAPTIVE,CAR,
1787973283360,2.53153157,898,unnamed,,NO_POSE,UNKNOWN,0,0,0,0,0,0,0,0,1,0,0,0,0,,,,,,,,,,,,0.499583036,2001.66931,0,,,0,2,317.024231,264.974457,38338,DEFAULT,ADAPTIVE,CAR,
1787973283360,2.53202701,899,unnamed,,NO_POSE,UNKNOWN,0,0,0,0,0,0,0,0,1,0,0,0,0,,,,,,,,,,,,0.495458007,2018.33447,0,,,0,2,317.065155,264.974457,38338,DEFAULT,ADAPTIVE,CAR,
1787973283361,2.53253436,900,unnamed,,NO_POSE,UNKNOWN,0,0,0,0,0,0,0,0,1,0,0,0,0,,,,,,,,,,,,0.507250011,1971.41443,0,,,0,2,317.10611,264.974457,38338,DEFAULT,ADAPTIVE,CAR,
1787973283362,2.53313231,901,unnamed,,NO_POSE,UNKNOWN,0,0,0,0,0,0,0,0,1,0,0,0,0,,,,,,,,,,,,0.598041952,1672.12341,0,,,0,2,317.147064,264.974457,38338,DEFAULT,ADAPTIVE,CAR,
1787973283362,2.53374529,902,unnamed,,NO_POSE,UNKNOWN,0,0,0,0,0,0,0,0,1,0,0,0,0,,,,,,,,,,,,0.613000035,1631.32129,0,,,0,2,317.188019,264.974457,38338,DEFAULT,ADAPTIVE,CAR,
1787973283363,2.53433681,903,unnamed,,NO_POSE,UNKNOWN,0,0,0,0,0,0,0,0,1,0,0,0,0,,,,,,,,,,,,0.591583014,1690.37976,0,,,0,2,317.228973,264.974457,38338,DEFAULT,ADAPTIVE,CAR,
1787973283363,2.5348382,904,unnamed,,NO_POSE,UNKNOWN,0,0,0,0,0,0,0,0,1,0,0,0,0,,,,,,,,,,,,0.501334012,1994.6781,0,,,0,2,317.223663,264.974457,38338,DEFAULT,ADAPTIVE,CAR,
1787973283364,2.53543091,905,unnamed,,NO_POSE,UNKNOWN,0,0,0,0,0,0,0,0,1,0,0,0,0,,,,,,,,,,,,0.592749953,1687.052,0,,,0,2,317.264038,264.974457,38338,DEFAULT,ADAPTIVE,CAR,
1787973283364,2.53592777,906,unnamed,,NO_POSE,UNKNOWN,0,0,0,0,0,0,0,0,1,0,0,0,0,,,,,,,,,,,,0.496790975,2012.91895,0,,,0,2,317.258728,264.974457,38338,DEFAULT,ADAPTIVE,CAR,
1787973283365,2.5364418,907,unnamed,,NO_POSE,UNKNOWN,0,0,0,0,0,0,0,0,1,0,0,0,0,,,,,,,,,,,,0.514083982,1945.2074,0,,,0,2,317.299103,264.974457,38338,DEFAULT,ADAPTIVE,CAR,
1787973283365,2.5370326,908,unnamed,,NO_POSE,UNKNOWN,0,0,0,0,0,0,0,0,1,0,0,0,0,,,,,,,,,,,,0.590708017,1692.88379,0,,,0,2,317.340057,264.974457,38338,DEFAULT,ADAPTIVE,CAR,
1787973283366,2.53753734,909,unnamed,,NO_POSE,UNKNOWN,0,0,0,0,0,0,0,0,1,0,0,0,0,,,,,,,,,,,,0.504707992,1981.34375,0,,,0,2,317.380859,264.974457,38338,DEFAULT,ADAPTIVE,CAR,
1787973283367,2.53818035,910,unnamed,,NO_POSE,UNKNOWN,0,0,0,0,0,0,0,0,1,0,0,0,0,,,,,,,,,,,,0.643124998,1554.90771,0,,,0,2,317.421356,264.974457,38338,DEFAULT,ADAPTIVE,CAR,
1787973283369,2.54046321,911,unnamed,,NO_POSE,UNKNOWN,0,0,0,0,0,0,0,0,1,0,0,0,0,,,,,,,,,,,,2.28270912,438.075958,0,,,0,2,317.71698,264.978851,38338,DEFAULT,ADAPTIVE,CAR,
1787973283370,2.54126906,912,unnamed,,NO_POSE,UNKNOWN,0,0,0,0,0,0,0,0,1,0,0,0,0,,,,,,,,,,,,0.806041002,1240.63171,0,,,0,2,317.757935,264.978851,38338,DEFAULT,ADAPTIVE,CAR,
1787973283370,2.54193163,913,unnamed,,NO_POSE,UNKNOWN,0,0,0,0,0,0,0,0,1,0,0,0,0,,,,,,,,,,,,0.662499964,1509.43396,0,,,0,2,317.798889,264.978851,38338,DEFAULT,ADAPTIVE,CAR,
1787973283371,2.5425427,914,unnamed,,NO_POSE,UNKNOWN,0,0,0,0,0,0,0,0,1,0,0,0,0,,,,,,,,,,,,0.610916972,1636.88354,0,,,0,2,317.839813,264.978851,38338,DEFAULT,ADAPTIVE,CAR,
1787973283372,2.54313183,915,unnamed,,NO_POSE,UNKNOWN,0,0,0,0,0,0,0,0,1,0,0,0,0,,,,,,,,,,,,0.589332998,1696.8335,0,,,0,2,317.880768,264.978851,38338,DEFAULT,ADAPTIVE,CAR,
1787973283372,2.5437336,916,unnamed,,NO_POSE,UNKNOWN,0,0,0,0,0,0,0,0,1,0,0,0,0,,,,,,,,,,,,0.601583958,1662.27832,0,,,0,2,317.921722,264.978851,38338,DEFAULT,ADAPTIVE,CAR,
1787973283373,2.54423118,917,unnamed,,NO_POSE,UNKNOWN,0,0,0,0,0,0,0,0,1,0,0,0,0,,,,,,,,,,,,0.497707993,2009.21033,0,,,0,2,317.962646,264.978851,38338,DEFAULT,ADAPTIVE,CAR,
1787973283373,2.54483366,918,unnamed,,NO_POSE,UNKNOWN,0,0,0,0,0,0,0,0,1,0,0,0,0,,,,,,,,,,,,0.602416992,1659.97974,0,,,0,2,316.8125,264.978851,38338,DEFAULT,ADAPTIVE,CAR,
1787973283374,2.54543233,919,unnamed,,NO_POSE,UNKNOWN,0,0,0,0,0,0,0,0,1,0,0,0,0,,,,,,,,,,,,0.598791003,1670.03174,0,,,0,2,316.853302,264.978851,38338,DEFAULT,ADAPTIVE,CAR,
1787973283374,2.54603553,920,unnamed,,NO_POSE,UNKNOWN,0,0,0,0,0,0,0,0,1,0,0,0,0,,,,,,,,,,,,0.603083968,1658.1438,0,,,0,2,316.894226,264.978851,38338,DEFAULT,ADAPTIVE,CAR,
1787973283375,2.54665327,921,unnamed,,NO_POSE,UNKNOWN,0,0,0,0,0,0,0,0,1,0,0,0,0,,,,,,,,,,,,0.617790997,1618.67029,0,,,0,2,316.934845,264.978851,38338,DEFAULT,ADAPTIVE,CAR,
1787973283376,2.54733753,922,unnamed,,NO_POSE,UNKNOWN,0,0,0,0,0,0,0,0,1,0,0,0,0,,,,,,,,,,,,0.684125006,1461.72119,0,,,0,2,316.97525,264.978851,38338,DEFAULT,ADAPTIVE,CAR,
1787973283376,2.54793572,923,unnamed,,NO_POSE,UNKNOWN,0,0,0,0,0,0,0,0,1,0,0,0,0,,,,,,,,,,,,0.598416984,1671.07544,0,,,0,2,317.016205,264.978851,38338,DEFAULT,ADAPTIVE,CAR,
1787973283377,2.54855132,924,unnamed,,NO_POSE,UNKNOWN,0,0,0,0,0,0,0,0,1,0,0,0,0,,,,,,,,,,,,0.615541995,1624.58447,0,,,0,2,317.057129,264.978851,38338,DEFAULT,ADAPTIVE,CAR,
1787973283378,2.54913402,925,unnamed,,NO_POSE,UNKNOWN,0,0,0,0,0,0,0,0,1,0,0,0,0,,,,,,,,,,,,0.582708001,1716.12549,0,,,0,2,317.098083,264.978851,38338,DEFAULT,ADAPTIVE,CAR,
1787973283378,2.54973984,926,unnamed,,NO_POSE,UNKNOWN,0,0,0,0,0,0,0,0,1,0,0,0,0,,,,,,,,,,,,0.605708003,1650.96057,0,,,0,2,317.139038,264.978851,38338,DEFAULT,ADAPTIVE,CAR,
1787973283379,2.55033779,927,unnamed,,NO_POSE,UNKNOWN,0,0,0,0,0,0,0,0,1,0,0,0,0,,,,,,,,,,,,0.598084033,1672.00586,0,,,0,2,317.179993,264.978851,38338,DEFAULT,ADAPTIVE,CAR,
1787973283379,2.55093789,928,unnamed,,NO_POSE,UNKNOWN,0,0,0,0,0,0,0,0,1,0,0,0,0,,,,,,,,,,,,0.599915981,1666.90015,0,,,0,2,317.220947,264.978851,38338,DEFAULT,ADAPTIVE,CAR,
1787973283380,2.5514276,929,unnamed,,NO_POSE,UNKNOWN,0,0,0,0,0,0,0,0,1,0,0,0,0,,,,,,,,,,,,0.48991701,2041.16211,0,,,0,2,317.215668,264.978851,38338,DEFAULT,ADAPTIVE,CAR,
1787973283380,2.5519278,930,unnamed,,NO_POSE,UNKNOWN,0,0,0,0,0,0,0,0,1,0,0,0,0,,,,,,,,,,,,0.500041962,1999.83203,0,,,0,2,317.256012,264.978851,38338,DEFAULT,ADAPTIVE,CAR,
1787973283381,2.55253267,931,unnamed,,NO_POSE,UNKNOWN,0,0,0,0,0,0,0,0,1,0,0,0,0,,,,,,,,,,,,0.605000019,1652.89258,0,,,0,2,317.296936,264.978851,38338,DEFAULT,ADAPTIVE,CAR,
1787973283381,2.55302215,932,unnamed,,NO_POSE,UNKNOWN,0,0,0,0,0,0,0,0,1,0,0,0,0,,,,,,,,,,,,0.489374965,2043.42285,0,,,0,2,317.337891,264.978851,38338,DEFAULT,ADAPTIVE,CAR,
1787973283382,2.55352831,933,unnamed,,NO_POSE,UNKNOWN,0,0,0,0,0,0,0,0,1,0,0,0,0,,,,,,,,,,,,0.506250024,1975.30859,0,,,0,2,317.378845,264.978851,38338,DEFAULT,ADAPTIVE,CAR,
1787973283382,2.55404115,934,unnamed,,NO_POSE,UNKNOWN,0,0,0,0,0,0,0,0,1,0,0,0,0,,,,,,,,,,,,0.512790978,1950.1123,0,,,0,2,317.419647,264.978851,38338,DEFAULT,ADAPTIVE,CAR,
1787973283383,2.55462861,935,unnamed,,NO_POSE,UNKNOWN,0,0,0,0,0,0,0,0,1,0,0,0,0,,,,,,,,,,,,0.587333977,1702.60876,0,,,0,2,317.460205,264.978851,38338,DEFAULT,ADAPTIVE,CAR,
1787973283384,2.55524015,936,unnamed,,NO_POSE,UNKNOWN,0,0,0,0,0,0,0,0,1,0,0,0,0,,,,,,,,,,,,0.611582994,1635.10107,0,,,0,2,317.500641,264.978851,38338,DEFAULT,ADAPTIVE,CAR,
1787973283384,2.55593967,937,unnamed,,NO_POSE,UNKNOWN,0,0,0,0,0,0,0,0,1,0,0,0,0,,,,,,,,,,,,0.699625015,1429.33716,0,,,0,2,317.541565,264.978851,38338,DEFAULT,ADAPTIVE,CAR,
1787973283385,2.55663466,938,unnamed,,NO_POSE,UNKNOWN,0,0,0,0,0,0,0,0,1,0,0,0,0,,,,,,,,,,,,0.694999993,1438.84888,0,,,0,2,317.58252,264.978851,38338,DEFAULT,ADAPTIVE,CAR,
1787973283386,2.55723572,939,unnamed,,NO_POSE,UNKNOWN,0,0,0,0,0,0,0,0,1,0,0,0,0,,,,,,,,,,,,0.600916982,1664.12341,0,,,0,2,317.623474,264.978851,38338,DEFAULT,ADAPTIVE,CAR,
1787973283386,2.55783749,940,unnamed,,NO_POSE,UNKNOWN,0,0,0,0,0,0,0,0,1,0,0,0,0,,,,,,,,,,,,0.601875007,1661.47449,0,,,0,2,317.66391,264.978851,38338,DEFAULT,ADAPTIVE,CAR,
1787973283387,2.55843496,941,unnamed,,NO_POSE,UNKNOWN,0,0,0,0,0,0,0,0,1,0,0,0,0,,,,,,,,,,,,0.597458005,1673.75781,0,,,0,2,317.704865,264.978851,38338,DEFAULT,ADAPTIVE,CAR,
1787973283388,2.55905032,942,unnamed,,NO_POSE,UNKNOWN,0,0,0,0,0,0,0,0,1,0,0,0,0,,,,,,,,,,,,0.615374982,1625.02539,0,,,0,2,317.745819,264.978851,38338,DEFAULT,ADAPTIVE,CAR,
1787973283388,2.55952644,943,unnamed,,NO_POSE,UNKNOWN,0,0,0,0,0,0,0,0,1,0,0,0,0,,,,,,,,,,,,0.476167023,2100.10352,0,,,0,2,317.786774,264.978851,38338,DEFAULT,ADAPTIVE,CAR,
1787973283388,2.56002665,944,unnamed,,NO_POSE,UNKNOWN,0,0,0,0,0,0,0,0,1,0,0,0,0,,,,,,,,,,,,0.500041008,1999.83606,0,,,0,2,317.827698,264.978851,38338,DEFAULT,ADAPTIVE,CAR,
1787973283389,2.56052303,945,unnamed,,NO_POSE,UNKNOWN,0,0,0,0,0,0,0,0,1,0,0,0,0,,,,,,,,,,,,0.496416986,2014.43542,0,,,0,2,316.233948,264.978851,38338,DEFAULT,ADAPTIVE,CAR,
1787973283389,2.56101799,946,unnamed,,NO_POSE,UNKNOWN,0,0,0,0,0,0,0,0,1,0,0,0,0,,,,,,,,,,,,0.494916975,2020.54089,0,,,0,2,316.221527,264.978851,38338,DEFAULT,ADAPTIVE,CAR,
1787973283390,2.56153226,947,unnamed,,NO_POSE,UNKNOWN,0,0,0,0,0,0,0,0,1,0,0,0,0,,,,,,,,,,,,0.514458001,1943.79333,0,,,0,2,316.261902,264.978851,38338,DEFAULT,ADAPTIVE,CAR,
1787973283391,2.56205702,948,unnamed,,NO_POSE,UNKNOWN,0,0,0,0,0,0,0,0,1,0,0,0,0,,,,,,,,,,,,0.524582982,1906.27612,0,,,0,2,316.302399,264.978851,38338,DEFAULT,ADAPTIVE,CAR,
1787973283391,2.562639,949,unnamed,,NO_POSE,UNKNOWN,0,0,0,0,0,0,0,0,1,0,0,0,0,,,,,,,,,,,,0.582041979,1718.08911,0,,,0,2,316.343353,264.978851,38338,DEFAULT,ADAPTIVE,CAR,
1787973283392,2.56322932,950,unnamed,,NO_POSE,UNKNOWN,0,0,0,0,0,0,0,0,1,0,0,0,0,,,,,,,,,,,,0.590333045,1693.95911,0,,,0,2,316.383942,264.978851,38338,DEFAULT,ADAPTIVE,CAR,
1787973283392,2.56394482,951,unnamed,,NO_POSE,UNKNOWN,0,0,0,0,0,0,0,0,1,0,0,0,0,,,,,,,,,,,,0.715499997,1397.62415,0,,,0,2,316.424347,264.978851,38338,DEFAULT,ADAPTIVE,CAR,
1787973283393,2.56452751,952,unnamed,,NO_POSE,UNKNOWN,0,0,0,0,0,0,0,0,1,0,0,0,0,,,,,,,,,,,,0.582834005,1715.75439,0,,,0,2,316.465302,264.978851,38338,DEFAULT,ADAPTIVE,CAR,
1787973283393,2.56502104,953,unnamed,,NO_POSE,UNKNOWN,0,0,0,0,0,0,0,0,1,0,0,0,0,,,,,,,,,,,,0.493499964,2026.34253,0,,,0,2,316.506226,264.978851,38338,DEFAULT,ADAPTIVE,CAR,
1787973283394,2.5655272,954,unnamed,,NO_POSE,UNKNOWN,0,0,0,0,0,0,0,0,1,0,0,0,0,,,,,,,,,,,,0.50604099,1976.12451,0,,,0,2,316.54718,264.978851,38338,DEFAULT,ADAPTIVE,CAR,
1787973283394,2.56602311,955,unnamed,,NO_POSE,UNKNOWN,0,0,0,0,0,0,0,0,1,0,0,0,0,,,,,,,,,,,,0.495833993,2016.80408,0,,,0,2,316.588135,264.978851,38338,DEFAULT,ADAPTIVE,CAR,
1787973283395,2.56652689,956,unnamed,,NO_POSE,UNKNOWN,0,0,0,0,0,0,0,0,1,0,0,0,0,,,,,,,,,,,,0.503790975,1984.9502,0,,,0,2,316.629089,264.978851,38338,DEFAULT,ADAPTIVE,CAR,
1787973283395,2.56703734,957,unnamed,,NO_POSE,UNKNOWN,0,0,0,0,0,0,0,0,1,0,0,0,0,,,,,,,,,,,,0.510500014,1958.86389,0,,,0,2,316.670044,264.978851,38338,DEFAULT,ADAPTIVE,CAR,
1787973283396,2.56763268,958,unnamed,,NO_POSE,UNKNOWN,0,0,0,0,0,0,0,0,1,0,0,0,0,,,,,,,,,,,,0.595459044,1679.37671,0,,,0,2,316.710999,264.978851,38338,DEFAULT,ADAPTIVE,CAR,
1787973283397,2.5681231,959,unnamed,,NO_POSE,UNKNOWN,0,0,0,0,0,0,0,0,1,0,0,0,0,,,,,,,,,,,,0.49041602,2039.08508,0,,,0,2,316.751953,264.978851,38338,DEFAULT,ADAPTIVE,CAR,
1787973283397,2.5686388,960,unnamed,,NO_POSE,UNKNOWN,0,0,0,0,0,0,0,0,1,0,0,0,0,,,,,,,,,,,,0.515625,1939.39392,0,,,0,2,316.792908,264.978851,38338,DEFAULT,ADAPTIVE,CAR,
1787973283398,2.56934881,961,unnamed,,NO_POSE,UNKNOWN,0,0,0,0,0,0,0,0,1,0,0,0,0,,,,,,,,,,,,0.70995903,1408.53198,0,,,0,2,316.835022,264.978851,38338,DEFAULT,ADAPTIVE,CAR,
1787973283398,2.56982875,962,unnamed,,NO_POSE,UNKNOWN,0,0,0,0,0,0,0,0,1,0,0,0,0,,,,,,,,,,,,0.480082989,2082.97314,0,,,0,2,316.875977,264.978851,38338,DEFAULT,ADAPTIVE,CAR,
1787973283399,2.57043695,963,unnamed,,NO_POSE,UNKNOWN,0,0,0,0,0,0,0,0,1,0,0,0,0,,,,,,,,,,,,0.608208001,1644.17432,0,,,0,2,316.916779,264.978851,38338,DEFAULT,ADAPTIVE,CAR,
1787973283399,2.57092643,964,unnamed,,NO_POSE,UNKNOWN,0,0,0,0,0,0,0,0,1,0,0,0,0,,,,,,,,,,,,0.489416987,2043.24744,0,,,0,2,316.911591,264.978851,38338,DEFAULT,ADAPTIVE,CAR,
1787973283400,2.57160997,965,unnamed,,NO_POSE,UNKNOWN,0,0,0,0,0,0,0,0,1,0,0,0,0,,,,,,,,,,,,0.683500051,1463.05774,0,,,0,2,316.951477,264.978851,38338,DEFAULT,ADAPTIVE,CAR,
1787973283401,2.57245708,966,unnamed,,NO_POSE,UNKNOWN,0,0,0,0,0,0,0,0,1,0,0,0,0,,,,,,,,,,,,0.847042024,1180.57898,0,,,0,2,316.991882,264.978851,38338,DEFAULT,ADAPTIVE,CAR,
1787973283402,2.5731504,967,unnamed,,NO_POSE,UNKNOWN,0,0,0,0,0,0,0,0,1,0,0,0,0,,,,,,,,,,,,0.693499982,1441.96106,0,,,0,2,317.032837,264.978851,38338,DEFAULT,ADAPTIVE,CAR,
1787973283402,2.57372952,968,unnamed,,NO_POSE,UNKNOWN,0,0,0,0,0,0,0,0,1,0,0,0,0,,,,,,,,,,,,0.579082966,1726.86816,0,,,0,2,317.073792,264.978851,38338,DEFAULT,ADAPTIVE,CAR,
1787973283403,2.57433844,969,unnamed,,NO_POSE,UNKNOWN,0,0,0,0,0,0,0,0,1,0,0,0,0,,,,,,,,,,,,0.608875036,1642.37317,0,,,0,2,317.114746,264.978851,38338,DEFAULT,ADAPTIVE,CAR,
1787973283403,2.57493901,970,unnamed,,NO_POSE,UNKNOWN,0,0,0,0,0,0,0,0,1,0,0,0,0,,,,,,,,,,,,0.600667,1664.81604,0,,,0,2,317.155701,264.978851,38338,DEFAULT,ADAPTIVE,CAR,
1787973283404,2.57542205,971,unnamed,,NO_POSE,UNKNOWN,0,0,0,0,0,0,0,0,1,0,0,0,0,,,,,,,,,,,,0.482833028,2071.10938,0,,,0,2,317.150604,264.978851,38338,DEFAULT,ADAPTIVE,CAR,
1787973283404,2.57593656,972,unnamed,,NO_POSE,UNKNOWN,0,0,0,0,0,0,0,0,1,0,0,0,0,,,,,,,,,,,,0.514541984,1943.47595,0,,,0,2,315.999481,264.978851,38338,DEFAULT,ADAPTIVE,CAR,
1787973283405,2.5765276,973,unnamed,,NO_POSE,UNKNOWN,0,0,0,0,0,0,0,0,1,0,0,0,0,,,,,,,,,,,,0.591207981,1691.45215,0,,,0,2,316.03714,264.978851,38338,DEFAULT,ADAPTIVE,CAR,
1787973283405,2.57702589,974,unnamed,,NO_POSE,UNKNOWN,0,0,0,0,0,0,0,0,1,0,0,0,0,,,,,,,,,,,,0.498124987,2007.52832,0,,,0,2,316.078094,264.978851,38338,DEFAULT,ADAPTIVE,CAR,
1787973283406,2.57753301,975,unnamed,,NO_POSE,UNKNOWN,0,0,0,0,0,0,0,0,1,0,0,0,0,,,,,,,,,,,,0.50720799,1971.57776,0,,,0,2,316.072845,264.978851,38338,DEFAULT,ADAPTIVE,CAR,
1787973283407,2.57813549,976,unnamed,,NO_POSE,UNKNOWN,0,0,0,0,0,0,0,0,1,0,0,0,0,,,,,,,,,,,,0.602499962,1659.7511,0,,,0,2,316.113159,264.978851,38338,DEFAULT,ADAPTIVE,CAR,
1787973283407,2.57873416,977,unnamed,,NO_POSE,UNKNOWN,0,0,0,0,0,0,0,0,1,0,0,0,0,,,,,,,,,,,,0.598625004,1670.49487,0,,,0,2,316.154602,264.978851,38338,DEFAULT,ADAPTIVE,CAR,
1787973283408,2.57922649,978,unnamed,,NO_POSE,UNKNOWN,0,0,0,0,0,0,0,0,1,0,0,0,0,,,,,,,,,,,,0.492291987,2031.31482,0,,,0,2,316.194916,264.978851,38338,DEFAULT,ADAPTIVE,CAR,
1787973283408,2.57988191,979,unnamed,,NO_POSE,UNKNOWN,0,0,0,0,0,0,0,0,1,0,0,0,0,,,,,,,,,,,,0.655458033,1525.65076,0,,,0,2,316.235504,264.978851,38338,DEFAULT,ADAPTIVE,CAR,
1787973283409,2.5805614,980,unnamed,,NO_POSE,UNKNOWN,0,0,0,0,0,0,0,0,1,0,0,0,0,,,,,,,,,,,,0.679499984,1471.67041,0,,,0,2,316.275909,264.978851,38338,DEFAULT,ADAPTIVE,CAR,
1787973283410,2.58122969,981,unnamed,,NO_POSE,UNKNOWN,0,0,0,0,0,0,0,0,1,0,0,0,0,,,,,,,,,,,,0.668375015,1496.16614,0,,,0,2,316.316864,264.978851,38338,DEFAULT,ADAPTIVE,CAR,
1787973283410,2.58173776,982,unnamed,,NO_POSE,UNKNOWN,0,0,0,0,0,0,0,0,1,0,0,0,0,,,,,,,,,,,,0.508041978,1968.34119,0,,,0,2,316.357788,264.978851,38338,DEFAULT,ADAPTIVE,CAR,
1787973283411,2.58233213,983,unnamed,,NO_POSE,UNKNOWN,0,0,0,0,0,0,0,0,1,0,0,0,0,,,,,,,,,,,,0.594416976,1682.32068,0,,,0,2,316.398743,264.978851,38338,DEFAULT,ADAPTIVE,CAR,
1787973283411,2.58294082,984,unnamed,,NO_POSE,UNKNOWN,0,0,0,0,0,0,0,0,1,0,0,0,0,,,,,,,,,,,,0.608541012,1643.27466,0,,,0,2,316.439697,264.978851,38338,DEFAULT,ADAPTIVE,CAR,
1787973283412,2.58353543,985,unnamed,,NO_POSE,UNKNOWN,0,0,0,0,0,0,0,0,1,0,0,0,0,,,,,,,,,,,,0.594709039,1681.49463,0,,,0,2,316.480652,264.978851,38338,DEFAULT,ADAPTIVE,CAR,
1787973283413,2.58413458,986,unnamed,,NO_POSE,UNKNOWN,0,0,0,0,0,0,0,0,1,0,0,0,0,,,,,,,,,,,,0.599040985,1669.33484,0,,,0,2,316.521576,264.978851,38338,DEFAULT,ADAPTIVE,CAR,
1787973283413,2.58473992,987,unnamed,,NO_POSE,UNKNOWN,0,0,0,0,0,0,0,0,1,0,0,0,0,,,,,,,,,,,,0.605458975,1651.63953,0,,,0,2,316.562531,264.978851,38338,DEFAULT,ADAPTIVE,CAR,
1787973283414,2.58533311,988,unnamed,,NO_POSE,UNKNOWN,0,0,0,0,0,0,0,0,1,0,0,0,0,,,,,,,,,,,,0.593082964,1686.10474,0,,,0,2,316.603485,264.978851,38338,DEFAULT,ADAPTIVE,CAR,
1787973283414,2.58582687,989,unnamed,,NO_POSE,UNKNOWN,0,0,0,0,0,0,0,0,1,0,0,0,0,,,,,,,,,,,,0.493708014,2025.48877,0,,,0,2,316.64444,264.978851,38338,DEFAULT,ADAPTIVE,CAR,
1787973283415,2.58632565,990,unnamed,,NO_POSE,UNKNOWN,0,0,0,0,0,0,0,0,1,0,0,0,0,,,,,,,,,,,,0.498874992,2004.51025,0,,,0,2,316.685364,264.978851,38338,DEFAULT,ADAPTIVE,CAR,
1787973283415,2.58693171,991,unnamed,,NO_POSE,UNKNOWN,0,0,0,0,0,0,0,0,1,0,0,0,0,,,,,,,,,,,,0.606041968,1650.05066,0,,,0,2,316.726349,264.978851,38338,DEFAULT,ADAPTIVE,CAR,
1787973283416,2.58753586,992,unnamed,,NO_POSE,UNKNOWN,0,0,0,0,0,0,0,0,1,0,0,0,0,,,,,,,,,,,,0.604042053,1655.51392,0,,,0,2,316.76712,264.978851,38338,DEFAULT,ADAPTIVE,CAR,
1787973283417,2.58815074,993,unnamed,,NO_POSE,UNKNOWN,0,0,0,0,0,0,0,0,1,0,0,0,0,,,,,,,,,,,,0.614957988,1626.12732,0,,,0,2,316.807709,264.978851,38338,DEFAULT,ADAPTIVE,CAR,
1787973283417,2.58884072,994,unnamed,,NO_POSE,UNKNOWN,0,0,0,0,0,0,0,0,1,0,0,0,0,,,,,,,,,,,,0.690124989,1449.01294,0,,,0,2,316.848114,264.978851,38338,DEFAULT,ADAPTIVE,CAR,
1787973283418,2.5894351,995,unnamed,,NO_POSE,UNKNOWN,0,0,0,0,0,0,0,0,1,0,0,0,0,,,,,,,,,,,,0.594208002,1682.91235,0,,,0,2,316.889069,264.978851,38338,DEFAULT,ADAPTIVE,CAR,
1787973283419,2.59004641,996,unnamed,,NO_POSE,UNKNOWN,0,0,0,0,0,0,0,0,1,0,0,0,0,,,,,,,,,,,,0.611249983,1635.99182,0,,,0,2,316.930023,264.978851,38338,DEFAULT,ADAPTIVE,CAR,
1787973283419,2.59063816,997,unnamed,,NO_POSE,UNKNOWN,0,0,0,0,0,0,0,0,1,0,0,0,0,,,,,,,,,,,,0.591917038,1689.42603,0,,,0,2,316.970978,264.978851,38338,DEFAULT,ADAPTIVE,CAR,
1787973283420,2.59123302,998,unnamed,,NO_POSE,UNKNOWN,0,0,0,0,0,0,0,0,1,0,0,0,0,,,,,,,,,,,,0.594749987,1681.37878,0,,,0,2,317.011902,264.978851,38338,DEFAULT,ADAPTIVE,CAR,
1787973283420,2.59173131,999,unnamed,,NO_POSE,UNKNOWN,0,0,0,0,0,0,0,0,1,0,0,0,0,,,,,,,,,,,,0.498333007,2006.69031,0,,,0,2,317.052856,264.978851,38338,DEFAULT,ADAPTIVE,CAR,
1787973283421,2.59222722,1000,unnamed,,NO_POSE,UNKNOWN,0,0,0,0,0,0,0,0,1,0,0,0,0,,,,,,,,,,,,0.495875031,2016.63721,0,,,0,2,317.093811,264.978851,38338,DEFAULT,ADAPTIVE,CAR,
1787973283421,2.5928371,1001,unnamed,,NO_POSE,UNKNOWN,0,0,0,0,0,0,0,0,1,0,0,0,0,,,,,,,,,,,,0.610042036,1639.23132,0,,,0,2,317.134766,264.978851,38338,DEFAULT,ADAPTIVE,CAR,
1787973283422,2.593328,1002,unnamed,,NO_POSE,UNKNOWN,0,0,0,0,0,0,0,0,1,0,0,0,0,,,,,,,,,,,,0.490707994,2037.87183,0,,,0,2,317.17569,264.978851,38338,DEFAULT,ADAPTIVE,CAR,
1787973283422,2.59382582,1003,unnamed,,NO_POSE,UNKNOWN,0,0,0,0,0,0,0,0,1,0,0,0,0,,,,,,,,,,,,0.497874975,2008.53638,0,,,0,2,317.216644,264.978851,38338,DEFAULT,ADAPTIVE,CAR,
1787973283423,2.59432626,1004,unnamed,,NO_POSE,UNKNOWN,0,0,0,0,0,0,0,0,1,0,0,0,0,,,,,,,,,,,,0.500500023,1998.00183,0,,,0,2,317.257599,264.978851,38338,DEFAULT,ADAPTIVE,CAR,
1787973283423,2.59482813,1005,unnamed,,NO_POSE,UNKNOWN,0,0,0,0,0,0,0,0,1,0,0,0,0,,,,,,,,,,,,0.501792014,1992.85754,0,,,0,2,317.298553,264.978851,38338,DEFAULT,ADAPTIVE,CAR,
1787973283424,2.59532332,1006,unnamed,,NO_POSE,UNKNOWN,0,0,0,0,0,0,0,0,1,0,0,0,0,,,,,,,,,,,,0.495332986,2018.84387,0,,,0,2,316.197845,264.978851,38338,DEFAULT,ADAPTIVE,CAR,
1787973283424,2.59593248,1007,unnamed,,NO_POSE,UNKNOWN,0,0,0,0,0,0,0,0,1,0,0,0,0,,,,,,,,,,,,0.608959019,1642.14673,0,,,0,2,316.2388,264.978851,38338,DEFAULT,ADAPTIVE,CAR,
1787973283425,2.59656525,1008,unnamed,,NO_POSE,UNKNOWN,0,0,0,0,0,0,0,0,1,0,0,0,0,,,,,,,,,,,,0.632875025,1580.09082,0,,,0,2,316.279388,264.978851,38338,DEFAULT,ADAPTIVE,CAR,
1787973283426,2.59724832,1009,unnamed,,NO_POSE,UNKNOWN,0,0,0,0,0,0,0,0,1,0,0,0,0,,,,,,,,,,,,0.682958007,1464.21887,0,,,0,2,316.319794,264.978851,38338,DEFAULT,ADAPTIVE,CAR,
1787973283426,2.59793949,1010,unnamed,,NO_POSE,UNKNOWN,0,0,0,0,0,0,0,0,1,0,0,0,0,,,,,,,,,,,,0.691291988,1446.56677,0,,,0,2,316.360748,264.978851,38338,DEFAULT,ADAPTIVE,CAR,
1787973283427,2.5985415,1011,unnamed,,NO_POSE,UNKNOWN,0,0,0,0,0,0,0,0,1,0,0,0,0,,,,,,,,,,,,0.601916015,1661.36145,0,,,0,2,316.401703,264.978851,38338,DEFAULT,ADAPTIVE,CAR,
1787973283428,2.5991323,1012,unnamed,,NO_POSE,UNKNOWN,0,0,0,0,0,0,0,0,1,0,0,0,0,,,,,,,,,,,,0.590916991,1692.28503,0,,,0,2,316.442627,264.978851,38338,DEFAULT,ADAPTIVE,CAR,
1787973283428,2.59962583,1013,unnamed,,NO_POSE,UNKNOWN,0,0,0,0,0,0,0,0,1,0,0,0,0,,,,,,,,,,,,0.493417025,2026.68323,0,,,0,2,316.483582,264.978851,38338,DEFAULT,ADAPTIVE,CAR,
1787973283429,2.60013652,1014,unnamed,,NO_POSE,UNKNOWN,0,0,0,0,0,0,0,0,1,0,0,0,0,,,,,,,,,,,,0.510791004,1957.7478,0,,,0,2,316.524536,264.978851,38338,DEFAULT,ADAPTIVE,CAR,
1787973283429,2.60073471,1015,unnamed,,NO_POSE,UNKNOWN,0,0,0,0,0,0,0,0,1,0,0,0,0,,,,,,,,,,,,0.598167002,1671.77393,0,,,0,2,316.565491,264.978851,38338,DEFAULT,ADAPTIVE,CAR,
1787973283430,2.60122728,1016,unnamed,,NO_POSE,UNKNOWN,0,0,0,0,0,0,0,0,1,0,0,0,0,,,,,,,,,,,,0.492624998,2029.94165,0,,,0,2,316.606415,264.978851,38338,DEFAULT,ADAPTIVE,CAR,
1787973283430,2.60171986,1017,unnamed,,NO_POSE,UNKNOWN,0,0,0,0,0,0,0,0,1,0,0,0,0,,,,,,,,,,,,0.492457986,2030.63,0,,,0,2,316.647369,264.978851,38338,DEFAULT,ADAPTIVE,CAR,
1787973283431,2.60222673,1018,unnamed,,NO_POSE,UNKNOWN,0,0,0,0,0,0,0,0,1,0,0,0,0,,,,,,,,,,,,0.507041991,1972.22327,0,,,0,2,316.688324,264.978851,38338,DEFAULT,ADAPTIVE,CAR,
1787973283431,2.60272598,1019,unnamed,,NO_POSE,UNKNOWN,0,0,0,0,0,0,0,0,1,0,0,0,0,,,,,,,,,,,,0.499124974,2003.50623,0,,,0,2,316.729279,264.978851,38338,DEFAULT,ADAPTIVE,CAR,
1787973283432,2.60323381,1020,unnamed,,NO_POSE,UNKNOWN,0,0,0,0,0,0,0,0,1,0,0,0,0,,,,,,,,,,,,0.507750034,1969.47302,0,,,0,2,316.723969,264.978851,38338,DEFAULT,ADAPTIVE,CAR,
1787973283432,2.60383153,1021,unnamed,,NO_POSE,UNKNOWN,0,0,0,0,0,0,0,0,1,0,0,0,0,,,,,,,,,,,,0.597750008,1672.94019,0,,,0,2,316.764771,264.978851,38338,DEFAULT,ADAPTIVE,CAR,
1787973283433,2.60443974,1022,unnamed,,NO_POSE,UNKNOWN,0,0,0,0,0,0,0,0,1,0,0,0,0,,,,,,,,,,,,0.608332992,1643.83655,0,,,0,2,316.805145,264.978851,38338,DEFAULT,ADAPTIVE,CAR,
1787973283434,2.60505414,1023,unnamed,,NO_POSE,UNKNOWN,0,0,0,0,0,0,0,0,1,0,0,0,0,,,,,,,,,,,,0.614333987,1627.77893,0,,,0,2,316.845703,264.978851,38338,DEFAULT,ADAPTIVE,CAR,
1787973283434,2.60575128,1024,unnamed,,NO_POSE,UNKNOWN,0,0,0,0,0,0,0,0,1,0,0,0,0,,,,,,,,,,,,0.697250009,1434.20581,0,,,0,2,316.886139,264.978851,38338,DEFAULT,ADAPTIVE,CAR,
1787973283435,2.60634065,1025,unnamed,,NO_POSE,UNKNOWN,0,0,0,0,0,0,0,0,1,0,0,0,0,,,,,,,,,,,,0.589208007,1697.1936,0,,,0,2,316.927063,264.978851,38338,DEFAULT,ADAPTIVE,CAR,
1787973283435,2.60694051,1026,unnamed,,NO_POSE,UNKNOWN,0,0,0,0,0,0,0,0,1,0,0,0,0,,,,,,,,,,,,0.599958003,1666.78333,0,,,0,2,316.968018,264.978851,38338,DEFAULT,ADAPTIVE,CAR,
1787973283436,2.60753298,1027,unnamed,,NO_POSE,UNKNOWN,0,0,0,0,0,0,0,0,1,0,0,0,0,,,,,,,,,,,,0.592499971,1687.76379,0,,,0,2,317.008972,264.978851,38338,DEFAULT,ADAPTIVE,CAR,
1787973283436,2.60802746,1028,unnamed,,NO_POSE,UNKNOWN,0,0,0,0,0,0,0,0,1,0,0,0,0,,,,,,,,,,,,0.494333982,2022.92383,0,,,0,2,317.049927,264.978851,38338,DEFAULT,ADAPTIVE,CAR,
1787973283437,2.60863495,1029,unnamed,,NO_POSE,UNKNOWN,0,0,0,0,0,0,0,0,1,0,0,0,0,,,,,,,,,,,,0.607457995,1646.20435,0,,,0,2,317.090851,264.978851,38338,DEFAULT,ADAPTIVE,CAR,
1787973283438,2.60923028,1030,unnamed,,NO_POSE,UNKNOWN,0,0,0,0,0,0,0,0,1,0,0,0,0,,,,,,,,,,,,0.595499992,1679.26111,0,,,0,2,317.131805,264.978851,38338,DEFAULT,ADAPTIVE,CAR,
1787973283438,2.609833,1031,unnamed,,NO_POSE,UNKNOWN,0,0,0,0,0,0,0,0,1,0,0,0,0,,,,,,,,,,,,0.602666974,1659.29114,0,,,0,2,317.172791,264.978851,38338,DEFAULT,ADAPTIVE,CAR,
1787973283439,2.6103406,1032,unnamed,,NO_POSE,UNKNOWN,0,0,0,0,0,0,0,0,1,0,0,0,0,,,,,,,,,,,,0.507541001,1970.28418,0,,,0,2,317.213715,264.978851,38338,DEFAULT,ADAPTIVE,CAR,
1787973283439,2.61093569,1033,unnamed,,NO_POSE,UNKNOWN,0,0,0,0,0,0,0,0,1,0,0,0,0,,,,,,,,,,,,0.595209002,1680.08203,0,,,0,2,315.963684,264.978851,38338,DEFAULT,ADAPTIVE,CAR,
1787973283440,2.61153316,1034,unnamed,,NO_POSE,UNKNOWN,0,0,0,0,0,0,0,0,1,0,0,0,0,,,,,,,,,,,,0.597500026,1673.64014,0,,,0,2,315.991547,264.978851,38338,DEFAULT,ADAPTIVE,CAR,
1787973283440,2.61203456,1035,unnamed,,NO_POSE,UNKNOWN,0,0,0,0,0,0,0,0,1,0,0,0,0,,,,,,,,,,,,0.50137502,1994.51501,0,,,0,2,316.032349,264.978851,38338,DEFAULT,ADAPTIVE,CAR,
1787973283441,2.6126349,1036,unnamed,,NO_POSE,UNKNOWN,0,0,0,0,0,0,0,0,1,0,0,0,0,,,,,,,,,,,,0.600374997,1665.62561,0,,,0,2,316.073303,264.978851,38338,DEFAULT,ADAPTIVE,CAR,
1787973283442,2.61328745,1037,unnamed,,NO_POSE,UNKNOWN,0,0,0,0,0,0,0,0,1,0,0,0,0,,,,,,,,,,,,0.652500033,1532.56702,0,,,0,2,316.113892,264.978851,38338,DEFAULT,ADAPTIVE,CAR,
1787973283442,2.61392689,1038,unnamed,,NO_POSE,UNKNOWN,0,0,0,0,0,0,0,0,1,0,0,0,0,,,,,,,,,,,,0.63933301,1564.13013,0,,,0,2,316.154297,264.978851,38338,DEFAULT,ADAPTIVE,CAR,
1787973283443,2.61453581,1039,unnamed,,NO_POSE,UNKNOWN,0,0,0,0,0,0,0,0,1,0,0,0,0,,,,,,,,,,,,0.609041989,1641.92285,0,,,0,2,316.195251,264.978851,38338,DEFAULT,ADAPTIVE,CAR,
1787973283444,2.61513996,1040,unnamed,,NO_POSE,UNKNOWN,0,0,0,0,0,0,0,0,1,0,0,0,0,,,,,,,,,,,,0.604166031,1655.17419,0,,,0,2,316.236176,264.978851,38338,DEFAULT,ADAPTIVE,CAR,
1787973283444,2.6157372,1041,unnamed,,NO_POSE,UNKNOWN,0,0,0,0,0,0,0,0,1,0,0,0,0,,,,,,,,,,,,0.597041965,1674.92407,0,,,0,2,316.27713,264.978851,38338,DEFAULT,ADAPTIVE,CAR,
1787973283445,2.61633778,1042,unnamed,,NO_POSE,UNKNOWN,0,0,0,0,0,0,0,0,1,0,0,0,0,,,,,,,,,,,,0.600667,1664.81604,0,,,0,2,316.318085,264.978851,38338,DEFAULT,ADAPTIVE,CAR,
1787973283445,2.6168263,1043,unnamed,,NO_POSE,UNKNOWN,0,0,0,0,0,0,0,0,1,0,0,0,0,,,,,,,,,,,,0.488499999,2047.08289,0,,,0,2,316.310547,264.978851,38338,DEFAULT,ADAPTIVE,CAR,
1787973283446,2.6173234,1044,unnamed,,NO_POSE,UNKNOWN,0,0,0,0,0,0,0,0,1,0,0,0,0,,,,,,,,,,,,0.497249991,2011.06079,0,,,0,2,316.350342,264.978851,38338,DEFAULT,ADAPTIVE,CAR,
1787973283446,2.61782837,1045,unnamed,,NO_POSE,UNKNOWN,0,0,0,0,0,0,0,0,1,0,0,0,0,,,,,,,,,,,,0.504957974,1980.36279,0,,,0,2,316.391296,264.978851,38338,DEFAULT,ADAPTIVE,CAR,
1787973283447,2.61843657,1046,unnamed,,NO_POSE,UNKNOWN,0,0,0,0,0,0,0,0,1,0,0,0,0,,,,,,,,,,,,0.608167052,1644.28516,0,,,0,2,316.432251,264.978851,38338,DEFAULT,ADAPTIVE,CAR,
1787973283447,2.61903477,1047,unnamed,,NO_POSE,UNKNOWN,0,0,0,0,0,0,0,0,1,0,0,0,0,,,,,,,,,,,,0.59820801,1671.65942,0,,,0,2,316.473206,264.978851,38338,DEFAULT,ADAPTIVE,CAR,
1787973283448,2.61963558,1048,unnamed,,NO_POSE,UNKNOWN,0,0,0,0,0,0,0,0,1,0,0,0,0,,,,,,,,,,,,0.600667,1664.81604,0,,,0,2,316.51416,264.978851,38338,DEFAULT,ADAPTIVE,CAR,
1787973283449,2.62012887,1049,unnamed,,NO_POSE,UNKNOWN,0,0,0,0,0,0,0,0,1,0,0,0,0,,,,,,,,,,,,0.493375003,2026.85583,0,,,0,2,316.506622,264.978851,38338,DEFAULT,ADAPTIVE,CAR,
1787973283449,2.62062883,1050,unnamed,,NO_POSE,UNKNOWN,0,0,0,0,0,0,0,0,1,0,0,0,0,,,,,,,,,,,,0.500041008,1999.83606,0,,,0,2,316.546265,264.978851,38338,DEFAULT,ADAPTIVE,CAR,
1787973283450,2.6213522,1051,unnamed,,NO_POSE,UNKNOWN,0,0,0,0,0,0,0,0,1,0,0,0,0,,,,,,,,,,,,0.723375022,1382.40881,0,,,0,2,316.538361,264.978851,38338,DEFAULT,ADAPTIVE,CAR,
1787973283451,2.62204194,1052,unnamed,,NO_POSE,UNKNOWN,0,0,0,0,0,0,0,0,1,0,0,0,0,,,,,,,,,,,,0.689584017,1450.14966,0,,,0,2,316.577637,264.978851,38338,DEFAULT,ADAPTIVE,CAR,
1787973283451,2.62263823,1053,unnamed,,NO_POSE,UNKNOWN,0,0,0,0,0,0,0,0,1,0,0,0,0,,,,,,,,,,,,0.596415997,1676.68201,0,,,0,2,316.618561,264.978851,38338,DEFAULT,ADAPTIVE,CAR,
1787973283452,2.62333751,1054,unnamed,,NO_POSE,UNKNOWN,0,0,0,0,0,0,0,0,1,0,0,0,0,,,,,,,,,,,,0.699167013,1430.27344,0,,,0,2,316.659515,264.978851,38338,DEFAULT,ADAPTIVE,CAR,
1787973283452,2.62393451,1055,unnamed,,NO_POSE,UNKNOWN,0,0,0,0,0,0,0,0,1,0,0,0,0,,,,,,,,,,,,0.597041965,1674.92407,0,,,0,2,316.7005,264.978851,38338,DEFAULT,ADAPTIVE,CAR,
1787973283453,2.62442327,1056,unnamed,,NO_POSE,UNKNOWN,0,0,0,0,0,0,0,0,1,0,0,0,0,,,,,,,,,,,,0.488665998,2046.38745,0,,,0,2,316.695404,264.978851,38338,DEFAULT,ADAPTIVE,CAR,
1787973283453,2.62492752,1057,unnamed,,NO_POSE,UNKNOWN,0,0,0,0,0,0,0,0,1,0,0,0,0,,,,,,,,,,,,0.50424999,1983.14331,0,,,0,2,316.735565,264.978851,38338,DEFAULT,ADAPTIVE,CAR,
1787973283454,2.62554121,1058,unnamed,,NO_POSE,UNKNOWN,0,0,0,0,0,0,0,0,1,0,0,0,0,,,,,,,,,,,,0.613750041,1629.32788,0,,,0,2,316.77652,264.978851,38338,DEFAULT,ADAPTIVE,CAR,
1787973283455,2.62613702,1059,unnamed,,NO_POSE,UNKNOWN,0,0,0,0,0,0,0,0,1,0,0,0,0,,,,,,,,,,,,0.595916986,1678.08606,0,,,0,2,316.817474,264.978851,38338,DEFAULT,ADAPTIVE,CAR,
1787973283455,2.62674236,1060,unnamed,,NO_POSE,UNKNOWN,0,0,0,0,0,0,0,0,1,0,0,0,0,,,,,,,,,,,,0.605250001,1652.20984,0,,,0,2,315.19635,264.978851,38338,DEFAULT,ADAPTIVE,CAR,
1787973283456,2.62732625,1061,unnamed,,NO_POSE,UNKNOWN,0,0,0,0,0,0,0,0,1,0,0,0,0,,,,,,,,,,,,0.58395797,1712.4519,0,,,0,2,315.224213,264.978851,38338,DEFAULT,ADAPTIVE,CAR,
1787973283456,2.62783074,1062,unnamed,,NO_POSE,UNKNOWN,0,0,0,0,0,0,0,0,1,0,0,0,0,,,,,,,,,,,,0.504499972,1982.16052,0,,,0,2,315.265167,264.978851,38338,DEFAULT,ADAPTIVE,CAR,
1787973283457,2.62844253,1063,unnamed,,NO_POSE,UNKNOWN,0,0,0,0,0,0,0,0,1,0,0,0,0,,,,,,,,,,,,0.611708999,1634.76416,0,,,0,2,315.306122,264.978851,38338,DEFAULT,ADAPTIVE,CAR,
1787973283457,2.62902141,1064,unnamed,,NO_POSE,UNKNOWN,0,0,0,0,0,0,0,0,1,0,0,0,0,,,,,,,,,,,,0.578875005,1727.48865,0,,,0,2,315.346924,264.978851,38338,DEFAULT,ADAPTIVE,CAR,
1787973283458,2.6296258,1065,unnamed,,NO_POSE,UNKNOWN,0,0,0,0,0,0,0,0,1,0,0,0,0,,,,,,,,,,,,0.604541004,1654.14758,0,,,0,2,315.387207,264.978851,38338,DEFAULT,ADAPTIVE,CAR,
1787973283459,2.63024259,1066,unnamed,,NO_POSE,UNKNOWN,0,0,0,0,0,0,0,0,1,0,0,0,0,,,,,,,,,,,,0.616750002,1621.40259,0,,,0,2,315.427917,264.978851,38338,DEFAULT,ADAPTIVE,CAR,
1787973283459,2.63084197,1067,unnamed,,NO_POSE,UNKNOWN,0,0,0,0,0,0,0,0,1,0,0,0,0,,,,,,,,,,,,0.599209011,1668.86682,0,,,0,2,315.468872,264.978851,38338,DEFAULT,ADAPTIVE,CAR,
1787973283460,2.63144112,1068,unnamed,,NO_POSE,UNKNOWN,0,0,0,0,0,0,0,0,1,0,0,0,0,,,,,,,,,,,,0.599291027,1668.63843,0,,,0,2,315.509827,264.978851,38338,DEFAULT,ADAPTIVE,CAR,
1787973283460,2.63203359,1069,unnamed,,NO_POSE,UNKNOWN,0,0,0,0,0,0,0,0,1,0,0,0,0,,,,,,,,,,,,0.59237498,1688.11987,0,,,0,2,315.550781,264.978851,38338,DEFAULT,ADAPTIVE,CAR,
1787973283461,2.63263512,1070,unnamed,,NO_POSE,UNKNOWN,0,0,0,0,0,0,0,0,1,0,0,0,0,,,,,,,,,,,,0.601666987,1662.04895,0,,,0,2,315.591736,264.978851,38338,DEFAULT,ADAPTIVE,CAR,
1787973283462,2.63323641,1071,unnamed,,NO_POSE,UNKNOWN,0,0,0,0,0,0,0,0,1,0,0,0,0,,,,,,,,,,,,0.601292014,1663.08545,0,,,0,2,315.633301,264.978851,38338,DEFAULT,ADAPTIVE,CAR,
1787973283462,2.63384485,1072,unnamed,,NO_POSE,UNKNOWN,0,0,0,0,0,0,0,0,1,0,0,0,0,,,,,,,,,,,,0.608332992,1643.83655,0,,,0,2,315.673615,264.978851,38338,DEFAULT,ADAPTIVE,CAR,
1787973283463,2.63442397,1073,unnamed,,NO_POSE,UNKNOWN,0,0,0,0,0,0,0,0,1,0,0,0,0,,,,,,,,,,,,0.579082966,1726.86816,0,,,0,2,315.667755,264.978851,38338,DEFAULT,ADAPTIVE,CAR,
1787973283463,2.63491964,1074,unnamed,,NO_POSE,UNKNOWN,0,0,0,0,0,0,0,0,1,0,0,0,0,,,,,,,,,,,,0.495792031,2016.97473,0,,,0,2,315.662506,264.978851,38338,DEFAULT,ADAPTIVE,CAR,
1787973283464,2.63553929,1075,unnamed,,NO_POSE,UNKNOWN,0,0,0,0,0,0,0,0,1,0,0,0,0,,,,,,,,,,,,0.619583011,1613.98877,0,,,0,2,315.70282,264.978851,38338,DEFAULT,ADAPTIVE,CAR,
1787973283465,2.63613272,1076,unnamed,,NO_POSE,UNKNOWN,0,0,0,0,0,0,0,0,1,0,0,0,0,,,,,,,,,,,,0.593416989,1685.15576,0,,,0,2,315.743774,264.978851,38338,DEFAULT,ADAPTIVE,CAR,
1787973283465,2.63662744,1077,unnamed,,NO_POSE,UNKNOWN,0,0,0,0,0,0,0,0,1,0,0,0,0,,,,,,,,,,,,0.494625002,2021.73364,0,,,0,2,315.784729,264.978851,38338,DEFAULT,ADAPTIVE,CAR,
1787973283466,2.63723826,1078,unnamed,,NO_POSE,UNKNOWN,0,0,0,0,0,0,0,0,1,0,0,0,0,,,,,,,,,,,,0.610916972,1636.88354,0,,,0,2,315.8255,264.978851,38338,DEFAULT,ADAPTIVE,CAR,
1787973283466,2.63794684,1079,unnamed,,NO_POSE,UNKNOWN,0,0,0,0,0,0,0,0,1,0,0,0,0,,,,,,,,,,,,0.708707988,1411.01831,0,,,0,2,315.865814,264.978851,38338,DEFAULT,ADAPTIVE,CAR,
1787973283467,2.63864756,1080,unnamed,,NO_POSE,UNKNOWN,0,0,0,0,0,0,0,0,1,0,0,0,0,,,,,,,,,,,,0.700499952,1427.55176,0,,,0,2,315.906525,264.978851,38338,DEFAULT,ADAPTIVE,CAR,
1787973283468,2.63954711,1081,unnamed,,NO_POSE,UNKNOWN,0,0,0,0,0,0,0,0,1,0,0,0,0,,,,,,,,,,,,0.899625003,1111.57422,0,,,0,2,315.948639,264.978851,38338,DEFAULT,ADAPTIVE,CAR,
1787973283469,2.6401298,1082,unnamed,,NO_POSE,UNKNOWN,0,0,0,0,0,0,0,0,1,0,0,0,0,,,,,,,,,,,,0.582708001,1716.12549,0,,,0,2,315.989594,264.978851,38338,DEFAULT,ADAPTIVE,CAR,
1787973283469,2.64062762,1083,unnamed,,NO_POSE,UNKNOWN,0,0,0,0,0,0,0,0,1,0,0,0,0,,,,,,,,,,,,0.497916996,2008.36682,0,,,0,2,315.984009,264.978851,38338,DEFAULT,ADAPTIVE,CAR,
1787973283470,2.64125252,1084,unnamed,,NO_POSE,UNKNOWN,0,0,0,0,0,0,0,0,1,0,0,0,0,,,,,,,,,,,,0.624875009,1600.32007,0,,,0,2,316.024658,264.978851,38338,DEFAULT,ADAPTIVE,CAR,
1787973283470,2.64183712,1085,unnamed,,NO_POSE,UNKNOWN,0,0,0,0,0,0,0,0,1,0,0,0,0,,,,,,,,,,,,0.584500015,1710.86389,0,,,0,2,316.065643,264.978851,38338,DEFAULT,ADAPTIVE,CAR,
1787973283471,2.64243841,1086,unnamed,,NO_POSE,UNKNOWN,0,0,0,0,0,0,0,0,1,0,0,0,0,,,,,,,,,,,,0.601332963,1662.97217,0,,,0,2,314.865692,264.978851,38338,DEFAULT,ADAPTIVE,CAR,
1787973283471,2.64303041,1087,unnamed,,NO_POSE,UNKNOWN,0,0,0,0,0,0,0,0,1,0,0,0,0,,,,,,,,,,,,0.592041969,1689.06934,0,,,0,2,314.903381,264.978851,38338,DEFAULT,ADAPTIVE,CAR,
1787973283472,2.64352846,1088,unnamed,,NO_POSE,UNKNOWN,0,0,0,0,0,0,0,0,1,0,0,0,0,,,,,,,,,,,,0.497957975,2008.20154,0,,,0,2,314.944336,264.978851,38338,DEFAULT,ADAPTIVE,CAR,
1787973283472,2.64402676,1089,unnamed,,NO_POSE,UNKNOWN,0,0,0,0,0,0,0,0,1,0,0,0,0,,,,,,,,,,,,0.498333991,2006.68628,0,,,0,2,314.98526,264.978851,38338,DEFAULT,ADAPTIVE,CAR,
1787973283473,2.64452267,1090,unnamed,,NO_POSE,UNKNOWN,0,0,0,0,0,0,0,0,1,0,0,0,0,,,,,,,,,,,,0.495833009,2016.80811,0,,,0,2,314.980011,264.978851,38338,DEFAULT,ADAPTIVE,CAR,
1787973283473,2.64503241,1091,unnamed,,NO_POSE,UNKNOWN,0,0,0,0,0,0,0,0,1,0,0,0,0,,,,,,,,,,,,0.509875,1961.26501,0,,,0,2,314.974152,264.978851,38338,DEFAULT,ADAPTIVE,CAR,
1787973283474,2.64563751,1092,unnamed,,NO_POSE,UNKNOWN,0,0,0,0,0,0,0,0,1,0,0,0,0,,,,,,,,,,,,0.604957998,1653.00732,0,,,0,2,315.014313,264.978851,38338,DEFAULT,ADAPTIVE,CAR,
1787973283475,2.64635491,1093,unnamed,,NO_POSE,UNKNOWN,0,0,0,0,0,0,0,0,1,0,0,0,0,,,,,,,,,,,,0.717417002,1393.88953,0,,,0,2,315.054901,264.978851,38338,DEFAULT,ADAPTIVE,CAR,
1787973283476,2.64704132,1094,unnamed,,NO_POSE,UNKNOWN,0,0,0,0,0,0,0,0,1,0,0,0,0,,,,,,,,,,,,0.686375022,1456.92944,0,,,0,2,315.095306,264.978851,38338,DEFAULT,ADAPTIVE,CAR,
1787973283476,2.64763379,1095,unnamed,,NO_POSE,UNKNOWN,0,0,0,0,0,0,0,0,1,0,0,0,0,,,,,,,,,,,,0.592541993,1687.64404,0,,,0,2,315.136261,264.978851,38338,DEFAULT,ADAPTIVE,CAR,
1787973283477,2.64812803,1096,unnamed,,NO_POSE,UNKNOWN,0,0,0,0,0,0,0,0,1,0,0,0,0,,,,,,,,,,,,0.49424997,2023.2677,0,,,0,2,315.177216,264.978851,38338,DEFAULT,ADAPTIVE,CAR,
1787973283477,2.64862537,1097,unnamed,,NO_POSE,UNKNOWN,0,0,0,0,0,0,0,0,1,0,0,0,0,,,,,,,,,,,,0.497374982,2010.55554,0,,,0,2,315.21817,264.978851,38338,DEFAULT,ADAPTIVE,CAR,
1787973283478,2.64912343,1098,unnamed,,NO_POSE,UNKNOWN,0,0,0,0,0,0,0,0,1,0,0,0,0,,,,,,,,,,,,0.498040974,2007.86682,0,,,0,2,315.259094,264.978851,38338,DEFAULT,ADAPTIVE,CAR,
1787973283478,2.64962125,1099,unnamed,,NO_POSE,UNKNOWN,0,0,0,0,0,0,0,0,1,0,0,0,0,,,,,,,,,,,,0.497791976,2008.87134,0,,,0,2,315.300049,264.978851,38338,DEFAULT,ADAPTIVE,CAR,
1787973283479,2.65023875,1100,unnamed,,NO_POSE,UNKNOWN,0,0,0,0,0,0,0,0,1,0,0,0,0,,,,,,,,,,,,0.617458045,1619.54333,0,,,0,2,315.341003,264.978851,38338,DEFAULT,ADAPTIVE,CAR,
1787973283479,2.65083647,1101,unnamed,,NO_POSE,UNKNOWN,0,0,0,0,0,0,0,0,1,0,0,0,0,,,,,,,,,,,,0.597709,1673.05505,0,,,0,2,315.381958,264.978851,38338,DEFAULT,ADAPTIVE,CAR,
1787973283480,2.65133619,1102,unnamed,,NO_POSE,UNKNOWN,0,0,0,0,0,0,0,0,1,0,0,0,0,,,,,,,,,,,,0.499750018,2001.00037,0,,,0,2,315.422882,264.978851,38338,DEFAULT,ADAPTIVE,CAR,
1787973283480,2.65182424,1103,unnamed,,NO_POSE,UNKNOWN,0,0,0,0,0,0,0,0,1,0,0,0,0,,,,,,,,,,,,0.488083005,2048.83179,0,,,0,2,315.463837,264.978851,38338,DEFAULT,ADAPTIVE,CAR,
1787973283481,2.65232682,1104,unnamed,,NO_POSE,UNKNOWN,0,0,0,0,0,0,0,0,1,0,0,0,0,,,,,,,,,,,,0.50266701,1989.38867,0,,,0,2,315.504791,264.978851,38338,DEFAULT,ADAPTIVE,CAR,
1787973283481,2.65282345,1105,unnamed,,NO_POSE,UNKNOWN,0,0,0,0,0,0,0,0,1,0,0,0,0,,,,,,,,,,,,0.496666014,2013.42554,0,,,0,2,315.545746,264.978851,38338,DEFAULT,ADAPTIVE,CAR,
1787973283482,2.65332961,1106,unnamed,,NO_POSE,UNKNOWN,0,0,0,0,0,0,0,0,1,0,0,0,0,,,,,,,,,,,,0.505999982,1976.28455,0,,,0,2,315.58667,264.978851,38338,DEFAULT,ADAPTIVE,CAR,
1787973283482,2.65382433,1107,unnamed,,NO_POSE,UNKNOWN,0,0,0,0,0,0,0,0,1,0,0,0,0,,,,,,,,,,,,0.494875014,2020.71228,0,,,0,2,315.628052,264.978851,38338,DEFAULT,ADAPTIVE,CAR,
1787973283483,2.65433049,1108,unnamed,,NO_POSE,UNKNOWN,0,0,0,0,0,0,0,0,1,0,0,0,0,,,,,,,,,,,,0.506124973,1975.79651,0,,,0,2,315.668427,264.978851,38338,DEFAULT,ADAPTIVE,CAR,
1787973283483,2.65493846,1109,unnamed,,NO_POSE,UNKNOWN,0,0,0,0,0,0,0,0,1,0,0,0,0,,,,,,,,,,,,0.607834041,1645.18591,0,,,0,2,315.709015,264.978851,38338,DEFAULT,ADAPTIVE,CAR,
1787973283484,2.65574694,1110,unnamed,,NO_POSE,UNKNOWN,0,0,0,0,0,0,0,0,1,0,0,0,0,,,,,,,,,,,,0.80845803,1236.92261,0,,,0,2,315.74942,264.978851,38338,DEFAULT,ADAPTIVE,CAR,
1787973283485,2.65658879,1111,unnamed,,NO_POSE,UNKNOWN,0,0,0,0,0,0,0,0,1,0,0,0,0,,,,,,,,,,,,0.841874957,1187.82483,0,,,0,2,315.790375,264.978851,38338,DEFAULT,ADAPTIVE,CAR,
1787973283486,2.65712762,1112,unnamed,,NO_POSE,UNKNOWN,0,0,0,0,0,0,0,0,1,0,0,0,0,,,,,,,,,,,,0.538999975,1855.28772,0,,,0,2,315.831299,264.978851,38338,DEFAULT,ADAPTIVE,CAR,
1787973283486,2.65773439,1113,unnamed,,NO_POSE,UNKNOWN,0,0,0,0,0,0,0,0,1,0,0,0,0,,,,,,,,,,,,0.606750011,1648.12524,0,,,0,2,315.872253,264.978851,38338,DEFAULT,ADAPTIVE,CAR,
1787973283487,2.65822768,1114,unnamed,,NO_POSE,UNKNOWN,0,0,0,0,0,0,0,0,1,0,0,0,0,,,,,,,,,,,,0.493124992,2027.88342,0,,,0,2,315.913208,264.978851,38338,DEFAULT,ADAPTIVE,CAR,
1787973283487,2.6588347,1115,unnamed,,NO_POSE,UNKNOWN,0,0,0,0,0,0,0,0,1,0,0,0,0,,,,,,,,,,,,0.607083023,1647.22119,0,,,0,2,315.954163,264.978851,38338,DEFAULT,ADAPTIVE,CAR,
1787973283488,2.65933061,1116,unnamed,,NO_POSE,UNKNOWN,0,0,0,0,0,0,0,0,1,0,0,0,0,,,,,,,,,,,,0.495916992,2016.46655,0,,,0,2,315.995087,264.978851,38338,DEFAULT,ADAPTIVE,CAR,
1787973283488,2.65982509,1117,unnamed,,NO_POSE,UNKNOWN,0,0,0,0,0,0,0,0,1,0,0,0,0,,,,,,,,,,,,0.494416982,2022.58423,0,,,0,2,316.036041,264.978851,38338,DEFAULT,ADAPTIVE,CAR,
1787973283489,2.66032624,1118,unnamed,,NO_POSE,UNKNOWN,0,0,0,0,0,0,0,0,1,0,0,0,0,,,,,,,,,,,,0.501332998,1994.68225,0,,,0,2,316.076996,264.978851,38338,DEFAULT,ADAPTIVE,CAR,
1787973283489,2.66082311,1119,unnamed,,NO_POSE,UNKNOWN,0,0,0,0,0,0,0,0,1,0,0,0,0,,,,,,,,,,,,0.496792018,2012.91479,0,,,0,2,316.11795,264.978851,38338,DEFAULT,ADAPTIVE,CAR,
1787973283490,2.66134167,1120,unnamed,,NO_POSE,UNKNOWN,0,0,0,0,0,0,0,0,1,0,0,0,0,,,,,,,,,,,,0.518458009,1928.79651,0,,,0,2,316.158875,264.978851,38338,DEFAULT,ADAPTIVE,CAR,
1787973283490,2.66193581,1121,unnamed,,NO_POSE,UNKNOWN,0,0,0,0,0,0,0,0,1,0,0,0,0,,,,,,,,,,,,0.594332993,1682.55847,0,,,0,2,315.058044,264.978851,38338,DEFAULT,ADAPTIVE,CAR,
1787973283491,2.66253591,1122,unnamed,,NO_POSE,UNKNOWN,0,0,0,0,0,0,0,0,1,0,0,0,0,,,,,,,,,,,,0.599917054,1666.89722,0,,,0,2,315.092316,264.978851,38338,DEFAULT,ADAPTIVE,CAR,
1787973283492,2.66314006,1123,unnamed,,NO_POSE,UNKNOWN,0,0,0,0,0,0,0,0,1,0,0,0,0,,,,,,,,,,,,0.604207993,1655.0592,0,,,0,2,315.132935,264.978851,38338,DEFAULT,ADAPTIVE,CAR,
1787973283492,2.66372895,1124,unnamed,,NO_POSE,UNKNOWN,0,0,0,0,0,0,0,0,1,0,0,0,0,,,,,,,,,,,,0.588999987,1697.79285,0,,,0,2,315.17334,264.978851,38338,DEFAULT,ADAPTIVE,CAR,
1787973283493,2.66433597,1125,unnamed,,NO_POSE,UNKNOWN,0,0,0,0,0,0,0,0,1,0,0,0,0,,,,,,,,,,,,0.606958985,1647.55774,0,,,0,2,315.214294,264.978851,38338,DEFAULT,ADAPTIVE,CAR,
1787973283493,2.66482782,1126,unnamed,,NO_POSE,UNKNOWN,0,0,0,0,0,0,0,0,1,0,0,0,0,,,,,,,,,,,,0.491916031,2032.86731,0,,,0,2,315.255219,264.978851,38338,DEFAULT,ADAPTIVE,CAR,
1787973283494,2.66543293,1127,unnamed,,NO_POSE,UNKNOWN,0,0,0,0,0,0,0,0,1,0,0,0,0,,,,,,,,,,,,0.604958951,1653.00464,0,,,0,2,315.296173,264.978851,38338,DEFAULT,ADAPTIVE,CAR,
1787973283494,2.66592693,1128,unnamed,,NO_POSE,UNKNOWN,0,0,0,0,0,0,0,0,1,0,0,0,0,,,,,,,,,,,,0.493999988,2024.29163,0,,,0,2,315.290924,264.978851,38338,DEFAULT,ADAPTIVE,CAR,
1787973283495,2.66653419,1129,unnamed,,NO_POSE,UNKNOWN,0,0,0,0,0,0,0,0,1,0,0,0,0,,,,,,,,,,,,0.607208014,1646.88208,0,,,0,2,315.331238,264.978851,38338,DEFAULT,ADAPTIVE,CAR,
1787973283495,2.6670239,1130,unnamed,,NO_POSE,UNKNOWN,0,0,0,0,0,0,0,0,1,0,0,0,0,,,,,,,,,,,,0.489707977,2042.03333,0,,,0,2,315.372192,264.978851,38338,DEFAULT,ADAPTIVE,CAR,
1787973283496,2.6676302,1131,unnamed,,NO_POSE,UNKNOWN,0,0,0,0,0,0,0,0,1,0,0,0,0,,,,,,,,,,,,0.606334031,1649.25598,0,,,0,2,315.413147,264.978851,38338,DEFAULT,ADAPTIVE,CAR,
1787973283497,2.66812301,1132,unnamed,,NO_POSE,UNKNOWN,0,0,0,0,0,0,0,0,1,0,0,0,0,,,,,,,,,,,,0.492915988,2028.74329,0,,,0,2,315.454102,264.978851,38338,DEFAULT,ADAPTIVE,CAR,
1787973283497,2.66862464,1133,unnamed,,NO_POSE,UNKNOWN,0,0,0,0,0,0,0,0,1,0,0,0,0,,,,,,,,,,,,0.501499951,1994.01807,0,,,0,2,315.495026,264.978851,38338,DEFAULT,ADAPTIVE,CAR,
1787973283498,2.66912675,1134,unnamed,,NO_POSE,UNKNOWN,0,0,0,0,0,0,0,0,1,0,0,0,0,,,,,,,,,,,,0.502292037,1990.87378,0,,,0,2,315.53598,264.978851,38338,DEFAULT,ADAPTIVE,CAR,
1787973283498,2.66962576,1135,unnamed,,NO_POSE,UNKNOWN,0,0,0,0,0,0,0,0,1,0,0,0,0,,,,,,,,,,,,0.498957992,2004.17676,0,,,0,2,315.576935,264.978851,38338,DEFAULT,ADAPTIVE,CAR,
1787973283499,2.67012739,1136,unnamed,,NO_POSE,UNKNOWN,0,0,0,0,0,0,0,0,1,0,0,0,0,,,,,,,,,,,,0.501584053,1993.68384,0,,,0,2,315.617889,264.978851,38338,DEFAULT,ADAPTIVE,CAR,
1787973283499,2.67062593,1137,unnamed,,NO_POSE,UNKNOWN,0,0,0,0,0,0,0,0,1,0,0,0,0,,,,,,,,,,,,0.498457998,2006.18713,0,,,0,2,315.658661,264.978851,38338,DEFAULT,ADAPTIVE,CAR,
1787973283500,2.67112374,1138,unnamed,,NO_POSE,UNKNOWN,0,0,0,0,0,0,0,0,1,0,0,0,0,,,,,,,,,,,,0.497791976,2008.87134,0,,,0,2,315.699615,264.978851,38338,DEFAULT,ADAPTIVE,CAR,
1787973283500,2.67175794,1139,unnamed,,NO_POSE,UNKNOWN,0,0,0,0,0,0,0,0,1,0,0,0,0,,,,,,,,,,,,0.634249985,1576.66541,0,,,0,2,315.69397,264.978851,38338,DEFAULT,ADAPTIVE,CAR,
1787973283501,2.67244196,1140,unnamed,,NO_POSE,UNKNOWN,0,0,0,0,0,0,0,0,1,0,0,0,0,,,,,,,,,,,,0.684041023,1461.90063,0,,,0,2,315.733795,264.978851,38338,DEFAULT,ADAPTIVE,CAR,
1787973283502,2.67315888,1141,unnamed,,NO_POSE,UNKNOWN,0,0,0,0,0,0,0,0,1,0,0,0,0,,,,,,,,,,,,0.716916978,1394.86169,0,,,0,2,315.77475,264.978851,38338,DEFAULT,ADAPTIVE,CAR,
1787973283502,2.67372823,1142,unnamed,,NO_POSE,UNKNOWN,0,0,0,0,0,0,0,0,1,0,0,0,0,,,,,,,,,,,,0.569458008,1756.05579,0,,,0,2,315.815674,264.978851,38338,DEFAULT,ADAPTIVE,CAR,
1787973283503,2.67433596,1143,unnamed,,NO_POSE,UNKNOWN,0,0,0,0,0,0,0,0,1,0,0,0,0,,,,,,,,,,,,0.607667029,1645.63806,0,,,0,2,315.856628,264.978851,38338,DEFAULT,ADAPTIVE,CAR,
1787973283503,2.6749413,1144,unnamed,,NO_POSE,UNKNOWN,0,0,0,0,0,0,0,0,1,0,0,0,0,,,,,,,,,,,,0.605291963,1652.09521,0,,,0,2,315.897583,264.978851,38338,DEFAULT,ADAPTIVE,CAR,
1787973283504,2.67552996,1145,unnamed,,NO_POSE,UNKNOWN,0,0,0,0,0,0,0,0,1,0,0,0,0,,,,,,,,,,,,0.588624954,1698.87463,0,,,0,2,315.938538,264.978851,38338,DEFAULT,ADAPTIVE,CAR,
1787973283504,2.67602754,1146,unnamed,,NO_POSE,UNKNOWN,0,0,0,0,0,0,0,0,1,0,0,0,0,,,,,,,,,,,,0.497750014,2009.04065,0,,,0,2,315.979462,264.978851,38338,DEFAULT,ADAPTIVE,CAR,
1787973283505,2.6765275,1147,unnamed,,NO_POSE,UNKNOWN,0,0,0,0,0,0,0,0,1,0,0,0,0,,,,,,,,,,,,0.499874979,2000.50012,0,,,0,2,316.020416,264.978851,38338,DEFAULT,ADAPTIVE,CAR,
1787973283506,2.67713118,1148,unnamed,,NO_POSE,UNKNOWN,0,0,0,0,0,0,0,0,1,0,0,0,0,,,,,,,,,,,,0.603582978,1656.77295,0,,,0,2,316.061371,264.978851,38338,DEFAULT,ADAPTIVE,CAR,
1787973283506,2.67762303,1149,unnamed,,NO_POSE,UNKNOWN,0,0,0,0,0,0,0,0,1,0,0,0,0,,,,,,,,,,,,0.492041975,2032.34692,0,,,0,2,314.414764,264.978851,38338,DEFAULT,ADAPTIVE,CAR,
1787973283507,2.67823386,1150,unnamed,,NO_POSE,UNKNOWN,0,0,0,0,0,0,0,0,1,0,0,0,0,,,,,,,,,,,,0.610832989,1637.10864,0,,,0,2,314.452454,264.978851,38338,DEFAULT,ADAPTIVE,CAR,
1787973283507,2.67871809,1151,unnamed,,NO_POSE,UNKNOWN,0,0,0,0,0,0,0,0,1,0,0,0,0,,,,,,,,,,,,0.48416698,2065.40308,0,,,0,2,314.493256,264.978851,38338,DEFAULT,ADAPTIVE,CAR,
1787973283508,2.67923689,1152,unnamed,,NO_POSE,UNKNOWN,0,0,0,0,0,0,0,0,1,0,0,0,0,,,,,,,,,,,,0.518875003,1927.24634,0,,,0,2,314.53421,264.978851,38338,DEFAULT,ADAPTIVE,CAR,
1787973283508,2.67987967,1153,unnamed,,NO_POSE,UNKNOWN,0,0,0,0,0,0,0,0,1,0,0,0,0,,,,,,,,,,,,0.642750025,1555.81482,0,,,0,2,314.574768,264.978851,38338,DEFAULT,ADAPTIVE,CAR,
1787973283509,2.68053794,1154,unnamed,,NO_POSE,UNKNOWN,0,0,0,0,0,0,0,0,1,0,0,0,0,,,,,,,,,,,,0.658207953,1519.27661,0,,,0,2,314.615204,264.978851,38338,DEFAULT,ADAPTIVE,CAR,
1787973283510,2.68113685,1155,unnamed,,NO_POSE,UNKNOWN,0,0,0,0,0,0,0,0,1,0,0,0,0,,,,,,,,,,,,0.598833025,1669.91455,0,,,0,2,314.656128,264.978851,38338,DEFAULT,ADAPTIVE,CAR,
1787973283510,2.68173575,1156,unnamed,,NO_POSE,UNKNOWN,0,0,0,0,0,0,0,0,1,0,0,0,0,,,,,,,,,,,,0.598917007,1669.68042,0,,,0,2,314.697083,264.978851,38338,DEFAULT,ADAPTIVE,CAR,
1787973283511,2.68234587,1157,unnamed,,NO_POSE,UNKNOWN,0,0,0,0,0,0,0,0,1,0,0,0,0,,,,,,,,,,,,0.610166967,1638.89563,0,,,0,2,314.738037,264.978851,38338,DEFAULT,ADAPTIVE,CAR,
1787973283511,2.68293428,1158,unnamed,,NO_POSE,UNKNOWN,0,0,0,0,0,0,0,0,1,0,0,0,0,,,,,,,,,,,,0.588290989,1699.83911,0,,,0,2,314.778992,264.978851,38338,DEFAULT,ADAPTIVE,CAR,
1787973283512,2.68353605,1159,unnamed,,NO_POSE,UNKNOWN,0,0,0,0,0,0,0,0,1,0,0,0,0,,,,,,,,,,,,0.601999998,1661.12964,0,,,0,2,314.819916,264.978851,38338,DEFAULT,ADAPTIVE,CAR,
1787973283513,2.68414021,1160,unnamed,,NO_POSE,UNKNOWN,0,0,0,0,0,0,0,0,1,0,0,0,0,,,,,,,,,,,,0.604042053,1655.51392,0,,,0,2,314.86087,264.978851,38338,DEFAULT,ADAPTIVE,CAR,
1787973283513,2.68473291,1161,unnamed,,NO_POSE,UNKNOWN,0,0,0,0,0,0,0,0,1,0,0,0,0,,,,,,,,,,,,0.592707992,1687.17139,0,,,0,2,314.901825,264.978851,38338,DEFAULT,ADAPTIVE,CAR,
1787973283514,2.68522763,1162,unnamed,,NO_POSE,UNKNOWN,0,0,0,0,0,0,0,0,1,0,0,0,0,,,,,,,,,,,,0.494709015,2021.39038,0,,,0,2,314.94278,264.978851,38338,DEFAULT,ADAPTIVE,CAR,
1787973283514,2.68583417,1163,unnamed,,NO_POSE,UNKNOWN,0,0,0,0,0,0,0,0,1,0,0,0,0,,,,,,,,,,,,0.606540978,1648.69312,0,,,0,2,314.983704,264.978851,38338,DEFAULT,ADAPTIVE,CAR,
1787973283515,2.68632197,1164,unnamed,,NO_POSE,UNKNOWN,0,0,0,0,0,0,0,0,1,0,0,0,0,,,,,,,,,,,,0.487749994,2050.23071,0,,,0,2,315.024658,264.978851,38338,DEFAULT,ADAPTIVE,CAR,
1787973283515,2.68682623,1165,unnamed,,NO_POSE,UNKNOWN,0,0,0,0,0,0,0,0,1,0,0,0,0,,,,,,,,,,,,0.504333973,1982.81299,0,,,0,2,315.065613,264.978851,38338,DEFAULT,ADAPTIVE,CAR,
1787973283516,2.68732572,1166,unnamed,,NO_POSE,UNKNOWN,0,0,0,0,0,0,0,0,1,0,0,0,0,,,,,,,,,,,,0.499457985,2002.17041,0,,,0,2,315.106415,264.978851,38338,DEFAULT,ADAPTIVE,CAR,
1787973283516,2.68800902,1167,unnamed,,NO_POSE,UNKNOWN,0,0,0,0,0,0,0,0,1,0,0,0,0,,,,,,,,,,,,0.683207989,1463.68311,0,,,0,2,315.147095,264.978851,38338,DEFAULT,ADAPTIVE,CAR,
1787973283517,2.68866158,1168,unnamed,,NO_POSE,UNKNOWN,0,0,0,0,0,0,0,0,1,0,0,0,0,,,,,,,,,,,,0.652541995,1532.46838,0,,,0,2,315.187286,264.978851,38338,DEFAULT,ADAPTIVE,CAR,
1787973283518,2.68934703,1169,unnamed,,NO_POSE,UNKNOWN,0,0,0,0,0,0,0,0,1,0,0,0,0,,,,,,,,,,,,0.685582995,1458.61267,0,,,0,2,315.228241,264.978851,38338,DEFAULT,ADAPTIVE,CAR,
1787973283519,2.69003844,1170,unnamed,,NO_POSE,UNKNOWN,0,0,0,0,0,0,0,0,1,0,0,0,0,,,,,,,,,,,,0.691375017,1446.39307,0,,,0,2,315.26947,264.978851,38338,DEFAULT,ADAPTIVE,CAR,
1787973283519,2.69062734,1171,unnamed,,NO_POSE,UNKNOWN,0,0,0,0,0,0,0,0,1,0,0,0,0,,,,,,,,,,,,0.588999987,1697.79285,0,,,0,2,315.31015,264.978851,38338,DEFAULT,ADAPTIVE,CAR,
1787973283520,2.69112206,1172,unnamed,,NO_POSE,UNKNOWN,0,0,0,0,0,0,0,0,1,0,0,0,0,,,,,,,,,,,,0.494583964,2021.90137,0,,,0,2,315.305084,264.978851,38338,DEFAULT,ADAPTIVE,CAR,
1787973283520,2.6916275,1173,unnamed,,NO_POSE,UNKNOWN,0,0,0,0,0,0,0,0,1,0,0,0,0,,,,,,,,,,,,0.505540967,1978.07898,0,,,0,2,315.345245,264.978851,38338,DEFAULT,ADAPTIVE,CAR,
1787973283521,2.69224882,1174,unnamed,,NO_POSE,UNKNOWN,0,0,0,0,0,0,0,0,1,0,0,0,0,,,,,,,,,,,,0.621167004,1609.87305,0,,,0,2,315.386169,264.978851,38338,DEFAULT,ADAPTIVE,CAR,
1787973283521,2.69283581,1175,unnamed,,NO_POSE,UNKNOWN,0,0,0,0,0,0,0,0,1,0,0,0,0,,,,,,,,,,,,0.587166965,1703.09302,0,,,0,2,315.427155,264.978851,38338,DEFAULT,ADAPTIVE,CAR,
1787973283522,2.69343996,1176,unnamed,,NO_POSE,UNKNOWN,0,0,0,0,0,0,0,0,1,0,0,0,0,,,,,,,,,,,,0.604124963,1655.28662,0,,,0,2,314.177551,264.978851,38338,DEFAULT,ADAPTIVE,CAR,
1787973283522,2.69402838,1177,unnamed,,NO_POSE,UNKNOWN,0,0,0,0,0,0,0,0,1,0,0,0,0,,,,,,,,,,,,0.58841598,1699.47791,0,,,0,2,314.21524,264.978851,38338,DEFAULT,ADAPTIVE,CAR,
1787973283523,2.69452834,1178,unnamed,,NO_POSE,UNKNOWN,0,0,0,0,0,0,0,0,1,0,0,0,0,,,,,,,,,,,,0.499834001,2000.66418,0,,,0,2,314.256195,264.978851,38338,DEFAULT,ADAPTIVE,CAR,
1787973283524,2.69514894,1179,unnamed,,NO_POSE,UNKNOWN,0,0,0,0,0,0,0,0,1,0,0,0,0,,,,,,,,,,,,0.620624959,1611.27905,0,,,0,2,314.29715,264.978851,38338,DEFAULT,ADAPTIVE,CAR,
1787973283524,2.69583988,1180,unnamed,,NO_POSE,UNKNOWN,0,0,0,0,0,0,0,0,1,0,0,0,0,,,,,,,,,,,,0.691040993,1447.09216,0,,,0,2,314.337921,264.978851,38338,DEFAULT,ADAPTIVE,CAR,
1787973283525,2.6965344,1181,unnamed,,NO_POSE,UNKNOWN,0,0,0,0,0,0,0,0,1,0,0,0,0,,,,,,,,,,,,0.694499969,1439.88489,0,,,0,2,314.37851,264.978851,38338,DEFAULT,ADAPTIVE,CAR,
1787973283526,2.69734812,1182,unnamed,,NO_POSE,UNKNOWN,0,0,0,0,0,0,0,0,1,0,0,0,0,,,,,,,,,,,,0.81379199,1228.81519,0,,,0,2,314.418915,264.978851,38338,DEFAULT,ADAPTIVE,CAR,
1787973283527,2.69804621,1183,unnamed,,NO_POSE,UNKNOWN,0,0,0,0,0,0,0,0,1,0,0,0,0,,,,,,,,,,,,0.697957993,1432.75098,0,,,0,2,314.459869,264.978851,38338,DEFAULT,ADAPTIVE,CAR,
1787973283527,2.69863033,1184,unnamed,,NO_POSE,UNKNOWN,0,0,0,0,0,0,0,0,1,0,0,0,0,,,,,,,,,,,,0.584124982,1711.9624,0,,,0,2,314.500824,264.978851,38338,DEFAULT,ADAPTIVE,CAR,
1787973283528,2.69924664,1185,unnamed,,NO_POSE,UNKNOWN,0,0,0,0,0,0,0,0,1,0,0,0,0,,,,,,,,,,,,0.616249979,1622.71814,0,,,0,2,314.541779,264.978851,38338,DEFAULT,ADAPTIVE,CAR,
1787973283528,2.69983864,1186,unnamed,,NO_POSE,UNKNOWN,0,0,0,0,0,0,0,0,1,0,0,0,0,,,,,,,,,,,,0.592083991,1688.94946,0,,,0,2,314.582703,264.978851,38338,DEFAULT,ADAPTIVE,CAR,
1787973283529,2.70043254,1187,unnamed,,NO_POSE,UNKNOWN,0,0,0,0,0,0,0,0,1,0,0,0,0,,,,,,,,,,,,0.593999982,1683.50171,0,,,0,2,314.623657,264.978851,38338,DEFAULT,ADAPTIVE,CAR,
1787973283529,2.70103931,1188,unnamed,,NO_POSE,UNKNOWN,0,0,0,0,0,0,0,0,1,0,0,0,0,,,,,,,,,,,,0.606625021,1648.46484,0,,,0,2,314.664612,264.978851,38338,DEFAULT,ADAPTIVE,CAR,
1787973283530,2.70163298,1189,unnamed,,NO_POSE,UNKNOWN,0,0,0,0,0,0,0,0,1,0,0,0,0,,,,,,,,,,,,0.593625009,1684.56519,0,,,0,2,314.705566,264.978851,38338,DEFAULT,ADAPTIVE,CAR,
1787973283531,2.70224571,1190,unnamed,,NO_POSE,UNKNOWN,0,0,0,0,0,0,0,0,1,0,0,0,0,,,,,,,,,,,,0.612833023,1631.76587,0,,,0,2,314.74649,264.978851,38338,DEFAULT,ADAPTIVE,CAR,
1787973283531,2.70284939,1191,unnamed,,NO_POSE,UNKNOWN,0,0,0,0,0,0,0,0,1,0,0,0,0,,,,,,,,,,,,0.603707969,1656.43005,0,,,0,2,314.787445,264.978851,38338,DEFAULT,ADAPTIVE,CAR,
1787973283532,2.70343018,1192,unnamed,,NO_POSE,UNKNOWN,0,0,0,0,0,0,0,0,1,0,0,0,0,,,,,,,,,,,,0.58079201,1721.78674,0,,,0,2,314.8284,264.978851,38338,DEFAULT,ADAPTIVE,CAR,
1787973283533,2.70403814,1193,unnamed,,NO_POSE,UNKNOWN,0,0,0,0,0,0,0,0,1,0,0,0,0,,,,,,,,,,,,0.607917011,1644.9613,0,,,0,2,314.869202,264.978851,38338,DEFAULT,ADAPTIVE,CAR,
1787973283533,2.70468712,1194,unnamed,,NO_POSE,UNKNOWN,0,0,0,0,0,0,0,0,1,0,0,0,0,,,,,,,,,,,,0.649040997,1540.73474,0,,,0,2,314.910065,264.978851,38338,DEFAULT,ADAPTIVE,CAR,
1787973283534,2.70533848,1195,unnamed,,NO_POSE,UNKNOWN,0,0,0,0,0,0,0,0,1,0,0,0,0,,,,,,,,,,,,0.651333988,1535.31055,0,,,0,2,314.950317,264.978851,38338,DEFAULT,ADAPTIVE,CAR,
1787973283535,2.70605993,1196,unnamed,,NO_POSE,UNKNOWN,0,0,0,0,0,0,0,0,1,0,0,0,0,,,,,,,,,,,,0.721540987,1385.92261,0,,,0,2,314.991272,264.978851,38338,DEFAULT,ADAPTIVE,CAR,
1787973283535,2.70685673,1197,unnamed,,NO_POSE,UNKNOWN,0,0,0,0,0,0,0,0,1,0,0,0,0,,,,,,,,,,,,0.796750009,1255.09888,0,,,0,2,315.032104,264.978851,38338,DEFAULT,ADAPTIVE,CAR,
1787973283536,2.70743418,1198,unnamed,,NO_POSE,UNKNOWN,0,0,0,0,0,0,0,0,1,0,0,0,0,,,,,,,,,,,,0.577499986,1731.60181,0,,,0,2,315.073029,264.978851,38338,DEFAULT,ADAPTIVE,CAR,
1787973283536,2.70803618,1199,unnamed,,NO_POSE,UNKNOWN,0,0,0,0,0,0,0,0,1,0,0,0,0,,,,,,,,,,,,0.601792037,1661.70374,0,,,0,2,315.113983,264.978851,38338,DEFAULT,ADAPTIVE,CAR,
1787973283537,2.70865798,1200,unnamed,,NO_POSE,UNKNOWN,0,0,0,0,0,0,0,0,1,0,0,0,0,,,,,,,,,,,,0.621917009,1607.93152,0,,,0,2,313.963348,264.978851,38338,DEFAULT,ADAPTIVE,CAR,
1787973283538,2.70963645,1201,unnamed,,NO_POSE,UNKNOWN,0,0,0,0,0,0,0,0,1,0,0,0,0,,,,,,,,,,,,0.978540957,1021.92963,0,,,0,2,313.995697,264.978851,38338,DEFAULT,ADAPTIVE,CAR,
1787973283539,2.71023726,1202,unnamed,,NO_POSE,UNKNOWN,0,0,0,0,0,0,0,0,1,0,0,0,0,,,,,,,,,,,,0.600834012,1664.35315,0,,,0,2,314.036621,264.978851,38338,DEFAULT,ADAPTIVE,CAR,
1787973283539,2.71085095,1203,unnamed,,NO_POSE,UNKNOWN,0,0,0,0,0,0,0,0,1,0,0,0,0,,,,,,,,,,,,0.613499999,1629.99182,0,,,0,2,314.077576,264.978851,38338,DEFAULT,ADAPTIVE,CAR,
1787973283540,2.7115345,1204,unnamed,,NO_POSE,UNKNOWN,0,0,0,0,0,0,0,0,1,0,0,0,0,,,,,,,,,,,,0.683583021,1462.88013,0,,,0,2,314.11853,264.978851,38338,DEFAULT,ADAPTIVE,CAR,
1787973283541,2.7121439,1205,unnamed,,NO_POSE,UNKNOWN,0,0,0,0,0,0,0,0,1,0,0,0,0,,,,,,,,,,,,0.609458029,1640.80212,0,,,0,2,314.159332,264.978851,38338,DEFAULT,ADAPTIVE,CAR,
1787973283541,2.71273494,1206,unnamed,,NO_POSE,UNKNOWN,0,0,0,0,0,0,0,0,1,0,0,0,0,,,,,,,,,,,,0.590916991,1692.28503,0,,,0,2,314.200287,264.978851,38338,DEFAULT,ADAPTIVE,CAR,
1787973283542,2.71339703,1207,unnamed,,NO_POSE,UNKNOWN,0,0,0,0,0,0,0,0,1,0,0,0,0,,,,,,,,,,,,0.662292004,1509.90796,0,,,0,2,314.240875,264.978851,38338,DEFAULT,ADAPTIVE,CAR,
1787973283543,2.71404171,1208,unnamed,,NO_POSE,UNKNOWN,0,0,0,0,0,0,0,0,1,0,0,0,0,,,,,,,,,,,,0.644625008,1551.28955,0,,,0,2,314.281403,264.978851,38338,DEFAULT,ADAPTIVE,CAR,
1787973283543,2.71474695,1209,unnamed,,NO_POSE,UNKNOWN,0,0,0,0,0,0,0,0,1,0,0,0,0,,,,,,,,,,,,0.705290973,1417.85449,0,,,0,2,314.322235,264.978851,38338,DEFAULT,ADAPTIVE,CAR,
1787973283544,2.7153306,1210,unnamed,,NO_POSE,UNKNOWN,0,0,0,0,0,0,0,0,1,0,0,0,0,,,,,,,,,,,,0.583625019,1713.42908,0,,,0,2,314.363159,264.978851,38338,DEFAULT,ADAPTIVE,CAR,
1787973283544,2.71593022,1211,unnamed,,NO_POSE,UNKNOWN,0,0,0,0,0,0,0,0,1,0,0,0,0,,,,,,,,,,,,0.599542022,1667.93994,0,,,0,2,314.404114,264.978851,38338,DEFAULT,ADAPTIVE,CAR,
1787973283545,2.71653509,1212,unnamed,,NO_POSE,UNKNOWN,0,0,0,0,0,0,0,0,1,0,0,0,0,,,,,,,,,,,,0.604957998,1653.00732,0,,,0,2,314.445068,264.978851,38338,DEFAULT,ADAPTIVE,CAR,
1787973283545,2.71702933,1213,unnamed,,NO_POSE,UNKNOWN,0,0,0,0,0,0,0,0,1,0,0,0,0,,,,,,,,,,,,0.494083971,2023.94751,0,,,0,2,314.437561,264.978851,38338,DEFAULT,ADAPTIVE,CAR,
1787973283546,2.71763325,1214,unnamed,,NO_POSE,UNKNOWN,0,0,0,0,0,0,0,0,1,0,0,0,0,,,,,,,,,,,,0.60404098,1655.51685,0,,,0,2,314.477325,264.978851,38338,DEFAULT,ADAPTIVE,CAR,
1787973283547,2.71824074,1215,unnamed,,NO_POSE,UNKNOWN,0,0,0,0,0,0,0,0,1,0,0,0,0,,,,,,,,,,,,0.607417047,1646.31543,0,,,0,2,314.472046,264.978851,38338,DEFAULT,ADAPTIVE,CAR,
1787973283547,2.71882939,1216,unnamed,,NO_POSE,UNKNOWN,0,0,0,0,0,0,0,0,1,0,0,0,0,,,,,,,,,,,,0.588666975,1698.7533,0,,,0,2,314.51239,264.978851,38338,DEFAULT,ADAPTIVE,CAR,
1787973283548,2.71943688,1217,unnamed,,NO_POSE,UNKNOWN,0,0,0,0,0,0,0,0,1,0,0,0,0,,,,,,,,,,,,0.607625008,1645.75195,0,,,0,2,314.553345,264.978851,38338,DEFAULT,ADAPTIVE,CAR,
1787973283548,2.72003412,1218,unnamed,,NO_POSE,UNKNOWN,0,0,0,0,0,0,0,0,1,0,0,0,0,,,,,,,,,,,,0.597166002,1674.57617,0,,,0,2,314.594299,264.978851,38338,DEFAULT,ADAPTIVE,CAR,
1787973283549,2.72052193,1219,unnamed,,NO_POSE,UNKNOWN,0,0,0,0,0,0,0,0,1,0,0,0,0,,,,,,,,,,,,0.487749994,2050.23071,0,,,0,2,314.635406,264.978851,38338,DEFAULT,ADAPTIVE,CAR,
1787973283549,2.72103095,1220,unnamed,,NO_POSE,UNKNOWN,0,0,0,0,0,0,0,0,1,0,0,0,0,,,,,,,,,,,,0.508958995,1964.7948,0,,,0,2,314.629822,264.978851,38338,DEFAULT,ADAPTIVE,CAR,
1787973283550,2.72173905,1221,unnamed,,NO_POSE,UNKNOWN,0,0,0,0,0,0,0,0,1,0,0,0,0,,,,,,,,,,,,0.708082974,1412.26379,0,,,0,2,314.66983,264.978851,38338,DEFAULT,ADAPTIVE,CAR,
1787973283551,2.72255707,1222,unnamed,,NO_POSE,UNKNOWN,0,0,0,0,0,0,0,0,1,0,0,0,0,,,,,,,,,,,,0.818207979,1222.18311,0,,,0,2,314.710236,264.978851,38338,DEFAULT,ADAPTIVE,CAR,
1787973283552,2.72335005,1223,unnamed,,NO_POSE,UNKNOWN,0,0,0,0,0,0,0,0,1,0,0,0,0,,,,,,,,,,,,0.792792022,1261.36487,0,,,0,2,314.75119,264.978851,38338,DEFAULT,ADAPTIVE,CAR,
1787973283552,2.72395825,1224,unnamed,,NO_POSE,UNKNOWN,0,0,0,0,0,0,0,0,1,0,0,0,0,,,,,,,,,,,,0.608208001,1644.17432,0,,,0,2,314.792114,264.978851,38338,DEFAULT,ADAPTIVE,CAR,
1787973283553,2.72465324,1225,unnamed,,NO_POSE,UNKNOWN,0,0,0,0,0,0,0,0,1,0,0,0,0,,,,,,,,,,,,0.694999993,1438.84888,0,,,0,2,314.833069,264.978851,38338,DEFAULT,ADAPTIVE,CAR,
1787973283554,2.72532725,1226,unnamed,,NO_POSE,UNKNOWN,0,0,0,0,0,0,0,0,1,0,0,0,0,,,,,,,,,,,,0.674084008,1483.49463,0,,,0,2,314.874023,264.978851,38338,DEFAULT,ADAPTIVE,CAR,
1787973283554,2.72594953,1227,unnamed,,NO_POSE,UNKNOWN,0,0,0,0,0,0,0,0,1,0,0,0,0,,,,,,,,,,,,0.622375011,1606.74841,0,,,0,2,314.914978,264.978851,38338,DEFAULT,ADAPTIVE,CAR,
1787973283555,2.72663975,1228,unnamed,,NO_POSE,UNKNOWN,0,0,0,0,0,0,0,0,1,0,0,0,0,,,,,,,,,,,,0.690208018,1448.83862,0,,,0,2,314.955933,264.978851,38338,DEFAULT,ADAPTIVE,CAR,
1787973283556,2.72723103,1229,unnamed,,NO_POSE,UNKNOWN,0,0,0,0,0,0,0,0,1,0,0,0,0,,,,,,,,,,,,0.59108305,1691.80969,0,,,0,2,314.996887,264.978851,38338,DEFAULT,ADAPTIVE,CAR,
1787973283556,2.72784042,1230,unnamed,,NO_POSE,UNKNOWN,0,0,0,0,0,0,0,0,1,0,0,0,0,,,,,,,,,,,,0.609416962,1640.9126,0,,,0,2,315.037811,264.978851,38338,DEFAULT,ADAPTIVE,CAR,
1787973283557,2.72854233,1231,unnamed,,NO_POSE,UNKNOWN,0,0,0,0,0,0,0,0,1,0,0,0,0,,,,,,,,,,,,0.701999962,1424.50146,0,,,0,2,313.787903,264.978851,38338,DEFAULT,ADAPTIVE,CAR,
1787973283558,2.72926664,1232,unnamed,,NO_POSE,UNKNOWN,0,0,0,0,0,0,0,0,1,0,0,0,0,,,,,,,,,,,,0.724416971,1380.42041,0,,,0,2,313.818909,264.978851,38338,DEFAULT,ADAPTIVE,CAR,
1787973283558,2.73002577,1233,unnamed,,NO_POSE,UNKNOWN,0,0,0,0,0,0,0,0,1,0,0,0,0,,,,,,,,,,,,0.759083033,1317.37891,0,,,0,2,313.859497,264.978851,38338,DEFAULT,ADAPTIVE,CAR,
1787973283559,2.73072982,1234,unnamed,,NO_POSE,UNKNOWN,0,0,0,0,0,0,0,0,1,0,0,0,0,,,,,,,,,,,,0.703957975,1420.53931,0,,,0,2,313.899902,264.978851,38338,DEFAULT,ADAPTIVE,CAR,
1787973283560,2.73133111,1235,unnamed,,NO_POSE,UNKNOWN,0,0,0,0,0,0,0,0,1,0,0,0,0,,,,,,,,,,,,0.601333976,1662.96936,0,,,0,2,313.940857,264.978851,38338,DEFAULT,ADAPTIVE,CAR,
1787973283560,2.73184538,1236,unnamed,,NO_POSE,UNKNOWN,0,0,0,0,0,0,0,0,1,0,0,0,0,,,,,,,,,,,,0.51425004,1944.57947,0,,,0,2,313.935608,264.978851,38338,DEFAULT,ADAPTIVE,CAR,
1787973283561,2.73253489,1237,unnamed,,NO_POSE,UNKNOWN,0,0,0,0,0,0,0,0,1,0,0,0,0,,,,,,,,,,,,0.689500034,1450.32629,0,,,0,2,313.975922,264.978851,38338,DEFAULT,ADAPTIVE,CAR,
1787973283562,2.73314452,1238,unnamed,,NO_POSE,UNKNOWN,0,0,0,0,0,0,0,0,1,0,0,0,0,,,,,,,,,,,,0.609582961,1640.4657,0,,,0,2,314.016876,264.978851,38338,DEFAULT,ADAPTIVE,CAR,
1787973283562,2.73373079,1239,unnamed,,NO_POSE,UNKNOWN,0,0,0,0,0,0,0,0,1,0,0,0,0,,,,,,,,,,,,0.586332977,1705.5155,0,,,0,2,314.057831,264.978851,38338,DEFAULT,ADAPTIVE,CAR,
1787973283563,2.73435664,1240,unnamed,,NO_POSE,UNKNOWN,0,0,0,0,0,0,0,0,1,0,0,0,0,,,,,,,,,,,,0.625833988,1597.8678,0,,,0,2,314.098755,264.978851,38338,DEFAULT,ADAPTIVE,CAR,
1787973283563,2.73493123,1241,unnamed,,NO_POSE,UNKNOWN,0,0,0,0,0,0,0,0,1,0,0,0,0,,,,,,,,,,,,0.574540973,1740.5199,0,,,0,2,314.139709,264.978851,38338,DEFAULT,ADAPTIVE,CAR,
1787973283564,2.73554015,1242,unnamed,,NO_POSE,UNKNOWN,0,0,0,0,0,0,0,0,1,0,0,0,0,,,,,,,,,,,,0.608999968,1642.03613,0,,,0,2,314.180664,264.978851,38338,DEFAULT,ADAPTIVE,CAR,
1787973283565,2.73613214,1243,unnamed,,NO_POSE,UNKNOWN,0,0,0,0,0,0,0,0,1,0,0,0,0,,,,,,,,,,,,0.592041969,1689.06934,0,,,0,2,314.221619,264.978851,38338,DEFAULT,ADAPTIVE,CAR,
1787973283565,2.73662376,1244,unnamed,,NO_POSE,UNKNOWN,0,0,0,0,0,0,0,0,1,0,0,0,0,,,,,,,,,,,,0.491583019,2034.24438,0,,,0,2,314.216614,264.978851,38338,DEFAULT,ADAPTIVE,CAR,
1787973283566,2.73723364,1245,unnamed,,NO_POSE,UNKNOWN,0,0,0,0,0,0,0,0,1,0,0,0,0,,,,,,,,,,,,0.609749973,1640.01648,0,,,0,2,314.256531,264.978851,38338,DEFAULT,ADAPTIVE,CAR,
1787973283566,2.73799157,1246,unnamed,,NO_POSE,UNKNOWN,0,0,0,0,0,0,0,0,1,0,0,0,0,,,,,,,,,,,,0.758000016,1319.26123,0,,,0,2,314.297119,264.978851,38338,DEFAULT,ADAPTIVE,CAR,
1787973283567,2.73888087,1247,unnamed,,NO_POSE,UNKNOWN,0,0,0,0,0,0,0,0,1,0,0,0,0,,,,,,,,,,,,0.889334023,1124.43689,0,,,0,2,314.337524,264.978851,38338,DEFAULT,ADAPTIVE,CAR,
1787973283569,2.74049187,1248,unnamed,,NO_POSE,UNKNOWN,0,0,0,0,0,0,0,0,1,0,0,0,0,,,,,,,,,,,,1.61091602,620.764832,0,,,0,2,314.59491,264.978851,38338,DEFAULT,ADAPTIVE,CAR,
1787973283570,2.74124503,1249,unnamed,,NO_POSE,UNKNOWN,0,0,0,0,0,0,0,0,1,0,0,0,0,,,,,,,,,,,,0.753292024,1327.50647,0,,,0,2,314.635864,264.978851,38338,DEFAULT,ADAPTIVE,CAR,
1787973283570,2.74194264,1250,unnamed,,NO_POSE,UNKNOWN,0,0,0,0,0,0,0,0,1,0,0,0,0,,,,,,,,,,,,0.69749999,1433.69177,0,,,0,2,314.67691,264.978851,38338,DEFAULT,ADAPTIVE,CAR,
1787973283571,2.74254608,1251,unnamed,,NO_POSE,UNKNOWN,0,0,0,0,0,0,0,0,1,0,0,0,0,,,,,,,,,,,,0.603416979,1657.22876,0,,,0,2,314.717743,264.978851,38338,DEFAULT,ADAPTIVE,CAR,
1787973283572,2.74324417,1252,unnamed,,NO_POSE,UNKNOWN,0,0,0,0,0,0,0,0,1,0,0,0,0,,,,,,,,,,,,0.698249996,1432.15173,0,,,0,2,314.758698,264.978851,38338,DEFAULT,ADAPTIVE,CAR,
1787973283572,2.7438364,1253,unnamed,,NO_POSE,UNKNOWN,0,0,0,0,0,0,0,0,1,0,0,0,0,,,,,,,,,,,,0.592165947,1688.7157,0,,,0,2,313.260803,264.978851,38338,DEFAULT,ADAPTIVE,CAR,
1787973283573,2.74444461,1254,unnamed,,NO_POSE,UNKNOWN,0,0,0,0,0,0,0,0,1,0,0,0,0,,,,,,,,,,,,0.608167052,1644.28516,0,,,0,2,313.295227,264.978851,38338,DEFAULT,ADAPTIVE,CAR,
1787973283573,2.74503994,1255,unnamed,,NO_POSE,UNKNOWN,0,0,0,0,0,0,0,0,1,0,0,0,0,,,,,,,,,,,,0.595416963,1679.49524,0,,,0,2,313.336182,264.978851,38338,DEFAULT,ADAPTIVE,CAR,
1787973283574,2.74562645,1256,unnamed,,NO_POSE,UNKNOWN,0,0,0,0,0,0,0,0,1,0,0,0,0,,,,,,,,,,,,0.586540997,1704.91064,0,,,0,2,313.376984,264.978851,38338,DEFAULT,ADAPTIVE,CAR,
1787973283575,2.74633861,1257,unnamed,,NO_POSE,UNKNOWN,0,0,0,0,0,0,0,0,1,0,0,0,0,,,,,,,,,,,,0.712000012,1404.49438,0,,,0,2,313.417603,264.978851,38338,DEFAULT,ADAPTIVE,CAR,
1787973283576,2.74710655,1258,unnamed,,NO_POSE,UNKNOWN,0,0,0,0,0,0,0,0,1,0,0,0,0,,,,,,,,,,,,0.768124998,1301.87146,0,,,0,2,313.458008,264.978851,38338,DEFAULT,ADAPTIVE,CAR,
1787973283576,2.74773932,1259,unnamed,,NO_POSE,UNKNOWN,0,0,0,0,0,0,0,0,1,0,0,0,0,,,,,,,,,,,,0.632709026,1580.50537,0,,,0,2,313.498962,264.978851,38338,DEFAULT,ADAPTIVE,CAR,
1787973283577,2.74844337,1260,unnamed,,NO_POSE,UNKNOWN,0,0,0,0,0,0,0,0,1,0,0,0,0,,,,,,,,,,,,0.703957975,1420.53931,0,,,0,2,313.539886,264.978851,38338,DEFAULT,ADAPTIVE,CAR,
1787973283577,2.74902582,1261,unnamed,,NO_POSE,UNKNOWN,0,0,0,0,0,0,0,0,1,0,0,0,0,,,,,,,,,,,,0.58237499,1717.10669,0,,,0,2,313.534637,264.978851,38338,DEFAULT,ADAPTIVE,CAR,
1787973283578,2.74965024,1262,unnamed,,NO_POSE,UNKNOWN,0,0,0,0,0,0,0,0,1,0,0,0,0,,,,,,,,,,,,0.624583006,1601.06824,0,,,0,2,313.574951,264.978851,38338,DEFAULT,ADAPTIVE,CAR,
1787973283579,2.75022483,1263,unnamed,,NO_POSE,UNKNOWN,0,0,0,0,0,0,0,0,1,0,0,0,0,,,,,,,,,,,,0.574584007,1740.38953,0,,,0,2,313.615906,264.978851,38338,DEFAULT,ADAPTIVE,CAR,
1787973283579,2.75084949,1264,unnamed,,NO_POSE,UNKNOWN,0,0,0,0,0,0,0,0,1,0,0,0,0,,,,,,,,,,,,0.624541044,1601.1759,0,,,0,2,313.65686,264.978851,38338,DEFAULT,ADAPTIVE,CAR,
1787973283580,2.75143838,1265,unnamed,,NO_POSE,UNKNOWN,0,0,0,0,0,0,0,0,1,0,0,0,0,,,,,,,,,,,,0.588917017,1698.0321,0,,,0,2,313.697815,264.978851,38338,DEFAULT,ADAPTIVE,CAR,
1787973283580,2.75203562,1266,unnamed,,NO_POSE,UNKNOWN,0,0,0,0,0,0,0,0,1,0,0,0,0,,,,,,,,,,,,0.597249985,1674.3407,0,,,0,2,313.73877,264.978851,38338,DEFAULT,ADAPTIVE,CAR,
1787973283581,2.75263262,1267,unnamed,,NO_POSE,UNKNOWN,0,0,0,0,0,0,0,0,1,0,0,0,0,,,,,,,,,,,,0.597041965,1674.92407,0,,,0,2,313.778717,264.978851,38338,DEFAULT,ADAPTIVE,CAR,
1787973283582,2.75324607,1268,unnamed,,NO_POSE,UNKNOWN,0,0,0,0,0,0,0,0,1,0,0,0,0,,,,,,,,,,,,0.613416016,1630.21497,0,,,0,2,313.811462,264.978851,38338,DEFAULT,ADAPTIVE,CAR,
1787973283582,2.75395107,1269,unnamed,,NO_POSE,UNKNOWN,0,0,0,0,0,0,0,0,1,0,0,0,0,,,,,,,,,,,,0.705084026,1418.27075,0,,,0,2,313.852905,264.978851,38338,DEFAULT,ADAPTIVE,CAR,
1787973283583,2.75475836,1270,unnamed,,NO_POSE,UNKNOWN,0,0,0,0,0,0,0,0,1,0,0,0,0,,,,,,,,,,,,0.807332993,1238.64624,0,,,0,2,313.87915,264.978851,38338,DEFAULT,ADAPTIVE,CAR,
1787973283584,2.75568557,1271,unnamed,,NO_POSE,UNKNOWN,0,0,0,0,0,0,0,0,1,0,0,0,0,,,,,,,,,,,,0.927124977,1078.60327,0,,,0,2,313.918121,264.978851,38338,DEFAULT,ADAPTIVE,CAR,
1787973283585,2.75666237,1272,unnamed,,NO_POSE,UNKNOWN,0,0,0,0,0,0,0,0,1,0,0,0,0,,,,,,,,,,,,0.976667047,1023.89038,0,,,0,2,313.959167,264.978851,38338,DEFAULT,ADAPTIVE,CAR,
1787973283586,2.75766993,1273,unnamed,,NO_POSE,UNKNOWN,0,0,0,0,0,0,0,0,1,0,0,0,0,,,,,,,,,,,,1.00766599,992.392334,0,,,0,2,314,264.978851,38338,DEFAULT,ADAPTIVE,CAR,
1787973283587,2.75834465,1274,unnamed,,NO_POSE,UNKNOWN,0,0,0,0,0,0,0,0,1,0,0,0,0,,,,,,,,,,,,0.674708962,1482.12048,0,,,0,2,314.040955,264.978851,38338,DEFAULT,ADAPTIVE,CAR,
1787973283588,2.7590456,1275,unnamed,,NO_POSE,UNKNOWN,0,0,0,0,0,0,0,0,1,0,0,0,0,,,,,,,,,,,,0.701041043,1426.45007,0,,,0,2,314.082214,264.978851,38338,DEFAULT,ADAPTIVE,CAR,
1787973283588,2.75974727,1276,unnamed,,NO_POSE,UNKNOWN,0,0,0,0,0,0,0,0,1,0,0,0,0,,,,,,,,,,,,0.701499999,1425.51672,0,,,0,2,312.832306,264.978851,38338,DEFAULT,ADAPTIVE,CAR,
1787973283589,2.76043892,1277,unnamed,,NO_POSE,UNKNOWN,0,0,0,0,0,0,0,0,1,0,0,0,0,,,,,,,,,,,,0.69175005,1445.60889,0,,,0,2,312.869995,264.978851,38338,DEFAULT,ADAPTIVE,CAR,
1787973283590,2.76105237,1278,unnamed,,NO_POSE,UNKNOWN,0,0,0,0,0,0,0,0,1,0,0,0,0,,,,,,,,,,,,0.613417029,1630.2124,0,,,0,2,312.911499,264.978851,38338,DEFAULT,ADAPTIVE,CAR,
1787973283590,2.76173735,1279,unnamed,,NO_POSE,UNKNOWN,0,0,0,0,0,0,0,0,1,0,0,0,0,,,,,,,,,,,,0.684916973,1460.03101,0,,,0,2,312.90506,264.978851,38338,DEFAULT,ADAPTIVE,CAR,
1787973283591,2.76258636,1280,unnamed,,NO_POSE,UNKNOWN,0,0,0,0,0,0,0,0,1,0,0,0,0,,,,,,,,,,,,0.849040985,1177.79944,0,,,0,2,312.946472,264.978851,38338,DEFAULT,ADAPTIVE,CAR,
1787973283592,2.76345086,1281,unnamed,,NO_POSE,UNKNOWN,0,0,0,0,0,0,0,0,1,0,0,0,0,,,,,,,,,,,,0.864459038,1156.79285,0,,,0,2,312.986176,264.978851,38338,DEFAULT,ADAPTIVE,CAR,
1787973283593,2.76436567,1282,unnamed,,NO_POSE,UNKNOWN,0,0,0,0,0,0,0,0,1,0,0,0,0,,,,,,,,,,,,0.915041029,1092.84717,0,,,0,2,313.026581,264.978851,38338,DEFAULT,ADAPTIVE,CAR,
1787973283594,2.76516533,1283,unnamed,,NO_POSE,UNKNOWN,0,0,0,0,0,0,0,0,1,0,0,0,0,,,,,,,,,,,,0.79954201,1250.71606,0,,,0,2,313.067535,264.978851,38338,DEFAULT,ADAPTIVE,CAR,
1787973283594,2.76586556,1284,unnamed,,NO_POSE,UNKNOWN,0,0,0,0,0,0,0,0,1,0,0,0,0,,,,,,,,,,,,0.700291991,1427.97571,0,,,0,2,313.108521,264.978851,38338,DEFAULT,ADAPTIVE,CAR,
1787973283595,2.76676297,1285,unnamed,,NO_POSE,UNKNOWN,0,0,0,0,0,0,0,0,1,0,0,0,0,,,,,,,,,,,,0.897415996,1114.31042,0,,,0,2,313.149445,264.978851,38338,DEFAULT,ADAPTIVE,CAR,
1787973283596,2.76756144,1286,unnamed,,NO_POSE,UNKNOWN,0,0,0,0,0,0,0,0,1,0,0,0,0,,,,,,,,,,,,0.798334002,1252.60852,0,,,0,2,313.190399,264.978851,38338,DEFAULT,ADAPTIVE,CAR,
1787973283597,2.76823997,1287,unnamed,,NO_POSE,UNKNOWN,0,0,0,0,0,0,0,0,1,0,0,0,0,,,,,,,,,,,,0.678665996,1473.47888,0,,,0,2,313.231354,264.978851,38338,DEFAULT,ADAPTIVE,CAR,
1787973283597,2.76894855,1288,unnamed,,NO_POSE,UNKNOWN,0,0,0,0,0,0,0,0,1,0,0,0,0,,,,,,,,,,,,0.708499968,1411.43262,0,,,0,2,313.272278,264.978851,38338,DEFAULT,ADAPTIVE,CAR,
1787973283598,2.76964927,1289,unnamed,,NO_POSE,UNKNOWN,0,0,0,0,0,0,0,0,1,0,0,0,0,,,,,,,,,,,,0.700749993,1427.04248,0,,,0,2,313.313232,264.978851,38338,DEFAULT,ADAPTIVE,CAR,
1787973283599,2.7704134,1290,unnamed,,NO_POSE,UNKNOWN,0,0,0,0,0,0,0,0,1,0,0,0,0,,,,,,,,,,,,0.764083982,1308.75659,0,,,0,2,313.354034,264.978851,38338,DEFAULT,ADAPTIVE,CAR,
1787973283600,2.77115846,1291,unnamed,,NO_POSE,UNKNOWN,0,0,0,0,0,0,0,0,1,0,0,0,0,,,,,,,,,,,,0.745000005,1342.28186,0,,,0,2,313.394989,264.978851,38338,DEFAULT,ADAPTIVE,CAR,
1787973283601,2.77209783,1292,unnamed,,NO_POSE,UNKNOWN,0,0,0,0,0,0,0,0,1,0,0,0,0,,,,,,,,,,,,0.939375043,1064.5376,0,,,0,2,313.435547,264.978851,38338,DEFAULT,ADAPTIVE,CAR,
1787973283602,2.77316809,1293,unnamed,,NO_POSE,UNKNOWN,0,0,0,0,0,0,0,0,1,0,0,0,0,,,,,,,,,,,,1.070333,934.288696,0,,,0,2,313.475983,264.978851,38338,DEFAULT,ADAPTIVE,CAR,
1787973283603,2.77417064,1294,unnamed,,NO_POSE,UNKNOWN,0,0,0,0,0,0,0,0,1,0,0,0,0,,,,,,,,,,,,1.00262499,997.381897,0,,,0,2,313.513702,264.978851,38338,DEFAULT,ADAPTIVE,CAR,
1787973283603,2.77495527,1295,unnamed,,NO_POSE,UNKNOWN,0,0,0,0,0,0,0,0,1,0,0,0,0,,,,,,,,,,,,0.784542024,1274.62903,0,,,0,2,313.554657,264.978851,38338,DEFAULT,ADAPTIVE,CAR,
1787973283604,2.77576518,1296,unnamed,,NO_POSE,UNKNOWN,0,0,0,0,0,0,0,0,1,0,0,0,0,,,,,,,,,,,,0.809957981,1234.63196,0,,,0,2,312.35141,264.978851,38338,DEFAULT,ADAPTIVE,CAR,
1787973283605,2.77656198,1297,unnamed,,NO_POSE,UNKNOWN,0,0,0,0,0,0,0,0,1,0,0,0,0,,,,,,,,,,,,0.796707988,1255.16504,0,,,0,2,312.392365,264.978851,38338,DEFAULT,ADAPTIVE,CAR,
1787973283606,2.77734947,1298,unnamed,,NO_POSE,UNKNOWN,0,0,0,0,0,0,0,0,1,0,0,0,0,,,,,,,,,,,,0.787500024,1269.84131,0,,,0,2,312.433319,264.978851,38338,DEFAULT,ADAPTIVE,CAR,
1787973283607,2.77804422,1299,unnamed,,NO_POSE,UNKNOWN,0,0,0,0,0,0,0,0,1,0,0,0,0,,,,,,,,,,,,0.694792032,1439.27966,0,,,0,2,312.474243,264.978851,38338,DEFAULT,ADAPTIVE,CAR,
1787973283607,2.77874708,1300,unnamed,,NO_POSE,UNKNOWN,0,0,0,0,0,0,0,0,1,0,0,0,0,,,,,,,,,,,,0.702957988,1422.56018,0,,,0,2,312.515045,264.978851,38338,DEFAULT,ADAPTIVE,CAR,
1787973283608,2.77946138,1301,unnamed,,NO_POSE,UNKNOWN,0,0,0,0,0,0,0,0,1,0,0,0,0,,,,,,,,,,,,0.714334011,1399.90527,0,,,0,2,312.556,264.978851,38338,DEFAULT,ADAPTIVE,CAR,
1787973283609,2.78031445,1302,unnamed,,NO_POSE,UNKNOWN,0,0,0,0,0,0,0,0,1,0,0,0,0,,,,,,,,,,,,0.852874994,1172.50476,0,,,0,2,312.596588,264.978851,38338,DEFAULT,ADAPTIVE,CAR,
1787973283610,2.78115106,1303,unnamed,,NO_POSE,UNKNOWN,0,0,0,0,0,0,0,0,1,0,0,0,0,,,,,,,,,,,,0.836790979,1195.0415,0,,,0,2,312.636993,264.978851,38338,DEFAULT,ADAPTIVE,CAR,
1787973283610,2.78184199,1304,unnamed,,NO_POSE,UNKNOWN,0,0,0,0,0,0,0,0,1,0,0,0,0,,,,,,,,,,,,0.690791965,1447.61377,0,,,0,2,312.677948,264.978851,38338,DEFAULT,ADAPTIVE,CAR,
1787973283611,2.78243947,1305,unnamed,,NO_POSE,UNKNOWN,0,0,0,0,0,0,0,0,1,0,0,0,0,,,,,,,,,,,,0.597416997,1673.87268,0,,,0,2,312.718872,264.978851,38338,DEFAULT,ADAPTIVE,CAR,
1787973283612,2.78304124,1306,unnamed,,NO_POSE,UNKNOWN,0,0,0,0,0,0,0,0,1,0,0,0,0,,,,,,,,,,,,0.601958036,1661.24536,0,,,0,2,312.759827,264.978851,38338,DEFAULT,ADAPTIVE,CAR,
1787973283612,2.78364015,1307,unnamed,,NO_POSE,UNKNOWN,0,0,0,0,0,0,0,0,1,0,0,0,0,,,,,,,,,,,,0.598917007,1669.68042,0,,,0,2,312.800781,264.978851,38338,DEFAULT,ADAPTIVE,CAR,
1787973283613,2.78434825,1308,unnamed,,NO_POSE,UNKNOWN,0,0,0,0,0,0,0,0,1,0,0,0,0,,,,,,,,,,,,0.708041012,1412.34753,0,,,0,2,312.841736,264.978851,38338,DEFAULT,ADAPTIVE,CAR,
1787973283613,2.78492785,1309,unnamed,,NO_POSE,UNKNOWN,0,0,0,0,0,0,0,0,1,0,0,0,0,,,,,,,,,,,,0.579542041,1725.50049,0,,,0,2,312.836151,264.978851,38338,DEFAULT,ADAPTIVE,CAR,
1787973283614,2.7855382,1310,unnamed,,NO_POSE,UNKNOWN,0,0,0,0,0,0,0,0,1,0,0,0,0,,,,,,,,,,,,0.610458016,1638.11426,0,,,0,2,312.876801,264.978851,38338,DEFAULT,ADAPTIVE,CAR,
1787973283615,2.78614712,1311,unnamed,,NO_POSE,UNKNOWN,0,0,0,0,0,0,0,0,1,0,0,0,0,,,,,,,,,,,,0.608749986,1642.71057,0,,,0,2,312.917786,264.978851,38338,DEFAULT,ADAPTIVE,CAR,
1787973283615,2.78674293,1312,unnamed,,NO_POSE,UNKNOWN,0,0,0,0,0,0,0,0,1,0,0,0,0,,,,,,,,,,,,0.595916986,1678.08606,0,,,0,2,312.95871,264.978851,38338,DEFAULT,ADAPTIVE,CAR,
1787973283616,2.78746271,1313,unnamed,,NO_POSE,UNKNOWN,0,0,0,0,0,0,0,0,1,0,0,0,0,,,,,,,,,,,,0.719833016,1389.21106,0,,,0,2,312.999512,264.978851,38338,DEFAULT,ADAPTIVE,CAR,
1787973283617,2.78847504,1314,unnamed,,NO_POSE,UNKNOWN,0,0,0,0,0,0,0,0,1,0,0,0,0,,,,,,,,,,,,1.01229203,987.857239,0,,,0,2,313.0401,264.978851,38338,DEFAULT,ADAPTIVE,CAR,
1787973283618,2.78961682,1315,unnamed,,NO_POSE,UNKNOWN,0,0,0,0,0,0,0,0,1,0,0,0,0,,,,,,,,,,,,1.14170802,875.880676,0,,,0,2,313.081116,264.978851,38338,DEFAULT,ADAPTIVE,CAR,
1787973283619,2.7907896,1316,unnamed,,NO_POSE,UNKNOWN,0,0,0,0,0,0,0,0,1,0,0,0,0,,,,,,,,,,,,1.17275,852.696655,0,,,0,2,313.12146,264.978851,38338,DEFAULT,ADAPTIVE,CAR,
1787973283620,2.79177308,1317,unnamed,,NO_POSE,UNKNOWN,0,0,0,0,0,0,0,0,1,0,0,0,0,,,,,,,,,,,,0.983583987,1016.69,0,,,0,2,313.162415,264.978851,38338,DEFAULT,ADAPTIVE,CAR,
1787973283621,2.79267979,1318,unnamed,,NO_POSE,UNKNOWN,0,0,0,0,0,0,0,0,1,0,0,0,0,,,,,,,,,,,,0.906582952,1103.04297,0,,,0,2,313.203369,264.978851,38338,DEFAULT,ADAPTIVE,CAR,
1787973283622,2.79367518,1319,unnamed,,NO_POSE,UNKNOWN,0,0,0,0,0,0,0,0,1,0,0,0,0,,,,,,,,,,,,0.995542049,1004.47791,0,,,0,2,313.244324,264.978851,38338,DEFAULT,ADAPTIVE,CAR,
1787973283623,2.79457307,1320,unnamed,,NO_POSE,UNKNOWN,0,0,0,0,0,0,0,0,1,0,0,0,0,,,,,,,,,,,,0.897707999,1113.948,0,,,0,2,312.044525,264.978851,38338,DEFAULT,ADAPTIVE,CAR,
1787973283624,2.79577541,1321,unnamed,,NO_POSE,UNKNOWN,0,0,0,0,0,0,0,0,1,0,0,0,0,,,,,,,,,,,,1.20245802,831.629822,0,,,0,2,312.086517,264.978851,38338,DEFAULT,ADAPTIVE,CAR,
1787973283625,2.79679298,1322,unnamed,,NO_POSE,UNKNOWN,0,0,0,0,0,0,0,0,1,0,0,0,0,,,,,,,,,,,,1.01758397,982.719849,0,,,0,2,312.127106,264.978851,38338,DEFAULT,ADAPTIVE,CAR,
1787973283626,2.79787517,1323,unnamed,,NO_POSE,UNKNOWN,0,0,0,0,0,0,0,0,1,0,0,0,0,,,,,,,,,,,,1.08216596,924.072693,0,,,0,2,312.167511,264.978851,38338,DEFAULT,ADAPTIVE,CAR,
1787973283627,2.79875517,1324,unnamed,,NO_POSE,UNKNOWN,0,0,0,0,0,0,0,0,1,0,0,0,0,,,,,,,,,,,,0.880083978,1136.25513,0,,,0,2,312.208466,264.978851,38338,DEFAULT,ADAPTIVE,CAR,
1787973283628,2.79956985,1325,unnamed,,NO_POSE,UNKNOWN,0,0,0,0,0,0,0,0,1,0,0,0,0,,,,,,,,,,,,0.814499974,1227.74707,0,,,0,2,312.24939,264.978851,38338,DEFAULT,ADAPTIVE,CAR,
1787973283629,2.80046129,1326,unnamed,,NO_POSE,UNKNOWN,0,0,0,0,0,0,0,0,1,0,0,0,0,,,,,,,,,,,,0.891458035,1121.75781,0,,,0,2,312.290344,264.978851,38338,DEFAULT,ADAPTIVE,CAR,
1787973283630,2.801265,1327,unnamed,,NO_POSE,UNKNOWN,0,0,0,0,0,0,0,0,1,0,0,0,0,,,,,,,,,,,,0.803833008,1244.03943,0,,,0,2,312.331299,264.978851,38338,DEFAULT,ADAPTIVE,CAR,
1787973283631,2.80205274,1328,unnamed,,NO_POSE,UNKNOWN,0,0,0,0,0,0,0,0,1,0,0,0,0,,,,,,,,,,,,0.787750006,1269.43823,0,,,0,2,312.372253,264.978851,38338,DEFAULT,ADAPTIVE,CAR,
1787973283631,2.80275416,1329,unnamed,,NO_POSE,UNKNOWN,0,0,0,0,0,0,0,0,1,0,0,0,0,,,,,,,,,,,,0.701375008,1425.77075,0,,,0,2,312.4133,264.978851,38338,DEFAULT,ADAPTIVE,CAR,
1787973283632,2.80345011,1330,unnamed,,NO_POSE,UNKNOWN,0,0,0,0,0,0,0,0,1,0,0,0,0,,,,,,,,,,,,0.69591701,1436.953,0,,,0,2,312.454132,264.978851,38338,DEFAULT,ADAPTIVE,CAR,
1787973283633,2.8043673,1331,unnamed,,NO_POSE,UNKNOWN,0,0,0,0,0,0,0,0,1,0,0,0,0,,,,,,,,,,,,0.917291999,1090.16541,0,,,0,2,312.494934,264.978851,38338,DEFAULT,ADAPTIVE,CAR,
1787973283634,2.80548167,1332,unnamed,,NO_POSE,UNKNOWN,0,0,0,0,0,0,0,0,1,0,0,0,0,,,,,,,,,,,,1.114375,897.364014,0,,,0,2,312.535522,264.978851,38338,DEFAULT,ADAPTIVE,CAR,
1787973283635,2.80664468,1333,unnamed,,NO_POSE,UNKNOWN,0,0,0,0,0,0,0,0,1,0,0,0,0,,,,,,,,,,,,1.163041,859.814941,0,,,0,2,312.575592,264.978851,38338,DEFAULT,ADAPTIVE,CAR,
1787973283636,2.80769634,1334,unnamed,,NO_POSE,UNKNOWN,0,0,0,0,0,0,0,0,1,0,0,0,0,,,,,,,,,,,,1.05166698,950.871277,0,,,0,2,312.613647,264.978851,38338,DEFAULT,ADAPTIVE,CAR,
1787973283637,2.80844736,1335,unnamed,,NO_POSE,UNKNOWN,0,0,0,0,0,0,0,0,1,0,0,0,0,,,,,,,,,,,,0.750999987,1331.55786,0,,,0,2,312.654602,264.978851,38338,DEFAULT,ADAPTIVE,CAR,
1787973283638,2.80914617,1336,unnamed,,NO_POSE,UNKNOWN,0,0,0,0,0,0,0,0,1,0,0,0,0,,,,,,,,,,,,0.698667049,1431.297,0,,,0,2,312.696136,264.978851,38338,DEFAULT,ADAPTIVE,CAR,
1787973283638,2.80984235,1337,unnamed,,NO_POSE,UNKNOWN,0,0,0,0,0,0,0,0,1,0,0,0,0,,,,,,,,,,,,0.69629097,1436.18115,0,,,0,2,312.736633,264.978851,38338,DEFAULT,ADAPTIVE,CAR,
1787973283639,2.81044388,1338,unnamed,,NO_POSE,UNKNOWN,0,0,0,0,0,0,0,0,1,0,0,0,0,,,,,,,,,,,,0.601459026,1662.62366,0,,,0,2,311.337738,264.978851,38338,DEFAULT,ADAPTIVE,CAR,
1787973283640,2.81146646,1339,unnamed,,NO_POSE,UNKNOWN,0,0,0,0,0,0,0,0,1,0,0,0,0,,,,,,,,,,,,1.02250004,977.995117,0,,,0,2,311.368561,264.978851,38338,DEFAULT,ADAPTIVE,CAR,
1787973283641,2.81213856,1340,unnamed,,NO_POSE,UNKNOWN,0,0,0,0,0,0,0,0,1,0,0,0,0,,,,,,,,,,,,0.672290981,1487.45117,0,,,0,2,311.409363,264.978851,38338,DEFAULT,ADAPTIVE,CAR,
1787973283641,2.81297207,1341,unnamed,,NO_POSE,UNKNOWN,0,0,0,0,0,0,0,0,1,0,0,0,0,,,,,,,,,,,,0.833333969,1199.99902,0,,,0,2,311.449951,264.978851,38338,DEFAULT,ADAPTIVE,CAR,
1787973283642,2.81375003,1342,unnamed,,NO_POSE,UNKNOWN,0,0,0,0,0,0,0,0,1,0,0,0,0,,,,,,,,,,,,0.778124988,1285.1405,0,,,0,2,311.490356,264.978851,38338,DEFAULT,ADAPTIVE,CAR,
1787973283643,2.81445765,1343,unnamed,,NO_POSE,UNKNOWN,0,0,0,0,0,0,0,0,1,0,0,0,0,,,,,,,,,,,,0.707582951,1413.26184,0,,,0,2,311.531342,264.978851,38338,DEFAULT,ADAPTIVE,CAR,
1787973283644,2.81525517,1344,unnamed,,NO_POSE,UNKNOWN,0,0,0,0,0,0,0,0,1,0,0,0,0,,,,,,,,,,,,0.797541976,1253.85254,0,,,0,2,311.572296,264.978851,38338,DEFAULT,ADAPTIVE,CAR,
1787973283644,2.81594229,1345,unnamed,,NO_POSE,UNKNOWN,0,0,0,0,0,0,0,0,1,0,0,0,0,,,,,,,,,,,,0.687083006,1455.42822,0,,,0,2,311.61322,264.978851,38338,DEFAULT,ADAPTIVE,CAR,
1787973283645,2.81653833,1346,unnamed,,NO_POSE,UNKNOWN,0,0,0,0,0,0,0,0,1,0,0,0,0,,,,,,,,,,,,0.595916986,1678.08606,0,,,0,2,311.654144,264.978851,38338,DEFAULT,ADAPTIVE,CAR,
1787973283646,2.81713867,1347,unnamed,,NO_POSE,UNKNOWN,0,0,0,0,0,0,0,0,1,0,0,0,0,,,,,,,,,,,,0.600416005,1665.51196,0,,,0,2,311.648254,264.978851,38338,DEFAULT,ADAPTIVE,CAR,
1787973283646,2.81776428,1348,unnamed,,NO_POSE,UNKNOWN,0,0,0,0,0,0,0,0,1,0,0,0,0,,,,,,,,,,,,0.625708997,1598.18701,0,,,0,2,311.689209,264.978851,38338,DEFAULT,ADAPTIVE,CAR,
1787973283647,2.81843448,1349,unnamed,,NO_POSE,UNKNOWN,0,0,0,0,0,0,0,0,1,0,0,0,0,,,,,,,,,,,,0.670082986,1492.35242,0,,,0,2,311.730164,264.978851,38338,DEFAULT,ADAPTIVE,CAR,
1787973283648,2.81904197,1350,unnamed,,NO_POSE,UNKNOWN,0,0,0,0,0,0,0,0,1,0,0,0,0,,,,,,,,,,,,0.607417047,1646.31543,0,,,0,2,311.771088,264.978851,38338,DEFAULT,ADAPTIVE,CAR,
1787973283648,2.81973839,1351,unnamed,,NO_POSE,UNKNOWN,0,0,0,0,0,0,0,0,1,0,0,0,0,,,,,,,,,,,,0.696457982,1435.83679,0,,,0,2,311.812042,264.978851,38338,DEFAULT,ADAPTIVE,CAR,
1787973283649,2.82039189,1352,unnamed,,NO_POSE,UNKNOWN,0,0,0,0,0,0,0,0,1,0,0,0,0,,,,,,,,,,,,0.653667033,1529.83093,0,,,0,2,311.853424,264.978851,38338,DEFAULT,ADAPTIVE,CAR,
1787973283650,2.82104731,1353,unnamed,,NO_POSE,UNKNOWN,0,0,0,0,0,0,0,0,1,0,0,0,0,,,,,,,,,,,,0.655332983,1525.94177,0,,,0,2,311.893799,264.978851,38338,DEFAULT,ADAPTIVE,CAR,
1787973283650,2.82180929,1354,unnamed,,NO_POSE,UNKNOWN,0,0,0,0,0,0,0,0,1,0,0,0,0,,,,,,,,,,,,0.761916995,1312.479,0,,,0,2,311.934357,264.978851,38338,DEFAULT,ADAPTIVE,CAR,
1787973283651,2.82256556,1355,unnamed,,NO_POSE,UNKNOWN,0,0,0,0,0,0,0,0,1,0,0,0,0,,,,,,,,,,,,0.756290972,1322.24243,0,,,0,2,311.974701,264.978851,38338,DEFAULT,ADAPTIVE,CAR,
1787973283652,2.8233726,1356,unnamed,,NO_POSE,UNKNOWN,0,0,0,0,0,0,0,0,1,0,0,0,0,,,,,,,,,,,,0.807042003,1239.0929,0,,,0,2,312.015656,264.978851,38338,DEFAULT,ADAPTIVE,CAR,
1787973283653,2.82414532,1357,unnamed,,NO_POSE,UNKNOWN,0,0,0,0,0,0,0,0,1,0,0,0,0,,,,,,,,,,,,0.77275002,1294.07959,0,,,0,2,312.05661,264.978851,38338,DEFAULT,ADAPTIVE,CAR,
1787973283653,2.8248384,1358,unnamed,,NO_POSE,UNKNOWN,0,0,0,0,0,0,0,0,1,0,0,0,0,,,,,,,,,,,,0.69304198,1442.91394,0,,,0,2,312.097534,264.978851,38338,DEFAULT,ADAPTIVE,CAR,
1787973283654,2.82544494,1359,unnamed,,NO_POSE,UNKNOWN,0,0,0,0,0,0,0,0,1,0,0,0,0,,,,,,,,,,,,0.606582999,1648.57898,0,,,0,2,312.138489,264.978851,38338,DEFAULT,ADAPTIVE,CAR,
1787973283655,2.82613826,1360,unnamed,,NO_POSE,UNKNOWN,0,0,0,0,0,0,0,0,1,0,0,0,0,,,,,,,,,,,,0.693374991,1442.22095,0,,,0,2,310.864838,264.978851,38338,DEFAULT,ADAPTIVE,CAR,
1787973283655,2.82683969,1361,unnamed,,NO_POSE,UNKNOWN,0,0,0,0,0,0,0,0,1,0,0,0,0,,,,,,,,,,,,0.701375008,1425.77075,0,,,0,2,310.895996,264.978851,38338,DEFAULT,ADAPTIVE,CAR,
1787973283656,2.82744861,1362,unnamed,,NO_POSE,UNKNOWN,0,0,0,0,0,0,0,0,1,0,0,0,0,,,,,,,,,,,,0.608999968,1642.03613,0,,,0,2,310.890717,264.978851,38338,DEFAULT,ADAPTIVE,CAR,
1787973283657,2.82815695,1363,unnamed,,NO_POSE,UNKNOWN,0,0,0,0,0,0,0,0,1,0,0,0,0,,,,,,,,,,,,0.708249986,1411.93091,0,,,0,2,310.931061,264.978851,38338,DEFAULT,ADAPTIVE,CAR,
1787973283657,2.82873893,1364,unnamed,,NO_POSE,UNKNOWN,0,0,0,0,0,0,0,0,1,0,0,0,0,,,,,,,,,,,,0.581874967,1718.58228,0,,,0,2,310.971924,264.978851,38338,DEFAULT,ADAPTIVE,CAR,
1787973283658,2.82936096,1365,unnamed,,NO_POSE,UNKNOWN,0,0,0,0,0,0,0,0,1,0,0,0,0,,,,,,,,,,,,0.622207999,1607.17957,0,,,0,2,311.012787,264.978851,38338,DEFAULT,ADAPTIVE,CAR,
1787973283659,2.83032942,1366,unnamed,,NO_POSE,UNKNOWN,0,0,0,0,0,0,0,0,1,0,0,0,0,,,,,,,,,,,,0.968416989,1032.61304,0,,,0,2,311.053375,264.978851,38338,DEFAULT,ADAPTIVE,CAR,
1787973283660,2.83126116,1367,unnamed,,NO_POSE,UNKNOWN,0,0,0,0,0,0,0,0,1,0,0,0,0,,,,,,,,,,,,0.93166697,1073.34485,0,,,0,2,311.093781,264.978851,38338,DEFAULT,ADAPTIVE,CAR,
1787973283660,2.83195114,1368,unnamed,,NO_POSE,UNKNOWN,0,0,0,0,0,0,0,0,1,0,0,0,0,,,,,,,,,,,,0.689999998,1449.27539,0,,,0,2,311.134735,264.978851,38338,DEFAULT,ADAPTIVE,CAR,
1787973283661,2.83264732,1369,unnamed,,NO_POSE,UNKNOWN,0,0,0,0,0,0,0,0,1,0,0,0,0,,,,,,,,,,,,0.69629097,1436.18115,0,,,0,2,311.17569,264.978851,38338,DEFAULT,ADAPTIVE,CAR,
1787973283662,2.83345628,1370,unnamed,,NO_POSE,UNKNOWN,0,0,0,0,0,0,0,0,1,0,0,0,0,,,,,,,,,,,,0.808875024,1236.28491,0,,,0,2,311.1698,264.978851,38338,DEFAULT,ADAPTIVE,CAR,
1787973283663,2.83414602,1371,unnamed,,NO_POSE,UNKNOWN,0,0,0,0,0,0,0,0,1,0,0,0,0,,,,,,,,,,,,0.689666986,1449.9751,0,,,0,2,311.210754,264.978851,38338,DEFAULT,ADAPTIVE,CAR,
1787973283663,2.83483887,1372,unnamed,,NO_POSE,UNKNOWN,0,0,0,0,0,0,0,0,1,0,0,0,0,,,,,,,,,,,,0.692957997,1443.08887,0,,,0,2,311.251709,264.978851,38338,DEFAULT,ADAPTIVE,CAR,
1787973283664,2.83545184,1373,unnamed,,NO_POSE,UNKNOWN,0,0,0,0,0,0,0,0,1,0,0,0,0,,,,,,,,,,,,0.613041997,1631.20972,0,,,0,2,311.292664,264.978851,38338,DEFAULT,ADAPTIVE,CAR,
1787973283665,2.83615446,1374,unnamed,,NO_POSE,UNKNOWN,0,0,0,0,0,0,0,0,1,0,0,0,0,,,,,,,,,,,,0.702499986,1423.48755,0,,,0,2,311.333588,264.978851,38338,DEFAULT,ADAPTIVE,CAR,
1787973283665,2.83685279,1375,unnamed,,NO_POSE,UNKNOWN,0,0,0,0,0,0,0,0,1,0,0,0,0,,,,,,,,,,,,0.698333025,1431.98157,0,,,0,2,311.374542,264.978851,38338,DEFAULT,ADAPTIVE,CAR,
1787973283666,2.83757353,1376,unnamed,,NO_POSE,UNKNOWN,0,0,0,0,0,0,0,0,1,0,0,0,0,,,,,,,,,,,,0.720791996,1387.36279,0,,,0,2,311.415344,264.978851,38338,DEFAULT,ADAPTIVE,CAR,
1787973283667,2.83848548,1377,unnamed,,NO_POSE,UNKNOWN,0,0,0,0,0,0,0,0,1,0,0,0,0,,,,,,,,,,,,0.912,1096.49121,0,,,0,2,311.455933,264.978851,38338,DEFAULT,ADAPTIVE,CAR,
1787973283668,2.83952475,1378,unnamed,,NO_POSE,UNKNOWN,0,0,0,0,0,0,0,0,1,0,0,0,0,,,,,,,,,,,,1.03916705,962.309204,0,,,0,2,311.496216,264.978851,38338,DEFAULT,ADAPTIVE,CAR,
1787973283669,2.84056783,1379,unnamed,,NO_POSE,UNKNOWN,0,0,0,0,0,0,0,0,1,0,0,0,0,,,,,,,,,,,,1.04304099,958.735107,0,,,0,2,311.53717,264.978851,38338,DEFAULT,ADAPTIVE,CAR,
1787973283670,2.8412528,1380,unnamed,,NO_POSE,UNKNOWN,0,0,0,0,0,0,0,0,1,0,0,0,0,,,,,,,,,,,,0.684958994,1459.94141,0,,,0,2,311.578125,264.978851,38338,DEFAULT,ADAPTIVE,CAR,
1787973283670,2.84195805,1381,unnamed,,NO_POSE,UNKNOWN,0,0,0,0,0,0,0,0,1,0,0,0,0,,,,,,,,,,,,0.705290973,1417.85449,0,,,0,2,311.615845,264.978851,38338,DEFAULT,ADAPTIVE,CAR,
1787973283671,2.8427546,1382,unnamed,,NO_POSE,UNKNOWN,0,0,0,0,0,0,0,0,1,0,0,0,0,,,,,,,,,,,,0.796541989,1255.42664,0,,,0,2,311.656799,264.978851,38338,DEFAULT,ADAPTIVE,CAR,
1787973283672,2.84347653,1383,unnamed,,NO_POSE,UNKNOWN,0,0,0,0,0,0,0,0,1,0,0,0,0,,,,,,,,,,,,0.721875012,1385.28137,0,,,0,2,311.692932,264.978851,38338,DEFAULT,ADAPTIVE,CAR,
1787973283673,2.84435487,1384,unnamed,,NO_POSE,UNKNOWN,0,0,0,0,0,0,0,0,1,0,0,0,0,,,,,,,,,,,,0.878458023,1138.35828,0,,,0,2,311.735291,264.978851,38338,DEFAULT,ADAPTIVE,CAR,
1787973283674,2.84527874,1385,unnamed,,NO_POSE,UNKNOWN,0,0,0,0,0,0,0,0,1,0,0,0,0,,,,,,,,,,,,0.923875034,1082.39746,0,,,0,2,310.708893,264.978851,38338,DEFAULT,ADAPTIVE,CAR,
1787973283675,2.84616733,1386,unnamed,,NO_POSE,UNKNOWN,0,0,0,0,0,0,0,0,1,0,0,0,0,,,,,,,,,,,,0.888584018,1125.38599,0,,,0,2,310.579773,264.978851,38338,DEFAULT,ADAPTIVE,CAR,
1787973283676,2.8476305,1387,unnamed,,NO_POSE,UNKNOWN,0,0,0,0,0,0,0,0,1,0,0,0,0,,,,,,,,,,,,1.46320796,683.42981,0,,,0,2,310.444611,264.978851,38338,DEFAULT,ADAPTIVE,CAR,
1787973283784,2.84889102,1388,unnamed,,NO_POSE,UNKNOWN,0,0,0,0,0,0,0,0,1,0,0,0,0,,,,,,,,,,,,1.26037502,793.414673,0,,,0,2,309.381165,267.322601,38338,DEFAULT,ADAPTIVE,CAR,
1787973283798,2.96958852,1389,unnamed,,NO_POSE,UNKNOWN,0,0,0,0,0,0,0,0,1,0,0,0,0,,,,,,,,,,,,120.697464,8.28517818,0,,,1,3,303.779785,267.322601,38338,DEFAULT,ADAPTIVE,CAR,
1787973283802,2.97303295,1390,unnamed,,NO_POSE,UNKNOWN,0,0,0,0,0,0,0,0,1,0,0,0,0,,,,,,,,,,,,3.44462514,290.307343,0,,,0,3,303.990601,267.322601,38338,DEFAULT,ADAPTIVE,CAR,
1787973283805,2.97650361,1391,unnamed,,NO_POSE,UNKNOWN,0,0,0,0,0,0,0,0,1,0,0,0,0,,,,,,,,,,,,3.47062492,288.132538,0,,,0,3,304.033813,271.322601,38338,DEFAULT,ADAPTIVE,CAR,
1787973283806,2.97748899,1392,unnamed,,NO_POSE,UNKNOWN,0,0,0,0,0,0,0,0,1,0,0,0,0,,,,,,,,,,,,0.985334039,1014.88422,0,,,0,3,304.074768,271.322601,38338,DEFAULT,ADAPTIVE,CAR,
1787973283807,2.97862864,1393,unnamed,,NO_POSE,UNKNOWN,0,0,0,0,0,0,0,0,1,0,0,0,0,,,,,,,,,,,,1.13958299,877.513977,0,,,0,3,304.112915,271.322601,38338,DEFAULT,ADAPTIVE,CAR,
1787973283809,2.98052049,1394,unnamed,,NO_POSE,UNKNOWN,0,0,0,0,0,0,0,0,1,0,0,0,0,,,,,,,,,,,,1.89179206,528.599304,0,,,0,3,304.143341,271.322601,38338,DEFAULT,ADAPTIVE,CAR,
1787973283810,2.98190689,1395,unnamed,,NO_POSE,UNKNOWN,0,0,0,0,0,0,0,0,1,0,0,0,0,,,,,,,,,,,,1.3865,721.24054,0,,,0,3,304.183502,271.322601,38338,DEFAULT,ADAPTIVE,CAR,
1787973283811,2.98297477,1396,unnamed,,NO_POSE,UNKNOWN,0,0,0,0,0,0,0,0,1,0,0,0,0,,,,,,,,,,,,1.06779099,936.512817,0,,,0,3,304.224426,271.322601,38338,DEFAULT,ADAPTIVE,CAR,
1787973283812,2.98374486,1397,unnamed,,NO_POSE,UNKNOWN,0,0,0,0,0,0,0,0,1,0,0,0,0,,,,,,,,,,,,0.770166993,1298.41968,0,,,0,3,304.265076,267.322601,38338,DEFAULT,ADAPTIVE,CAR,
1787973283813,2.98446107,1398,unnamed,,NO_POSE,UNKNOWN,0,0,0,0,0,0,0,0,1,0,0,0,0,,,,,,,,,,,,0.716208041,1396.24243,0,,,0,3,304.30661,267.322601,38338,DEFAULT,ADAPTIVE,CAR,
1787973283814,2.98517704,1399,unnamed,,NO_POSE,UNKNOWN,0,0,0,0,0,0,0,0,1,0,0,0,0,,,,,,,,,,,,0.715999961,1396.64807,0,,,0,3,304.346985,267.322601,38338,DEFAULT,ADAPTIVE,CAR,
1787973283815,2.98608756,1400,unnamed,,NO_POSE,UNKNOWN,0,0,0,0,0,0,0,0,1,0,0,0,0,,,,,,,,,,,,0.910459042,1098.34705,0,,,0,3,304.387939,267.322601,38338,DEFAULT,ADAPTIVE,CAR,
1787973283816,2.98716807,1401,unnamed,,NO_POSE,UNKNOWN,0,0,0,0,0,0,0,0,1,0,0,0,0,,,,,,,,,,,,1.08045805,925.533386,0,,,0,3,304.42865,267.322601,38338,DEFAULT,ADAPTIVE,CAR,
1787973283817,2.98809195,1402,unnamed,,NO_POSE,UNKNOWN,0,0,0,0,0,0,0,0,1,0,0,0,0,,,,,,,,,,,,0.923958004,1082.30029,0,,,0,3,304.469055,267.322601,38338,DEFAULT,ADAPTIVE,CAR,
1787973283818,2.98921394,1403,unnamed,,NO_POSE,UNKNOWN,0,0,0,0,0,0,0,0,1,0,0,0,0,,,,,,,,,,,,1.1220001,891.265564,0,,,0,3,304.509064,267.322601,38338,DEFAULT,ADAPTIVE,CAR,
1787973283819,2.99047494,1404,unnamed,,NO_POSE,UNKNOWN,0,0,0,0,0,0,0,0,1,0,0,0,0,,,,,,,,,,,,1.261042,792.994995,0,,,0,3,304.549927,267.322601,38338,DEFAULT,ADAPTIVE,CAR,
1787973283820,2.99167776,1405,unnamed,,NO_POSE,UNKNOWN,0,0,0,0,0,0,0,0,1,0,0,0,0,,,,,,,,,,,,1.20283306,831.370605,0,,,0,3,304.588104,267.322601,38338,DEFAULT,ADAPTIVE,CAR,
1787973283821,2.99290061,1406,unnamed,,NO_POSE,UNKNOWN,0,0,0,0,0,0,0,0,1,0,0,0,0,,,,,,,,,,,,1.22275007,817.828613,0,,,0,3,304.624329,267.322601,38338,DEFAULT,ADAPTIVE,CAR,
1787973283822,2.99366021,1407,unnamed,,NO_POSE,UNKNOWN,0,0,0,0,0,0,0,0,1,0,0,0,0,,,,,,,,,,,,0.759625018,1316.43909,0,,,0,3,304.664429,267.322601,38338,DEFAULT,ADAPTIVE,CAR,
1787973283823,2.99434972,1408,unnamed,,NO_POSE,UNKNOWN,0,0,0,0,0,0,0,0,1,0,0,0,0,,,,,,,,,,,,0.689458966,1450.4126,0,,,0,3,304.705383,267.322601,38338,DEFAULT,ADAPTIVE,CAR,
1787973283824,2.99504924,1409,unnamed,,NO_POSE,UNKNOWN,0,0,0,0,0,0,0,0,1,0,0,0,0,,,,,,,,,,,,0.699582994,1429.42297,0,,,0,3,304.746307,267.322601,38338,DEFAULT,ADAPTIVE,CAR,
1787973283824,2.99577212,1410,unnamed,,NO_POSE,UNKNOWN,0,0,0,0,0,0,0,0,1,0,0,0,0,,,,,,,,,,,,0.72299999,1383.12585,0,,,0,3,304.786407,267.322601,38338,DEFAULT,ADAPTIVE,CAR,
1787973283825,2.99661851,1411,unnamed,,NO_POSE,UNKNOWN,0,0,0,0,0,0,0,0,1,0,0,0,0,,,,,,,,,,,,0.846332967,1181.56799,0,,,0,3,304.826996,267.322601,38338,DEFAULT,ADAPTIVE,CAR,
1787973283826,2.99772215,1412,unnamed,,NO_POSE,UNKNOWN,0,0,0,0,0,0,0,0,1,0,0,0,0,,,,,,,,,,,,1.10350001,906.20752,0,,,0,3,304.867798,267.322601,38338,DEFAULT,ADAPTIVE,CAR,
1787973283827,2.99845171,1413,unnamed,,NO_POSE,UNKNOWN,0,0,0,0,0,0,0,0,1,0,0,0,0,,,,,,,,,,,,0.729624987,1370.56714,0,,,0,3,304.908112,267.322601,38338,DEFAULT,ADAPTIVE,CAR,
1787973283828,2.99925756,1414,unnamed,,NO_POSE,UNKNOWN,0,0,0,0,0,0,0,0,1,0,0,0,0,,,,,,,,,,,,0.805875003,1240.88721,0,,,0,3,304.947906,267.322601,38338,DEFAULT,ADAPTIVE,CAR,
1787973283828,2.99994349,1415,unnamed,,NO_POSE,UNKNOWN,0,0,0,0,0,0,0,0,1,0,0,0,0,,,,,,,,,,,,0.685958982,1457.81311,0,,,0,3,304.988861,267.322601,38338,DEFAULT,ADAPTIVE,CAR,
1787973283829,3.00065899,1416,unnamed,,NO_POSE,UNKNOWN,0,0,0,0,0,0,0,0,1,0,0,0,0,,,,,,,,,,,,0.715375006,1397.86829,0,,,0,3,305.029846,267.322601,38338,DEFAULT,ADAPTIVE,CAR,
1787973283830,3.00134277,1417,unnamed,,NO_POSE,UNKNOWN,0,0,0,0,0,0,0,0,1,0,0,0,0,,,,,,,,,,,,0.683915973,1462.16797,0,,,0,3,305.07077,267.322601,38338,DEFAULT,ADAPTIVE,CAR,
1787973283830,3.00195169,1418,unnamed,,NO_POSE,UNKNOWN,0,0,0,0,0,0,0,0,1,0,0,0,0,,,,,,,,,,,,0.608833969,1642.48389,0,,,0,3,305.111755,267.322601,38338,DEFAULT,ADAPTIVE,CAR,
1787973283831,3.00253463,1419,unnamed,,NO_POSE,UNKNOWN,0,0,0,0,0,0,0,0,1,0,0,0,0,,,,,,,,,,,,0.582916021,1715.51294,0,,,0,3,305.15271,267.322601,38338,DEFAULT,ADAPTIVE,CAR,
1787973283832,3.00304675,1420,unnamed,,NO_POSE,UNKNOWN,0,0,0,0,0,0,0,0,1,0,0,0,0,,,,,,,,,,,,0.512125015,1952.64819,0,,,0,3,305.193665,267.322601,38338,DEFAULT,ADAPTIVE,CAR,
1787973283832,3.00385451,1421,unnamed,,NO_POSE,UNKNOWN,0,0,0,0,0,0,0,0,1,0,0,0,0,,,,,,,,,,,,0.807749987,1238.00684,0,,,0,3,305.234833,267.322601,38338,DEFAULT,ADAPTIVE,CAR,
1787973283833,3.00476456,1422,unnamed,,NO_POSE,UNKNOWN,0,0,0,0,0,0,0,0,1,0,0,0,0,,,,,,,,,,,,0.910209,1098.64868,0,,,0,3,305.27478,267.322601,38338,DEFAULT,ADAPTIVE,CAR,
1787973283834,3.00565553,1423,unnamed,,NO_POSE,UNKNOWN,0,0,0,0,0,0,0,0,1,0,0,0,0,,,,,,,,,,,,0.89091599,1122.44031,0,,,0,3,305.315033,267.322601,38338,DEFAULT,ADAPTIVE,CAR,
1787973283835,3.00645375,1424,unnamed,,NO_POSE,UNKNOWN,0,0,0,0,0,0,0,0,1,0,0,0,0,,,,,,,,,,,,0.79816705,1252.87061,0,,,0,3,305.355988,267.322601,38338,DEFAULT,ADAPTIVE,CAR,
1787973283836,3.00727606,1425,unnamed,,NO_POSE,UNKNOWN,0,0,0,0,0,0,0,0,1,0,0,0,0,,,,,,,,,,,,0.822332978,1216.05237,0,,,0,3,305.396881,267.322601,38338,DEFAULT,ADAPTIVE,CAR,
1787973283836,3.0079689,1426,unnamed,,NO_POSE,UNKNOWN,0,0,0,0,0,0,0,0,1,0,0,0,0,,,,,,,,,,,,0.692959011,1443.08679,0,,,0,3,305.437836,267.322601,38338,DEFAULT,ADAPTIVE,CAR,
1787973283837,3.00874782,1427,unnamed,,NO_POSE,UNKNOWN,0,0,0,0,0,0,0,0,1,0,0,0,0,,,,,,,,,,,,0.778916001,1283.83545,0,,,0,3,305.47879,267.322601,38338,DEFAULT,ADAPTIVE,CAR,
1787973283838,3.00935006,1428,unnamed,,NO_POSE,UNKNOWN,0,0,0,0,0,0,0,0,1,0,0,0,0,,,,,,,,,,,,0.602083981,1660.89783,0,,,0,3,305.519714,267.322601,38338,DEFAULT,ADAPTIVE,CAR,
1787973283839,3.01006269,1429,unnamed,,NO_POSE,UNKNOWN,0,0,0,0,0,0,0,0,1,0,0,0,0,,,,,,,,,,,,0.712750018,1403.01648,0,,,0,3,305.560669,267.322601,38338,DEFAULT,ADAPTIVE,CAR,
1787973283839,3.01084781,1430,unnamed,,NO_POSE,UNKNOWN,0,0,0,0,0,0,0,0,1,0,0,0,0,,,,,,,,,,,,0.784958005,1273.95349,0,,,0,3,305.601624,267.322601,38338,DEFAULT,ADAPTIVE,CAR,
1787973283840,3.01155996,1431,unnamed,,NO_POSE,UNKNOWN,0,0,0,0,0,0,0,0,1,0,0,0,0,,,,,,,,,,,,0.712207973,1404.08423,0,,,0,3,305.642578,267.322601,38338,DEFAULT,ADAPTIVE,CAR,
1787973283841,3.01236653,1432,unnamed,,NO_POSE,UNKNOWN,0,0,0,0,0,0,0,0,1,0,0,0,0,,,,,,,,,,,,0.806708992,1239.60437,0,,,0,3,305.683105,267.322601,38338,DEFAULT,ADAPTIVE,CAR,
1787973283842,3.01323915,1433,unnamed,,NO_POSE,UNKNOWN,0,0,0,0,0,0,0,0,1,0,0,0,0,,,,,,,,,,,,0.872500002,1146.13184,0,,,0,3,305.724884,267.322601,38338,DEFAULT,ADAPTIVE,CAR,
1787973283843,3.01418519,1434,unnamed,,NO_POSE,UNKNOWN,0,0,0,0,0,0,0,0,1,0,0,0,0,,,,,,,,,,,,0.946125031,1056.94275,0,,,0,3,305.763885,267.322601,38338,DEFAULT,ADAPTIVE,CAR,
1787973283844,3.01506376,1435,unnamed,,NO_POSE,UNKNOWN,0,0,0,0,0,0,0,0,1,0,0,0,0,,,,,,,,,,,,0.878540993,1138.25085,0,,,0,3,305.80484,267.322601,38338,DEFAULT,ADAPTIVE,CAR,
1787973283844,3.01576352,1436,unnamed,,NO_POSE,UNKNOWN,0,0,0,0,0,0,0,0,1,0,0,0,0,,,,,,,,,,,,0.699792027,1428.99609,0,,,0,3,305.845734,267.322601,38338,DEFAULT,ADAPTIVE,CAR,
1787973283845,3.01655984,1437,unnamed,,NO_POSE,UNKNOWN,0,0,0,0,0,0,0,0,1,0,0,0,0,,,,,,,,,,,,0.796167016,1256.01794,0,,,0,3,305.886688,267.322601,38338,DEFAULT,ADAPTIVE,CAR,
1787973283846,3.01736093,1438,unnamed,,NO_POSE,UNKNOWN,0,0,0,0,0,0,0,0,1,0,0,0,0,,,,,,,,,,,,0.801082969,1248.31006,0,,,0,3,305.927643,267.322601,38338,DEFAULT,ADAPTIVE,CAR,
1787973283847,3.01804543,1439,unnamed,,NO_POSE,UNKNOWN,0,0,0,0,0,0,0,0,1,0,0,0,0,,,,,,,,,,,,0.684707999,1460.47656,0,,,0,3,305.968597,267.322601,38338,DEFAULT,ADAPTIVE,CAR,
1787973283847,3.01875734,1440,unnamed,,NO_POSE,UNKNOWN,0,0,0,0,0,0,0,0,1,0,0,0,0,,,,,,,,,,,,0.711750031,1404.98767,0,,,0,3,306.009521,267.322601,38338,DEFAULT,ADAPTIVE,CAR,
1787973283848,3.01965594,1441,unnamed,,NO_POSE,UNKNOWN,0,0,0,0,0,0,0,0,1,0,0,0,0,,,,,,,,,,,,0.898541987,1112.91406,0,,,0,3,306.051666,267.322601,38338,DEFAULT,ADAPTIVE,CAR,
1787973283849,3.02040148,1442,unnamed,,NO_POSE,UNKNOWN,0,0,0,0,0,0,0,0,1,0,0,0,0,,,,,,,,,,,,0.74574995,1340.93201,0,,,0,3,306.092438,267.322601,38338,DEFAULT,ADAPTIVE,CAR,
1787973283850,3.02116323,1443,unnamed,,NO_POSE,UNKNOWN,0,0,0,0,0,0,0,0,1,0,0,0,0,,,,,,,,,,,,0.761708021,1312.83899,0,,,0,3,306.133972,267.322601,38338,DEFAULT,ADAPTIVE,CAR,
1787973283850,3.02199101,1444,unnamed,,NO_POSE,UNKNOWN,0,0,0,0,0,0,0,0,1,0,0,0,0,,,,,,,,,,,,0.827624977,1208.27673,0,,,0,3,306.173401,267.322601,38338,DEFAULT,ADAPTIVE,CAR,
1787973283851,3.02290463,1445,unnamed,,NO_POSE,UNKNOWN,0,0,0,0,0,0,0,0,1,0,0,0,0,,,,,,,,,,,,0.913749993,1094.39124,0,,,0,3,306.213745,267.322601,38338,DEFAULT,ADAPTIVE,CAR,
1787973283852,3.02371693,1446,unnamed,,NO_POSE,UNKNOWN,0,0,0,0,0,0,0,0,1,0,0,0,0,,,,,,,,,,,,0.812334001,1231.02075,0,,,0,3,306.2547,267.322601,38338,DEFAULT,ADAPTIVE,CAR,
1787973283853,3.0244348,1447,unnamed,,NO_POSE,UNKNOWN,0,0,0,0,0,0,0,0,1,0,0,0,0,,,,,,,,,,,,0.717708051,1393.32422,0,,,0,3,306.295654,267.322601,38338,DEFAULT,ADAPTIVE,CAR,
1787973283854,3.02516413,1448,unnamed,,NO_POSE,UNKNOWN,0,0,0,0,0,0,0,0,1,0,0,0,0,,,,,,,,,,,,0.729417026,1370.95789,0,,,0,3,306.336609,267.322601,38338,DEFAULT,ADAPTIVE,CAR,
1787973283854,3.02595448,1449,unnamed,,NO_POSE,UNKNOWN,0,0,0,0,0,0,0,0,1,0,0,0,0,,,,,,,,,,,,0.790291011,1265.35669,0,,,0,3,306.377533,267.322601,38338,DEFAULT,ADAPTIVE,CAR,
1787973283855,3.02664757,1450,unnamed,,NO_POSE,UNKNOWN,0,0,0,0,0,0,0,0,1,0,0,0,0,,,,,,,,,,,,0.69312501,1442.74121,0,,,0,3,306.418488,267.322601,38338,DEFAULT,ADAPTIVE,CAR,
1787973283856,3.0273459,1451,unnamed,,NO_POSE,UNKNOWN,0,0,0,0,0,0,0,0,1,0,0,0,0,,,,,,,,,,,,0.698374987,1431.89551,0,,,0,3,306.459442,267.322601,38338,DEFAULT,ADAPTIVE,CAR,
1787973283857,3.02805376,1452,unnamed,,NO_POSE,UNKNOWN,0,0,0,0,0,0,0,0,1,0,0,0,0,,,,,,,,,,,,0.707958996,1412.51123,0,,,0,3,306.500397,267.322601,38338,DEFAULT,ADAPTIVE,CAR,
1787973283857,3.02876139,1453,unnamed,,NO_POSE,UNKNOWN,0,0,0,0,0,0,0,0,1,0,0,0,0,,,,,,,,,,,,0.707415998,1413.59546,0,,,0,3,306.54245,267.322601,38338,DEFAULT,ADAPTIVE,CAR,
1787973283858,3.02974272,1454,unnamed,,NO_POSE,UNKNOWN,0,0,0,0,0,0,0,0,1,0,0,0,0,,,,,,,,,,,,0.98150003,1018.84869,0,,,0,3,306.581329,267.322601,38338,DEFAULT,ADAPTIVE,CAR,
1787973283859,3.03066158,1455,unnamed,,NO_POSE,UNKNOWN,0,0,0,0,0,0,0,0,1,0,0,0,0,,,,,,,,,,,,0.918834031,1088.33582,0,,,0,3,306.621704,267.322601,38338,DEFAULT,ADAPTIVE,CAR,
1787973283860,3.03135586,1456,unnamed,,NO_POSE,UNKNOWN,0,0,0,0,0,0,0,0,1,0,0,0,0,,,,,,,,,,,,0.694208026,1440.49036,0,,,0,3,306.662659,267.322601,38338,DEFAULT,ADAPTIVE,CAR,
1787973283861,3.03205085,1457,unnamed,,NO_POSE,UNKNOWN,0,0,0,0,0,0,0,0,1,0,0,0,0,,,,,,,,,,,,0.694999993,1438.84888,0,,,0,3,306.703522,267.322601,38338,DEFAULT,ADAPTIVE,CAR,
1787973283861,3.03274393,1458,unnamed,,NO_POSE,UNKNOWN,0,0,0,0,0,0,0,0,1,0,0,0,0,,,,,,,,,,,,0.69304198,1442.91394,0,,,0,3,306.743958,267.322601,38338,DEFAULT,ADAPTIVE,CAR,
1787973283862,3.03335404,1459,unnamed,,NO_POSE,UNKNOWN,0,0,0,0,0,0,0,0,1,0,0,0,0,,,,,,,,,,,,0.610082984,1639.12122,0,,,0,3,306.784882,267.322601,38338,DEFAULT,ADAPTIVE,CAR,
1787973283863,3.03404903,1460,unnamed,,NO_POSE,UNKNOWN,0,0,0,0,0,0,0,0,1,0,0,0,0,,,,,,,,,,,,0.694958031,1438.93579,0,,,0,3,306.825836,267.322601,38338,DEFAULT,ADAPTIVE,CAR,
1787973283863,3.0346384,1461,unnamed,,NO_POSE,UNKNOWN,0,0,0,0,0,0,0,0,1,0,0,0,0,,,,,,,,,,,,0.589374959,1696.71265,0,,,0,3,306.866821,267.322601,38338,DEFAULT,ADAPTIVE,CAR,
1787973283864,3.03523707,1462,unnamed,,NO_POSE,UNKNOWN,0,0,0,0,0,0,0,0,1,0,0,0,0,,,,,,,,,,,,0.598708987,1670.26062,0,,,0,3,306.907776,267.322601,38338,DEFAULT,ADAPTIVE,CAR,
1787973283864,3.03584743,1463,unnamed,,NO_POSE,UNKNOWN,0,0,0,0,0,0,0,0,1,0,0,0,0,,,,,,,,,,,,0.610415995,1638.22705,0,,,0,3,306.94873,267.322601,38338,DEFAULT,ADAPTIVE,CAR,
1787973283865,3.03643966,1464,unnamed,,NO_POSE,UNKNOWN,0,0,0,0,0,0,0,0,1,0,0,0,0,,,,,,,,,,,,0.592124999,1688.83264,0,,,0,3,306.98941,267.322601,38338,DEFAULT,ADAPTIVE,CAR,
1787973283866,3.03723621,1465,unnamed,,NO_POSE,UNKNOWN,0,0,0,0,0,0,0,0,1,0,0,0,0,,,,,,,,,,,,0.796750009,1255.09888,0,,,0,3,307.029968,267.322601,38338,DEFAULT,ADAPTIVE,CAR,
1787973283867,3.03804874,1466,unnamed,,NO_POSE,UNKNOWN,0,0,0,0,0,0,0,0,1,0,0,0,0,,,,,,,,,,,,0.812375009,1230.95862,0,,,0,3,307.070526,267.322601,38338,DEFAULT,ADAPTIVE,CAR,
1787973283867,3.03898263,1467,unnamed,,NO_POSE,UNKNOWN,0,0,0,0,0,0,0,0,1,0,0,0,0,,,,,,,,,,,,0.933958948,1070.71082,0,,,0,3,307.064117,267.322601,38338,DEFAULT,ADAPTIVE,CAR,
1787973283868,3.03985763,1468,unnamed,,NO_POSE,UNKNOWN,0,0,0,0,0,0,0,0,1,0,0,0,0,,,,,,,,,,,,0.874957979,1142.91199,0,,,0,3,307.105072,267.322601,38338,DEFAULT,ADAPTIVE,CAR,
1787973283869,3.04077268,1469,unnamed,,NO_POSE,UNKNOWN,0,0,0,0,0,0,0,0,1,0,0,0,0,,,,,,,,,,,,0.915041983,1092.84595,0,,,0,3,307.145996,267.322601,38338,DEFAULT,ADAPTIVE,CAR,
1787973283870,3.04155421,1470,unnamed,,NO_POSE,UNKNOWN,0,0,0,0,0,0,0,0,1,0,0,0,0,,,,,,,,,,,,0.781624973,1279.38586,0,,,0,3,307.186951,267.322601,38338,DEFAULT,ADAPTIVE,CAR,
1787973283871,3.04235649,1471,unnamed,,NO_POSE,UNKNOWN,0,0,0,0,0,0,0,0,1,0,0,0,0,,,,,,,,,,,,0.802332997,1246.36523,0,,,0,3,307.227661,267.322601,38338,DEFAULT,ADAPTIVE,CAR,
1787973283872,3.04304194,1472,unnamed,,NO_POSE,UNKNOWN,0,0,0,0,0,0,0,0,1,0,0,0,0,,,,,,,,,,,,0.685249984,1459.32141,0,,,0,3,307.268646,267.322601,38338,DEFAULT,ADAPTIVE,CAR,
1787973283872,3.04367185,1473,unnamed,,NO_POSE,UNKNOWN,0,0,0,0,0,0,0,0,1,0,0,0,0,,,,,,,,,,,,0.630042017,1587.1958,0,,,0,3,307.30954,267.322601,38338,DEFAULT,ADAPTIVE,CAR,
1787973283873,3.04444838,1474,unnamed,,NO_POSE,UNKNOWN,0,0,0,0,0,0,0,0,1,0,0,0,0,,,,,,,,,,,,0.776582956,1287.69238,0,,,0,3,307.350494,267.322601,38338,DEFAULT,ADAPTIVE,CAR,
1787973283874,3.04515457,1475,unnamed,,NO_POSE,UNKNOWN,0,0,0,0,0,0,0,0,1,0,0,0,0,,,,,,,,,,,,0.706041992,1416.34631,0,,,0,3,307.341553,267.322601,38338,DEFAULT,ADAPTIVE,CAR,
1787973283874,3.04583931,1476,unnamed,,NO_POSE,UNKNOWN,0,0,0,0,0,0,0,0,1,0,0,0,0,,,,,,,,,,,,0.684875011,1460.12048,0,,,0,3,307.382385,267.322601,38338,DEFAULT,ADAPTIVE,CAR,
1787973283875,3.04657149,1477,unnamed,,NO_POSE,UNKNOWN,0,0,0,0,0,0,0,0,1,0,0,0,0,,,,,,,,,,,,0.732208014,1365.73206,0,,,0,3,307.422974,267.322601,38338,DEFAULT,ADAPTIVE,CAR,
1787973283876,3.04736328,1478,unnamed,,NO_POSE,UNKNOWN,0,0,0,0,0,0,0,0,1,0,0,0,0,,,,,,,,,,,,0.791625023,1263.22437,0,,,0,3,307.463379,267.322601,38338,DEFAULT,ADAPTIVE,CAR,
1787973283877,3.04816222,1479,unnamed,,NO_POSE,UNKNOWN,0,0,0,0,0,0,0,0,1,0,0,0,0,,,,,,,,,,,,0.798958004,1251.63025,0,,,0,3,307.504333,267.322601,38338,DEFAULT,ADAPTIVE,CAR,
1787973283877,3.04884267,1480,unnamed,,NO_POSE,UNKNOWN,0,0,0,0,0,0,0,0,1,0,0,0,0,,,,,,,,,,,,0.680584013,1469.32629,0,,,0,3,307.545258,267.322601,38338,DEFAULT,ADAPTIVE,CAR,
1787973283878,3.04954815,1481,unnamed,,NO_POSE,UNKNOWN,0,0,0,0,0,0,0,0,1,0,0,0,0,,,,,,,,,,,,0.705457985,1417.5188,0,,,0,3,307.585968,267.322601,38338,DEFAULT,ADAPTIVE,CAR,
1787973283879,3.05024576,1482,unnamed,,NO_POSE,UNKNOWN,0,0,0,0,0,0,0,0,1,0,0,0,0,,,,,,,,,,,,0.69758302,1433.52112,0,,,0,3,307.626923,267.322601,38338,DEFAULT,ADAPTIVE,CAR,
1787973283879,3.05085111,1483,unnamed,,NO_POSE,UNKNOWN,0,0,0,0,0,0,0,0,1,0,0,0,0,,,,,,,,,,,,0.605417013,1651.75403,0,,,0,3,307.667816,267.322601,38338,DEFAULT,ADAPTIVE,CAR,
1787973283880,3.05153751,1484,unnamed,,NO_POSE,UNKNOWN,0,0,0,0,0,0,0,0,1,0,0,0,0,,,,,,,,,,,,0.686249971,1457.19495,0,,,0,3,307.708771,267.322601,38338,DEFAULT,ADAPTIVE,CAR,
1787973283881,3.05215263,1485,unnamed,,NO_POSE,UNKNOWN,0,0,0,0,0,0,0,0,1,0,0,0,0,,,,,,,,,,,,0.615125,1625.68579,0,,,0,3,307.749146,267.322601,38338,DEFAULT,ADAPTIVE,CAR,
1787973283881,3.05274367,1486,unnamed,,NO_POSE,UNKNOWN,0,0,0,0,0,0,0,0,1,0,0,0,0,,,,,,,,,,,,0.591125011,1691.68958,0,,,0,3,307.79007,267.322601,38338,DEFAULT,ADAPTIVE,CAR,
1787973283882,3.05344152,1487,unnamed,,NO_POSE,UNKNOWN,0,0,0,0,0,0,0,0,1,0,0,0,0,,,,,,,,,,,,0.697874963,1432.92139,0,,,0,3,307.831024,267.322601,38338,DEFAULT,ADAPTIVE,CAR,
1787973283883,3.05405951,1488,unnamed,,NO_POSE,UNKNOWN,0,0,0,0,0,0,0,0,1,0,0,0,0,,,,,,,,,,,,0.617917001,1618.34033,0,,,0,3,307.871582,267.322601,38338,DEFAULT,ADAPTIVE,CAR,
1787973283883,3.05478334,1489,unnamed,,NO_POSE,UNKNOWN,0,0,0,0,0,0,0,0,1,0,0,0,0,,,,,,,,,,,,0.723791003,1381.61426,0,,,0,3,307.91217,267.322601,38338,DEFAULT,ADAPTIVE,CAR,
1787973283884,3.05556893,1490,unnamed,,NO_POSE,UNKNOWN,0,0,0,0,0,0,0,0,1,0,0,0,0,,,,,,,,,,,,0.785583973,1272.93835,0,,,0,3,307.952576,267.322601,38338,DEFAULT,ADAPTIVE,CAR,
1787973283885,3.05636454,1491,unnamed,,NO_POSE,UNKNOWN,0,0,0,0,0,0,0,0,1,0,0,0,0,,,,,,,,,,,,0.795666039,1256.80872,0,,,0,3,307.993561,267.322601,38338,DEFAULT,ADAPTIVE,CAR,
1787973283886,3.05737257,1492,unnamed,,NO_POSE,UNKNOWN,0,0,0,0,0,0,0,0,1,0,0,0,0,,,,,,,,,,,,1.00795901,992.103821,0,,,0,3,308.034241,267.322601,38338,DEFAULT,ADAPTIVE,CAR,
1787973283887,3.05805159,1493,unnamed,,NO_POSE,UNKNOWN,0,0,0,0,0,0,0,0,1,0,0,0,0,,,,,,,,,,,,0.679125011,1472.48291,0,,,0,3,308.075287,267.322601,38338,DEFAULT,ADAPTIVE,CAR,
1787973283887,3.05875278,1494,unnamed,,NO_POSE,UNKNOWN,0,0,0,0,0,0,0,0,1,0,0,0,0,,,,,,,,,,,,0.701249957,1426.02502,0,,,0,3,308.116119,267.322601,38338,DEFAULT,ADAPTIVE,CAR,
1787973283888,3.05945015,1495,unnamed,,NO_POSE,UNKNOWN,0,0,0,0,0,0,0,0,1,0,0,0,0,,,,,,,,,,,,0.697207987,1434.29224,0,,,0,3,308.157074,267.322601,38338,DEFAULT,ADAPTIVE,CAR,
1787973283889,3.06014037,1496,unnamed,,NO_POSE,UNKNOWN,0,0,0,0,0,0,0,0,1,0,0,0,0,,,,,,,,,,,,0.69037497,1448.48816,0,,,0,3,307.890381,267.322601,38338,DEFAULT,ADAPTIVE,CAR,
1787973283889,3.06084991,1497,unnamed,,NO_POSE,UNKNOWN,0,0,0,0,0,0,0,0,1,0,0,0,0,,,,,,,,,,,,0.709500015,1409.44324,0,,,0,3,307.926453,267.322601,38338,DEFAULT,ADAPTIVE,CAR,
1787973283890,3.06143665,1498,unnamed,,NO_POSE,UNKNOWN,0,0,0,0,0,0,0,0,1,0,0,0,0,,,,,,,,,,,,0.586749971,1704.30347,0,,,0,3,307.967438,267.322601,38338,DEFAULT,ADAPTIVE,CAR,
1787973283891,3.06214762,1499,unnamed,,NO_POSE,UNKNOWN,0,0,0,0,0,0,0,0,1,0,0,0,0,,,,,,,,,,,,0.710833013,1406.80017,0,,,0,3,308.008545,267.322601,38338,DEFAULT,ADAPTIVE,CAR,
1787973283891,3.06297398,1500,unnamed,,NO_POSE,UNKNOWN,0,0,0,0,0,0,0,0,1,0,0,0,0,,,,,,,,,,,,0.826417029,1210.04285,0,,,0,3,308.04834,267.322601,38338,DEFAULT,ADAPTIVE,CAR,
1787973283892,3.06386828,1501,unnamed,,NO_POSE,UNKNOWN,0,0,0,0,0,0,0,0,1,0,0,0,0,,,,,,,,,,,,0.894291997,1118.203,0,,,0,3,308.088745,267.322601,38338,DEFAULT,ADAPTIVE,CAR,
1787973283893,3.06477308,1502,unnamed,,NO_POSE,UNKNOWN,0,0,0,0,0,0,0,0,1,0,0,0,0,,,,,,,,,,,,0.90487498,1105.125,0,,,0,3,308.129669,267.322601,38338,DEFAULT,ADAPTIVE,CAR,
1787973283894,3.06555629,1503,unnamed,,NO_POSE,UNKNOWN,0,0,0,0,0,0,0,0,1,0,0,0,0,,,,,,,,,,,,0.783083022,1277.00378,0,,,0,3,308.170624,267.322601,38338,DEFAULT,ADAPTIVE,CAR,
1787973283895,3.06624317,1504,unnamed,,NO_POSE,UNKNOWN,0,0,0,0,0,0,0,0,1,0,0,0,0,,,,,,,,,,,,0.686999977,1455.60413,0,,,0,3,308.211578,267.322601,38338,DEFAULT,ADAPTIVE,CAR,
1787973283895,3.06682491,1505,unnamed,,NO_POSE,UNKNOWN,0,0,0,0,0,0,0,0,1,0,0,0,0,,,,,,,,,,,,0.581707954,1719.07556,0,,,0,3,308.252533,267.322601,38338,DEFAULT,ADAPTIVE,CAR,
1787973283896,3.06745005,1506,unnamed,,NO_POSE,UNKNOWN,0,0,0,0,0,0,0,0,1,0,0,0,0,,,,,,,,,,,,0.625167012,1599.57263,0,,,0,3,308.293457,267.322601,38338,DEFAULT,ADAPTIVE,CAR,
1787973283897,3.06816649,1507,unnamed,,NO_POSE,UNKNOWN,0,0,0,0,0,0,0,0,1,0,0,0,0,,,,,,,,,,,,0.716374993,1395.91687,0,,,0,3,308.334167,267.322601,38338,DEFAULT,ADAPTIVE,CAR,
1787973283897,3.06884766,1508,unnamed,,NO_POSE,UNKNOWN,0,0,0,0,0,0,0,0,1,0,0,0,0,,,,,,,,,,,,0.681124985,1468.1593,0,,,0,3,308.375092,267.322601,38338,DEFAULT,ADAPTIVE,CAR,
1787973283898,3.06945181,1509,unnamed,,NO_POSE,UNKNOWN,0,0,0,0,0,0,0,0,1,0,0,0,0,,,,,,,,,,,,0.604332983,1654.7168,0,,,0,3,308.416046,267.322601,38338,DEFAULT,ADAPTIVE,CAR,
1787973283899,3.07003999,1510,unnamed,,NO_POSE,UNKNOWN,0,0,0,0,0,0,0,0,1,0,0,0,0,,,,,,,,,,,,0.58812505,1700.31873,0,,,0,3,308.456787,267.322601,38338,DEFAULT,ADAPTIVE,CAR,
1787973283899,3.0708487,1511,unnamed,,NO_POSE,UNKNOWN,0,0,0,0,0,0,0,0,1,0,0,0,0,,,,,,,,,,,,0.808583975,1236.72986,0,,,0,3,308.497345,267.322601,38338,DEFAULT,ADAPTIVE,CAR,
1787973283900,3.07159519,1512,unnamed,,NO_POSE,UNKNOWN,0,0,0,0,0,0,0,0,1,0,0,0,0,,,,,,,,,,,,0.746666014,1339.28699,0,,,0,3,308.537872,267.322601,38338,DEFAULT,ADAPTIVE,CAR,
1787973283901,3.07247567,1513,unnamed,,NO_POSE,UNKNOWN,0,0,0,0,0,0,0,0,1,0,0,0,0,,,,,,,,,,,,0.880416989,1135.82544,0,,,0,3,308.578278,267.322601,38338,DEFAULT,ADAPTIVE,CAR,
1787973283902,3.07324982,1514,unnamed,,NO_POSE,UNKNOWN,0,0,0,0,0,0,0,0,1,0,0,0,0,,,,,,,,,,,,0.774167001,1291.71094,0,,,0,3,308.619232,267.322601,38338,DEFAULT,ADAPTIVE,CAR,
1787973283903,3.07404423,1515,unnamed,,NO_POSE,UNKNOWN,0,0,0,0,0,0,0,0,1,0,0,0,0,,,,,,,,,,,,0.794332981,1258.91785,0,,,0,3,308.660187,267.322601,38338,DEFAULT,ADAPTIVE,CAR,
1787973283903,3.07474089,1516,unnamed,,NO_POSE,UNKNOWN,0,0,0,0,0,0,0,0,1,0,0,0,0,,,,,,,,,,,,0.696583033,1435.5791,0,,,0,3,308.701141,267.322601,38338,DEFAULT,ADAPTIVE,CAR,
1787973283904,3.07537389,1517,unnamed,,NO_POSE,UNKNOWN,0,0,0,0,0,0,0,0,1,0,0,0,0,,,,,,,,,,,,0.633125007,1579.46692,0,,,0,3,308.742065,267.322601,38338,DEFAULT,ADAPTIVE,CAR,
1787973283905,3.07604218,1518,unnamed,,NO_POSE,UNKNOWN,0,0,0,0,0,0,0,0,1,0,0,0,0,,,,,,,,,,,,0.668166995,1496.63184,0,,,0,3,308.029663,267.322601,38338,DEFAULT,ADAPTIVE,CAR,
1787973283905,3.07673979,1519,unnamed,,NO_POSE,UNKNOWN,0,0,0,0,0,0,0,0,1,0,0,0,0,,,,,,,,,,,,0.697750032,1433.17798,0,,,0,3,308.060822,267.322601,38338,DEFAULT,ADAPTIVE,CAR,
1787973283906,3.0773406,1520,unnamed,,NO_POSE,UNKNOWN,0,0,0,0,0,0,0,0,1,0,0,0,0,,,,,,,,,,,,0.600708008,1664.70227,0,,,0,3,308.101776,267.322601,38338,DEFAULT,ADAPTIVE,CAR,
1787973283906,3.07794642,1521,unnamed,,NO_POSE,UNKNOWN,0,0,0,0,0,0,0,0,1,0,0,0,0,,,,,,,,,,,,0.605875015,1650.50549,0,,,0,3,308.142639,267.322601,38338,DEFAULT,ADAPTIVE,CAR,
1787973283907,3.07865691,1522,unnamed,,NO_POSE,UNKNOWN,0,0,0,0,0,0,0,0,1,0,0,0,0,,,,,,,,,,,,0.710500002,1407.45959,0,,,0,3,308.18335,267.322601,38338,DEFAULT,ADAPTIVE,CAR,
1787973283908,3.07935739,1523,unnamed,,NO_POSE,UNKNOWN,0,0,0,0,0,0,0,0,1,0,0,0,0,,,,,,,,,,,,0.700499952,1427.55176,0,,,0,3,308.224121,267.322601,38338,DEFAULT,ADAPTIVE,CAR,
1787973283909,3.08009458,1524,unnamed,,NO_POSE,UNKNOWN,0,0,0,0,0,0,0,0,1,0,0,0,0,,,,,,,,,,,,0.73725003,1356.39197,0,,,0,3,308.264709,267.322601,38338,DEFAULT,ADAPTIVE,CAR,
1787973283909,3.08095956,1525,unnamed,,NO_POSE,UNKNOWN,0,0,0,0,0,0,0,0,1,0,0,0,0,,,,,,,,,,,,0.864834011,1156.29126,0,,,0,3,308.305176,267.322601,38338,DEFAULT,ADAPTIVE,CAR,
1787973283910,3.08164907,1526,unnamed,,NO_POSE,UNKNOWN,0,0,0,0,0,0,0,0,1,0,0,0,0,,,,,,,,,,,,0.689500034,1450.32629,0,,,0,3,308.3461,267.322601,38338,DEFAULT,ADAPTIVE,CAR,
1787973283911,3.08235192,1527,unnamed,,NO_POSE,UNKNOWN,0,0,0,0,0,0,0,0,1,0,0,0,0,,,,,,,,,,,,0.702832997,1422.81311,0,,,0,3,308.387054,267.322601,38338,DEFAULT,ADAPTIVE,CAR,
1787973283912,3.08327603,1528,unnamed,,NO_POSE,UNKNOWN,0,0,0,0,0,0,0,0,1,0,0,0,0,,,,,,,,,,,,0.924166977,1082.05554,0,,,0,3,308.428009,267.322601,38338,DEFAULT,ADAPTIVE,CAR,
1787973283913,3.08415771,1529,unnamed,,NO_POSE,UNKNOWN,0,0,0,0,0,0,0,0,1,0,0,0,0,,,,,,,,,,,,0.881666005,1134.21631,0,,,0,3,308.468964,267.322601,38338,DEFAULT,ADAPTIVE,CAR,
1787973283913,3.08484674,1530,unnamed,,NO_POSE,UNKNOWN,0,0,0,0,0,0,0,0,1,0,0,0,0,,,,,,,,,,,,0.689041972,1451.29041,0,,,0,3,308.509949,267.322601,38338,DEFAULT,ADAPTIVE,CAR,
1787973283914,3.08555317,1531,unnamed,,NO_POSE,UNKNOWN,0,0,0,0,0,0,0,0,1,0,0,0,0,,,,,,,,,,,,0.706375003,1415.67871,0,,,0,3,308.550873,267.322601,38338,DEFAULT,ADAPTIVE,CAR,
1787973283915,3.08613753,1532,unnamed,,NO_POSE,UNKNOWN,0,0,0,0,0,0,0,0,1,0,0,0,0,,,,,,,,,,,,0.584457994,1710.98694,0,,,0,3,308.591827,267.322601,38338,DEFAULT,ADAPTIVE,CAR,
1787973283915,3.08695292,1533,unnamed,,NO_POSE,UNKNOWN,0,0,0,0,0,0,0,0,1,0,0,0,0,,,,,,,,,,,,0.815499961,1226.24158,0,,,0,3,308.632538,267.322601,38338,DEFAULT,ADAPTIVE,CAR,
1787973283916,3.08801317,1534,unnamed,,NO_POSE,UNKNOWN,0,0,0,0,0,0,0,0,1,0,0,0,0,,,,,,,,,,,,1.06016695,943.24762,0,,,0,3,308.672974,267.322601,38338,DEFAULT,ADAPTIVE,CAR,
1787973283917,3.08897185,1535,unnamed,,NO_POSE,UNKNOWN,0,0,0,0,0,0,0,0,1,0,0,0,0,,,,,,,,,,,,0.958707988,1043.07043,0,,,0,3,308.713379,267.322601,38338,DEFAULT,ADAPTIVE,CAR,
1787973283918,3.08988452,1536,unnamed,,NO_POSE,UNKNOWN,0,0,0,0,0,0,0,0,1,0,0,0,0,,,,,,,,,,,,0.912708998,1095.63953,0,,,0,3,308.754333,267.322601,38338,DEFAULT,ADAPTIVE,CAR,
1787973283919,3.09085703,1537,unnamed,,NO_POSE,UNKNOWN,0,0,0,0,0,0,0,0,1,0,0,0,0,,,,,,,,,,,,0.972333014,1028.45422,0,,,0,3,308.795258,267.322601,38338,DEFAULT,ADAPTIVE,CAR,
1787973283920,3.09165263,1538,unnamed,,NO_POSE,UNKNOWN,0,0,0,0,0,0,0,0,1,0,0,0,0,,,,,,,,,,,,0.795791984,1256.60986,0,,,0,3,308.836334,267.322601,38338,DEFAULT,ADAPTIVE,CAR,
1787973283921,3.09234643,1539,unnamed,,NO_POSE,UNKNOWN,0,0,0,0,0,0,0,0,1,0,0,0,0,,,,,,,,,,,,0.693708003,1441.52869,0,,,0,3,308.877167,267.322601,38338,DEFAULT,ADAPTIVE,CAR,
1787973283922,3.09305096,1540,unnamed,,NO_POSE,UNKNOWN,0,0,0,0,0,0,0,0,1,0,0,0,0,,,,,,,,,,,,0.704582989,1419.27917,0,,,0,3,308.918121,267.322601,38338,DEFAULT,ADAPTIVE,CAR,
1787973283922,3.09385753,1541,unnamed,,NO_POSE,UNKNOWN,0,0,0,0,0,0,0,0,1,0,0,0,0,,,,,,,,,,,,0.80645901,1239.98865,0,,,0,3,308.959045,267.322601,38338,DEFAULT,ADAPTIVE,CAR,
1787973283923,3.09454894,1542,unnamed,,NO_POSE,UNKNOWN,0,0,0,0,0,0,0,0,1,0,0,0,0,,,,,,,,,,,,0.691375017,1446.39307,0,,,0,3,309,267.322601,38338,DEFAULT,ADAPTIVE,CAR,
1787973283924,3.09513044,1543,unnamed,,NO_POSE,UNKNOWN,0,0,0,0,0,0,0,0,1,0,0,0,0,,,,,,,,,,,,0.581457973,1719.8147,0,,,0,3,309.041077,267.322601,38338,DEFAULT,ADAPTIVE,CAR,
1787973283924,3.09589338,1544,unnamed,,NO_POSE,UNKNOWN,0,0,0,0,0,0,0,0,1,0,0,0,0,,,,,,,,,,,,0.763000011,1310.61597,0,,,0,3,308.039276,267.322601,38338,DEFAULT,ADAPTIVE,CAR,
1787973283925,3.09685278,1545,unnamed,,NO_POSE,UNKNOWN,0,0,0,0,0,0,0,0,1,0,0,0,0,,,,,,,,,,,,0.959375024,1042.34534,0,,,0,3,308.079865,267.322601,38338,DEFAULT,ADAPTIVE,CAR,
1787973283926,3.09775615,1546,unnamed,,NO_POSE,UNKNOWN,0,0,0,0,0,0,0,0,1,0,0,0,0,,,,,,,,,,,,0.90337497,1106.96008,0,,,0,3,308.120331,267.322601,38338,DEFAULT,ADAPTIVE,CAR,
1787973283927,3.09854984,1547,unnamed,,NO_POSE,UNKNOWN,0,0,0,0,0,0,0,0,1,0,0,0,0,,,,,,,,,,,,0.793749988,1259.84253,0,,,0,3,308.161255,267.322601,38338,DEFAULT,ADAPTIVE,CAR,
1787973283928,3.09924936,1548,unnamed,,NO_POSE,UNKNOWN,0,0,0,0,0,0,0,0,1,0,0,0,0,,,,,,,,,,,,0.699582994,1429.42297,0,,,0,3,308.20224,267.322601,38338,DEFAULT,ADAPTIVE,CAR,
1787973283928,3.09984207,1549,unnamed,,NO_POSE,UNKNOWN,0,0,0,0,0,0,0,0,1,0,0,0,0,,,,,,,,,,,,0.592541993,1687.64404,0,,,0,3,308.243195,267.322601,38338,DEFAULT,ADAPTIVE,CAR,
1787973283929,3.10059857,1550,unnamed,,NO_POSE,UNKNOWN,0,0,0,0,0,0,0,0,1,0,0,0,0,,,,,,,,,,,,0.756500006,1321.87708,0,,,0,3,308.284149,267.322601,38338,DEFAULT,ADAPTIVE,CAR,
1787973283930,3.10124612,1551,unnamed,,NO_POSE,UNKNOWN,0,0,0,0,0,0,0,0,1,0,0,0,0,,,,,,,,,,,,0.64774996,1543.80554,0,,,0,3,308.325073,267.322601,38338,DEFAULT,ADAPTIVE,CAR,
1787973283930,3.10194659,1552,unnamed,,NO_POSE,UNKNOWN,0,0,0,0,0,0,0,0,1,0,0,0,0,,,,,,,,,,,,0.700291991,1427.97571,0,,,0,3,308.366028,267.322601,38338,DEFAULT,ADAPTIVE,CAR,
1787973283931,3.10253787,1553,unnamed,,NO_POSE,UNKNOWN,0,0,0,0,0,0,0,0,1,0,0,0,0,,,,,,,,,,,,0.59129101,1691.2146,0,,,0,3,308.406982,267.322601,38338,DEFAULT,ADAPTIVE,CAR,
1787973283932,3.10312891,1554,unnamed,,NO_POSE,UNKNOWN,0,0,0,0,0,0,0,0,1,0,0,0,0,,,,,,,,,,,,0.591167033,1691.56934,0,,,0,3,308.447937,267.322601,38338,DEFAULT,ADAPTIVE,CAR,
1787973283932,3.10384583,1555,unnamed,,NO_POSE,UNKNOWN,0,0,0,0,0,0,0,0,1,0,0,0,0,,,,,,,,,,,,0.716832995,1395.02502,0,,,0,3,308.48938,267.322601,38338,DEFAULT,ADAPTIVE,CAR,
1787973283933,3.10474205,1556,unnamed,,NO_POSE,UNKNOWN,0,0,0,0,0,0,0,0,1,0,0,0,0,,,,,,,,,,,,0.896291971,1115.70789,0,,,0,3,308.529053,267.322601,38338,DEFAULT,ADAPTIVE,CAR,
1787973283934,3.10566425,1557,unnamed,,NO_POSE,UNKNOWN,0,0,0,0,0,0,0,0,1,0,0,0,0,,,,,,,,,,,,0.922082961,1084.5011,0,,,0,3,308.569458,267.322601,38338,DEFAULT,ADAPTIVE,CAR,
1787973283935,3.10658169,1558,unnamed,,NO_POSE,UNKNOWN,0,0,0,0,0,0,0,0,1,0,0,0,0,,,,,,,,,,,,0.91762495,1089.76978,0,,,0,3,308.610413,267.322601,38338,DEFAULT,ADAPTIVE,CAR,
1787973283936,3.1075685,1559,unnamed,,NO_POSE,UNKNOWN,0,0,0,0,0,0,0,0,1,0,0,0,0,,,,,,,,,,,,0.986708999,1013.47003,0,,,0,3,308.651398,267.322601,38338,DEFAULT,ADAPTIVE,CAR,
1787973283937,3.10835361,1560,unnamed,,NO_POSE,UNKNOWN,0,0,0,0,0,0,0,0,1,0,0,0,0,,,,,,,,,,,,0.785125017,1273.6825,0,,,0,3,308.692352,267.322601,38338,DEFAULT,ADAPTIVE,CAR,
1787973283938,3.10926056,1561,unnamed,,NO_POSE,UNKNOWN,0,0,0,0,0,0,0,0,1,0,0,0,0,,,,,,,,,,,,0.906832993,1102.73889,0,,,0,3,308.734467,267.322601,38338,DEFAULT,ADAPTIVE,CAR,
1787973283938,3.10993576,1562,unnamed,,NO_POSE,UNKNOWN,0,0,0,0,0,0,0,0,1,0,0,0,0,,,,,,,,,,,,0.675374985,1480.65894,0,,,0,3,308.775421,267.322601,38338,DEFAULT,ADAPTIVE,CAR,
1787973283939,3.1105392,1563,unnamed,,NO_POSE,UNKNOWN,0,0,0,0,0,0,0,0,1,0,0,0,0,,,,,,,,,,,,0.603249967,1657.6875,0,,,0,3,308.816406,267.322601,38338,DEFAULT,ADAPTIVE,CAR,
1787973283940,3.1111362,1564,unnamed,,NO_POSE,UNKNOWN,0,0,0,0,0,0,0,0,1,0,0,0,0,,,,,,,,,,,,0.597207963,1674.4585,0,,,0,3,307.914398,267.322601,38338,DEFAULT,ADAPTIVE,CAR,
1787973283940,3.11173964,1565,unnamed,,NO_POSE,UNKNOWN,0,0,0,0,0,0,0,0,1,0,0,0,0,,,,,,,,,,,,0.603459001,1657.1134,0,,,0,3,307.955353,267.322601,38338,DEFAULT,ADAPTIVE,CAR,
1787973283941,3.11250567,1566,unnamed,,NO_POSE,UNKNOWN,0,0,0,0,0,0,0,0,1,0,0,0,0,,,,,,,,,,,,0.76591599,1305.62622,0,,,0,3,307.994568,267.322601,38338,DEFAULT,ADAPTIVE,CAR,
1787973283945,3.1164248,1567,unnamed,,NO_POSE,UNKNOWN,0,0,0,0,0,0,0,0,1,0,0,0,0,,,,,,,,,,,,3.91916704,255.156265,0,,,0,3,308.006042,267.322601,38338,DEFAULT,ADAPTIVE,CAR,
1787973283946,3.11774302,1568,unnamed,,NO_POSE,UNKNOWN,0,0,0,0,0,0,0,0,1,0,0,0,0,,,,,,,,,,,,1.31820798,758.605652,0,,,0,3,308.044647,267.322601,38338,DEFAULT,ADAPTIVE,CAR,
1787973283947,3.11875987,1569,unnamed,,NO_POSE,UNKNOWN,0,0,0,0,0,0,0,0,1,0,0,0,0,,,,,,,,,,,,1.01679206,983.485291,0,,,0,3,308.085571,267.322601,38338,DEFAULT,ADAPTIVE,CAR,
1787973283948,3.11945486,1570,unnamed,,NO_POSE,UNKNOWN,0,0,0,0,0,0,0,0,1,0,0,0,0,,,,,,,,,,,,0.695083022,1438.67712,0,,,0,3,308.126526,267.322601,38338,DEFAULT,ADAPTIVE,CAR,
1787973283949,3.12033868,1571,unnamed,,NO_POSE,UNKNOWN,0,0,0,0,0,0,0,0,1,0,0,0,0,,,,,,,,,,,,0.883749962,1131.54175,0,,,0,3,308.166229,267.322601,38338,DEFAULT,ADAPTIVE,CAR,
1787973283953,3.12495947,1572,unnamed,,NO_POSE,UNKNOWN,0,0,0,0,0,0,0,0,1,0,0,0,0,,,,,,,,,,,,4.62079191,216.413116,0,,,0,3,308.171143,267.322601,38338,DEFAULT,ADAPTIVE,CAR,
1787973283955,3.12629342,1573,unnamed,,NO_POSE,UNKNOWN,0,0,0,0,0,0,0,0,1,0,0,0,0,,,,,,,,,,,,1.33395803,749.648804,0,,,0,3,308.211548,267.322601,38338,DEFAULT,ADAPTIVE,CAR,
1787973283956,3.12725997,1574,unnamed,,NO_POSE,UNKNOWN,0,0,0,0,0,0,0,0,1,0,0,0,0,,,,,,,,,,,,0.966666996,1034.48242,0,,,0,3,306.961945,267.322601,38338,DEFAULT,ADAPTIVE,CAR,
1787973283957,3.12806916,1575,unnamed,,NO_POSE,UNKNOWN,0,0,0,0,0,0,0,0,1,0,0,0,0,,,,,,,,,,,,0.809082985,1235.96716,0,,,0,3,306.999664,267.322601,38338,DEFAULT,ADAPTIVE,CAR,
1787973283957,3.12879443,1576,unnamed,,NO_POSE,UNKNOWN,0,0,0,0,0,0,0,0,1,0,0,0,0,,,,,,,,,,,,0.725292027,1378.755,0,,,0,3,307.040436,267.322601,38338,DEFAULT,ADAPTIVE,CAR,
1787973283958,3.12967992,1577,unnamed,,NO_POSE,UNKNOWN,0,0,0,0,0,0,0,0,1,0,0,0,0,,,,,,,,,,,,0.885416985,1129.41138,0,,,0,3,307.081024,267.322601,38338,DEFAULT,ADAPTIVE,CAR,
1787973283959,3.13056922,1578,unnamed,,NO_POSE,UNKNOWN,0,0,0,0,0,0,0,0,1,0,0,0,0,,,,,,,,,,,,0.88925004,1124.54309,0,,,0,3,307.12146,267.322601,38338,DEFAULT,ADAPTIVE,CAR,
1787973283960,3.13135338,1579,unnamed,,NO_POSE,UNKNOWN,0,0,0,0,0,0,0,0,1,0,0,0,0,,,,,,,,,,,,0.784249961,1275.10364,0,,,0,3,307.162445,267.322601,38338,DEFAULT,ADAPTIVE,CAR,
1787973283960,3.13194346,1580,unnamed,,NO_POSE,UNKNOWN,0,0,0,0,0,0,0,0,1,0,0,0,0,,,,,,,,,,,,0.590083003,1694.67676,0,,,0,3,307.2034,267.322601,38338,DEFAULT,ADAPTIVE,CAR,
1787973283961,3.13259673,1581,unnamed,,NO_POSE,UNKNOWN,0,0,0,0,0,0,0,0,1,0,0,0,0,,,,,,,,,,,,0.653332949,1530.61304,0,,,0,3,307.244324,267.322601,38338,DEFAULT,ADAPTIVE,CAR,
1787973283962,3.13335252,1582,unnamed,,NO_POSE,UNKNOWN,0,0,0,0,0,0,0,0,1,0,0,0,0,,,,,,,,,,,,0.75575,1323.18884,0,,,0,3,307.285278,267.322601,38338,DEFAULT,ADAPTIVE,CAR,
1787973283963,3.13404512,1583,unnamed,,NO_POSE,UNKNOWN,0,0,0,0,0,0,0,0,1,0,0,0,0,,,,,,,,,,,,0.692666948,1443.69519,0,,,0,3,307.326263,267.322601,38338,DEFAULT,ADAPTIVE,CAR,
1787973283963,3.1347537,1584,unnamed,,NO_POSE,UNKNOWN,0,0,0,0,0,0,0,0,1,0,0,0,0,,,,,,,,,,,,0.708499968,1411.43262,0,,,0,3,307.367218,267.322601,38338,DEFAULT,ADAPTIVE,CAR,
1787973283964,3.13545179,1585,unnamed,,NO_POSE,UNKNOWN,0,0,0,0,0,0,0,0,1,0,0,0,0,,,,,,,,,,,,0.698000014,1432.66467,0,,,0,3,307.408203,267.322601,38338,DEFAULT,ADAPTIVE,CAR,
1787973283965,3.1360507,1586,unnamed,,NO_POSE,UNKNOWN,0,0,0,0,0,0,0,0,1,0,0,0,0,,,,,,,,,,,,0.599000037,1669.44897,0,,,0,3,307.449158,267.322601,38338,DEFAULT,ADAPTIVE,CAR,
1787973283965,3.13685584,1587,unnamed,,NO_POSE,UNKNOWN,0,0,0,0,0,0,0,0,1,0,0,0,0,,,,,,,,,,,,0.805167019,1241.97839,0,,,0,3,307.490112,267.322601,38338,DEFAULT,ADAPTIVE,CAR,
1787973283966,3.13755465,1588,unnamed,,NO_POSE,UNKNOWN,0,0,0,0,0,0,0,0,1,0,0,0,0,,,,,,,,,,,,0.698707998,1431.21301,0,,,0,3,307.530914,267.322601,38338,DEFAULT,ADAPTIVE,CAR,
1787973283967,3.13833904,1589,unnamed,,NO_POSE,UNKNOWN,0,0,0,0,0,0,0,0,1,0,0,0,0,,,,,,,,,,,,0.784500003,1274.69727,0,,,0,3,307.571533,267.322601,38338,DEFAULT,ADAPTIVE,CAR,
1787973283968,3.13928628,1590,unnamed,,NO_POSE,UNKNOWN,0,0,0,0,0,0,0,0,1,0,0,0,0,,,,,,,,,,,,0.947208047,1055.73425,0,,,0,3,307.611969,267.322601,38338,DEFAULT,ADAPTIVE,CAR,
1787973283969,3.14038491,1591,unnamed,,NO_POSE,UNKNOWN,0,0,0,0,0,0,0,0,1,0,0,0,0,,,,,,,,,,,,1.09866703,910.193848,0,,,0,3,307.652924,267.322601,38338,DEFAULT,ADAPTIVE,CAR,
1787973283970,3.14118361,1592,unnamed,,NO_POSE,UNKNOWN,0,0,0,0,0,0,0,0,1,0,0,0,0,,,,,,,,,,,,0.798582971,1252.21802,0,,,0,3,307.693604,267.322601,38338,DEFAULT,ADAPTIVE,CAR,
1787973283970,3.14195061,1593,unnamed,,NO_POSE,UNKNOWN,0,0,0,0,0,0,0,0,1,0,0,0,0,,,,,,,,,,,,0.766959012,1303.85071,0,,,0,3,307.73468,267.322601,38338,DEFAULT,ADAPTIVE,CAR,
1787973283971,3.14265275,1594,unnamed,,NO_POSE,UNKNOWN,0,0,0,0,0,0,0,0,1,0,0,0,0,,,,,,,,,,,,0.702208042,1424.07947,0,,,0,3,306.683594,267.322601,38338,DEFAULT,ADAPTIVE,CAR,
1787973283972,3.14334321,1595,unnamed,,NO_POSE,UNKNOWN,0,0,0,0,0,0,0,0,1,0,0,0,0,,,,,,,,,,,,0.690541983,1448.13782,0,,,0,3,306.724518,267.322601,38338,DEFAULT,ADAPTIVE,CAR,
1787973283972,3.14393902,1596,unnamed,,NO_POSE,UNKNOWN,0,0,0,0,0,0,0,0,1,0,0,0,0,,,,,,,,,,,,0.595833004,1678.32263,0,,,0,3,306.765503,267.322601,38338,DEFAULT,ADAPTIVE,CAR,
1787973283973,3.14454031,1597,unnamed,,NO_POSE,UNKNOWN,0,0,0,0,0,0,0,0,1,0,0,0,0,,,,,,,,,,,,0.601332963,1662.97217,0,,,0,3,306.806458,267.322601,38338,DEFAULT,ADAPTIVE,CAR,
1787973283974,3.14513373,1598,unnamed,,NO_POSE,UNKNOWN,0,0,0,0,0,0,0,0,1,0,0,0,0,,,,,,,,,,,,0.593334019,1685.39124,0,,,0,3,306.847412,267.322601,38338,DEFAULT,ADAPTIVE,CAR,
1787973283974,3.14586711,1599,unnamed,,NO_POSE,UNKNOWN,0,0,0,0,0,0,0,0,1,0,0,0,0,,,,,,,,,,,,0.73329097,1363.71509,0,,,0,3,306.888184,267.322601,38338,DEFAULT,ADAPTIVE,CAR,
1787973283975,3.14681363,1600,unnamed,,NO_POSE,UNKNOWN,0,0,0,0,0,0,0,0,1,0,0,0,0,,,,,,,,,,,,0.946500003,1056.52405,0,,,0,3,306.928772,267.322601,38338,DEFAULT,ADAPTIVE,CAR,
1787973283976,3.1477561,1601,unnamed,,NO_POSE,UNKNOWN,0,0,0,0,0,0,0,0,1,0,0,0,0,,,,,,,,,,,,0.942458987,1061.05408,0,,,0,3,306.969177,267.322601,38338,DEFAULT,ADAPTIVE,CAR,
1787973283977,3.14845824,1602,unnamed,,NO_POSE,UNKNOWN,0,0,0,0,0,0,0,0,1,0,0,0,0,,,,,,,,,,,,0.702250004,1423.99426,0,,,0,3,307.010162,267.322601,38338,DEFAULT,ADAPTIVE,CAR,
1787973283977,3.14903998,1603,unnamed,,NO_POSE,UNKNOWN,0,0,0,0,0,0,0,0,1,0,0,0,0,,,,,,,,,,,,0.581624985,1719.32092,0,,,0,3,307.051117,267.322601,38338,DEFAULT,ADAPTIVE,CAR,
1787973283978,3.14974833,1604,unnamed,,NO_POSE,UNKNOWN,0,0,0,0,0,0,0,0,1,0,0,0,0,,,,,,,,,,,,0.708375037,1411.68164,0,,,0,3,307.092072,267.322601,38338,DEFAULT,ADAPTIVE,CAR,
1787973283979,3.15044999,1605,unnamed,,NO_POSE,UNKNOWN,0,0,0,0,0,0,0,0,1,0,0,0,0,,,,,,,,,,,,0.701665998,1425.17957,0,,,0,3,307.133057,267.322601,38338,DEFAULT,ADAPTIVE,CAR,
1787973283980,3.1511488,1606,unnamed,,NO_POSE,UNKNOWN,0,0,0,0,0,0,0,0,1,0,0,0,0,,,,,,,,,,,,0.69887501,1430.87109,0,,,0,3,307.174011,267.322601,38338,DEFAULT,ADAPTIVE,CAR,
1787973283980,3.15178227,1607,unnamed,,NO_POSE,UNKNOWN,0,0,0,0,0,0,0,0,1,0,0,0,0,,,,,,,,,,,,0.633375049,1578.84351,0,,,0,3,307.214935,267.322601,38338,DEFAULT,ADAPTIVE,CAR,
1787973283981,3.1525445,1608,unnamed,,NO_POSE,UNKNOWN,0,0,0,0,0,0,0,0,1,0,0,0,0,,,,,,,,,,,,0.762333989,1311.76099,0,,,0,3,307.25589,267.322601,38338,DEFAULT,ADAPTIVE,CAR,
1787973283982,3.15313649,1609,unnamed,,NO_POSE,UNKNOWN,0,0,0,0,0,0,0,0,1,0,0,0,0,,,,,,,,,,,,0.591915965,1689.42896,0,,,0,3,307.296844,267.322601,38338,DEFAULT,ADAPTIVE,CAR,
1787973283982,3.15374041,1610,unnamed,,NO_POSE,UNKNOWN,0,0,0,0,0,0,0,0,1,0,0,0,0,,,,,,,,,,,,0.603999972,1655.62915,0,,,0,3,307.337646,267.322601,38338,DEFAULT,ADAPTIVE,CAR,
1787973283983,3.15435457,1611,unnamed,,NO_POSE,UNKNOWN,0,0,0,0,0,0,0,0,1,0,0,0,0,,,,,,,,,,,,0.614084005,1628.44165,0,,,0,3,307.378571,267.322601,38338,DEFAULT,ADAPTIVE,CAR,
1787973283984,3.15525198,1612,unnamed,,NO_POSE,UNKNOWN,0,0,0,0,0,0,0,0,1,0,0,0,0,,,,,,,,,,,,0.897583008,1114.10303,0,,,0,3,307.419189,267.322601,38338,DEFAULT,ADAPTIVE,CAR,
1787973283985,3.15625978,1613,unnamed,,NO_POSE,UNKNOWN,0,0,0,0,0,0,0,0,1,0,0,0,0,,,,,,,,,,,,1.00762498,992.432678,0,,,0,3,307.460175,267.322601,38338,DEFAULT,ADAPTIVE,CAR,
1787973283986,3.15715909,1614,unnamed,,NO_POSE,UNKNOWN,0,0,0,0,0,0,0,0,1,0,0,0,0,,,,,,,,,,,,0.899457991,1111.78064,0,,,0,3,307.500549,267.322601,38338,DEFAULT,ADAPTIVE,CAR,
1787973283986,3.15795159,1615,unnamed,,NO_POSE,UNKNOWN,0,0,0,0,0,0,0,0,1,0,0,0,0,,,,,,,,,,,,0.792375028,1262.02869,0,,,0,3,307.541473,267.322601,38338,DEFAULT,ADAPTIVE,CAR,
1787973283987,3.15866113,1616,unnamed,,NO_POSE,UNKNOWN,0,0,0,0,0,0,0,0,1,0,0,0,0,,,,,,,,,,,,0.709542036,1409.35986,0,,,0,3,307.582428,267.322601,38338,DEFAULT,ADAPTIVE,CAR,
1787973283988,3.15936255,1617,unnamed,,NO_POSE,UNKNOWN,0,0,0,0,0,0,0,0,1,0,0,0,0,,,,,,,,,,,,0.701416969,1425.68542,0,,,0,3,307.576843,267.322601,38338,DEFAULT,ADAPTIVE,CAR,
1787973283988,3.16003871,1618,unnamed,,NO_POSE,UNKNOWN,0,0,0,0,0,0,0,0,1,0,0,0,0,,,,,,,,,,,,0.676208019,1478.83496,0,,,0,3,307.617554,267.322601,38338,DEFAULT,ADAPTIVE,CAR,
1787973283989,3.16065168,1619,unnamed,,NO_POSE,UNKNOWN,0,0,0,0,0,0,0,0,1,0,0,0,0,,,,,,,,,,,,0.612958014,1631.43323,0,,,0,3,307.658478,267.322601,38338,DEFAULT,ADAPTIVE,CAR,
1787973283990,3.16146731,1620,unnamed,,NO_POSE,UNKNOWN,0,0,0,0,0,0,0,0,1,0,0,0,0,,,,,,,,,,,,0.815750003,1225.86584,0,,,0,3,307.699402,267.322601,38338,DEFAULT,ADAPTIVE,CAR,
1787973283991,3.16225004,1621,unnamed,,NO_POSE,UNKNOWN,0,0,0,0,0,0,0,0,1,0,0,0,0,,,,,,,,,,,,0.782667041,1277.68262,0,,,0,3,306.748169,267.322601,38338,DEFAULT,ADAPTIVE,CAR,
1787973283992,3.16308761,1622,unnamed,,NO_POSE,UNKNOWN,0,0,0,0,0,0,0,0,1,0,0,0,0,,,,,,,,,,,,0.837417006,1194.14819,0,,,0,3,306.788147,267.322601,38338,DEFAULT,ADAPTIVE,CAR,
1787973283992,3.16395783,1623,unnamed,,NO_POSE,UNKNOWN,0,0,0,0,0,0,0,0,1,0,0,0,0,,,,,,,,,,,,0.870415986,1148.87598,0,,,0,3,306.828583,267.322601,38338,DEFAULT,ADAPTIVE,CAR,
1787973283993,3.16475654,1624,unnamed,,NO_POSE,UNKNOWN,0,0,0,0,0,0,0,0,1,0,0,0,0,,,,,,,,,,,,0.798624992,1252.1521,0,,,0,3,306.869537,267.322601,38338,DEFAULT,ADAPTIVE,CAR,
1787973283994,3.16544557,1625,unnamed,,NO_POSE,UNKNOWN,0,0,0,0,0,0,0,0,1,0,0,0,0,,,,,,,,,,,,0.689041972,1451.29041,0,,,0,3,306.863678,267.322601,38338,DEFAULT,ADAPTIVE,CAR,
1787973283994,3.16603971,1626,unnamed,,NO_POSE,UNKNOWN,0,0,0,0,0,0,0,0,1,0,0,0,0,,,,,,,,,,,,0.594042003,1683.38269,0,,,0,3,306.858368,267.322601,38338,DEFAULT,ADAPTIVE,CAR,
1787973283995,3.16664028,1627,unnamed,,NO_POSE,UNKNOWN,0,0,0,0,0,0,0,0,1,0,0,0,0,,,,,,,,,,,,0.600582957,1665.04883,0,,,0,3,306.898743,267.322601,38338,DEFAULT,ADAPTIVE,CAR,
1787973283996,3.16736603,1628,unnamed,,NO_POSE,UNKNOWN,0,0,0,0,0,0,0,0,1,0,0,0,0,,,,,,,,,,,,0.725832999,1377.72742,0,,,0,3,306.939636,267.322601,38338,DEFAULT,ADAPTIVE,CAR,
1787973283996,3.16803908,1629,unnamed,,NO_POSE,UNKNOWN,0,0,0,0,0,0,0,0,1,0,0,0,0,,,,,,,,,,,,0.672999978,1485.88416,0,,,0,3,306.980499,267.322601,38338,DEFAULT,ADAPTIVE,CAR,
1787973283997,3.16864014,1630,unnamed,,NO_POSE,UNKNOWN,0,0,0,0,0,0,0,0,1,0,0,0,0,,,,,,,,,,,,0.601083994,1663.66101,0,,,0,3,307.021454,267.322601,38338,DEFAULT,ADAPTIVE,CAR,
1787973283998,3.16926169,1631,unnamed,,NO_POSE,UNKNOWN,0,0,0,0,0,0,0,0,1,0,0,0,0,,,,,,,,,,,,0.621583045,1608.79553,0,,,0,3,307.062408,267.322601,38338,DEFAULT,ADAPTIVE,CAR,
1787973283998,3.16995645,1632,unnamed,,NO_POSE,UNKNOWN,0,0,0,0,0,0,0,0,1,0,0,0,0,,,,,,,,,,,,0.694832981,1439.1947,0,,,0,3,307.103363,267.322601,38338,DEFAULT,ADAPTIVE,CAR,
1787973284000,3.17148113,1633,unnamed,,NO_POSE,UNKNOWN,0,0,0,0,0,0,0,0,1,0,0,0,0,,,,,,,,,,,,1.52454197,655.934692,0,,,0,3,307.315979,267.322601,38338,DEFAULT,ADAPTIVE,CAR,
1787973284001,3.17263436,1634,unnamed,,NO_POSE,UNKNOWN,0,0,0,0,0,0,0,0,1,0,0,0,0,,,,,,,,,,,,1.15337503,867.020691,0,,,0,3,307.356384,267.322601,38338,DEFAULT,ADAPTIVE,CAR,
1787973284002,3.17368293,1635,unnamed,,NO_POSE,UNKNOWN,0,0,0,0,0,0,0,0,1,0,0,0,0,,,,,,,,,,,,1.04854202,953.705261,0,,,0,3,307.397369,267.322601,38338,DEFAULT,ADAPTIVE,CAR,
1787973284003,3.17444849,1636,unnamed,,NO_POSE,UNKNOWN,0,0,0,0,0,0,0,0,1,0,0,0,0,,,,,,,,,,,,0.765540957,1306.26575,0,,,0,3,307.438232,267.322601,38338,DEFAULT,ADAPTIVE,CAR,
1787973284004,3.17519403,1637,unnamed,,NO_POSE,UNKNOWN,0,0,0,0,0,0,0,0,1,0,0,0,0,,,,,,,,,,,,0.745499969,1341.38171,0,,,0,3,307.479156,267.322601,38338,DEFAULT,ADAPTIVE,CAR,
1787973284004,3.17595983,1638,unnamed,,NO_POSE,UNKNOWN,0,0,0,0,0,0,0,0,1,0,0,0,0,,,,,,,,,,,,0.765874982,1305.69617,0,,,0,3,307.52005,267.322601,38338,DEFAULT,ADAPTIVE,CAR,
1787973284005,3.17664456,1639,unnamed,,NO_POSE,UNKNOWN,0,0,0,0,0,0,0,0,1,0,0,0,0,,,,,,,,,,,,0.684666991,1460.56409,0,,,0,3,307.561005,267.322601,38338,DEFAULT,ADAPTIVE,CAR,
1787973284006,3.17723751,1640,unnamed,,NO_POSE,UNKNOWN,0,0,0,0,0,0,0,0,1,0,0,0,0,,,,,,,,,,,,0.592999995,1686.3407,0,,,0,3,307.601929,267.322601,38338,DEFAULT,ADAPTIVE,CAR,
1787973284006,3.1778357,1641,unnamed,,NO_POSE,UNKNOWN,0,0,0,0,0,0,0,0,1,0,0,0,0,,,,,,,,,,,,0.598083019,1672.00867,0,,,0,3,306.402161,267.322601,38338,DEFAULT,ADAPTIVE,CAR,
1787973284007,3.17843246,1642,unnamed,,NO_POSE,UNKNOWN,0,0,0,0,0,0,0,0,1,0,0,0,0,,,,,,,,,,,,0.596874952,1675.3927,0,,,0,3,306.443146,267.322601,38338,DEFAULT,ADAPTIVE,CAR,
1787973284008,3.17904234,1643,unnamed,,NO_POSE,UNKNOWN,0,0,0,0,0,0,0,0,1,0,0,0,0,,,,,,,,,,,,0.609916985,1639.56738,0,,,0,3,306.483948,267.322601,38338,DEFAULT,ADAPTIVE,CAR,
1787973284008,3.17979407,1644,unnamed,,NO_POSE,UNKNOWN,0,0,0,0,0,0,0,0,1,0,0,0,0,,,,,,,,,,,,0.751707971,1330.30383,0,,,0,3,306.524536,267.322601,38338,DEFAULT,ADAPTIVE,CAR,
1787973284009,3.18066096,1645,unnamed,,NO_POSE,UNKNOWN,0,0,0,0,0,0,0,0,1,0,0,0,0,,,,,,,,,,,,0.866750002,1153.73523,0,,,0,3,306.564941,267.322601,38338,DEFAULT,ADAPTIVE,CAR,
1787973284010,3.18135858,1646,unnamed,,NO_POSE,UNKNOWN,0,0,0,0,0,0,0,0,1,0,0,0,0,,,,,,,,,,,,0.697541952,1433.60547,0,,,0,3,306.605896,267.322601,38338,DEFAULT,ADAPTIVE,CAR,
1787973284010,3.18203473,1647,unnamed,,NO_POSE,UNKNOWN,0,0,0,0,0,0,0,0,1,0,0,0,0,,,,,,,,,,,,0.676208019,1478.83496,0,,,0,3,306.646851,267.322601,38338,DEFAULT,ADAPTIVE,CAR,
1787973284011,3.18266177,1648,unnamed,,NO_POSE,UNKNOWN,0,0,0,0,0,0,0,0,1,0,0,0,0,,,,,,,,,,,,0.627042055,1594.78943,0,,,0,3,306.641449,267.322601,38338,DEFAULT,ADAPTIVE,CAR,
1787973284012,3.18322492,1649,unnamed,,NO_POSE,UNKNOWN,0,0,0,0,0,0,0,0,1,0,0,0,0,,,,,,,,,,,,0.563125014,1775.80469,0,,,0,3,306.681824,267.322601,38338,DEFAULT,ADAPTIVE,CAR,
1787973284012,3.18386173,1650,unnamed,,NO_POSE,UNKNOWN,0,0,0,0,0,0,0,0,1,0,0,0,0,,,,,,,,,,,,0.636833012,1570.27039,0,,,0,3,306.722717,267.322601,38338,DEFAULT,ADAPTIVE,CAR,
1787973284013,3.18465519,1651,unnamed,,NO_POSE,UNKNOWN,0,0,0,0,0,0,0,0,1,0,0,0,0,,,,,,,,,,,,0.793583989,1260.10608,0,,,0,3,306.763672,267.322601,38338,DEFAULT,ADAPTIVE,CAR,
1787973284014,3.18534422,1652,unnamed,,NO_POSE,UNKNOWN,0,0,0,0,0,0,0,0,1,0,0,0,0,,,,,,,,,,,,0.688957989,1451.46729,0,,,0,3,306.804749,267.322601,38338,DEFAULT,ADAPTIVE,CAR,
1787973284014,3.18594432,1653,unnamed,,NO_POSE,UNKNOWN,0,0,0,0,0,0,0,0,1,0,0,0,0,,,,,,,,,,,,0.600207984,1666.08911,0,,,0,3,306.845581,267.322601,38338,DEFAULT,ADAPTIVE,CAR,
1787973284015,3.18664193,1654,unnamed,,NO_POSE,UNKNOWN,0,0,0,0,0,0,0,0,1,0,0,0,0,,,,,,,,,,,,0.697541952,1433.60547,0,,,0,3,306.886536,267.322601,38338,DEFAULT,ADAPTIVE,CAR,
1787973284016,3.1873579,1655,unnamed,,NO_POSE,UNKNOWN,0,0,0,0,0,0,0,0,1,0,0,0,0,,,,,,,,,,,,0.715957999,1396.72998,0,,,0,3,306.880554,267.322601,38338,DEFAULT,ADAPTIVE,CAR,
1787973284017,3.18813324,1656,unnamed,,NO_POSE,UNKNOWN,0,0,0,0,0,0,0,0,1,0,0,0,0,,,,,,,,,,,,0.77520901,1289.97473,0,,,0,3,306.921143,267.322601,38338,DEFAULT,ADAPTIVE,CAR,
1787973284017,3.18895602,1657,unnamed,,NO_POSE,UNKNOWN,0,0,0,0,0,0,0,0,1,0,0,0,0,,,,,,,,,,,,0.822875023,1215.25134,0,,,0,3,306.961548,267.322601,38338,DEFAULT,ADAPTIVE,CAR,
1787973284018,3.18976235,1658,unnamed,,NO_POSE,UNKNOWN,0,0,0,0,0,0,0,0,1,0,0,0,0,,,,,,,,,,,,0.806415975,1240.05481,0,,,0,3,307.002502,267.322601,38338,DEFAULT,ADAPTIVE,CAR,
1787973284019,3.19067907,1659,unnamed,,NO_POSE,UNKNOWN,0,0,0,0,0,0,0,0,1,0,0,0,0,,,,,,,,,,,,0.916666985,1090.90869,0,,,0,3,307.043365,267.322601,38338,DEFAULT,ADAPTIVE,CAR,
1787973284020,3.19144559,1660,unnamed,,NO_POSE,UNKNOWN,0,0,0,0,0,0,0,0,1,0,0,0,0,,,,,,,,,,,,0.766457975,1304.703,0,,,0,3,307.08432,267.322601,38338,DEFAULT,ADAPTIVE,CAR,
1787973284021,3.19204116,1661,unnamed,,NO_POSE,UNKNOWN,0,0,0,0,0,0,0,0,1,0,0,0,0,,,,,,,,,,,,0.595499992,1679.26111,0,,,0,3,307.125244,267.322601,38338,DEFAULT,ADAPTIVE,CAR,
1787973284021,3.19274616,1662,unnamed,,NO_POSE,UNKNOWN,0,0,0,0,0,0,0,0,1,0,0,0,0,,,,,,,,,,,,0.705166996,1418.10376,0,,,0,3,307.166321,267.322601,38338,DEFAULT,ADAPTIVE,CAR,
1787973284022,3.19332671,1663,unnamed,,NO_POSE,UNKNOWN,0,0,0,0,0,0,0,0,1,0,0,0,0,,,,,,,,,,,,0.580458045,1722.77747,0,,,0,3,306.214539,267.322601,38338,DEFAULT,ADAPTIVE,CAR,
1787973284022,3.19393754,1664,unnamed,,NO_POSE,UNKNOWN,0,0,0,0,0,0,0,0,1,0,0,0,0,,,,,,,,,,,,0.610916972,1636.88354,0,,,0,3,306.255493,267.322601,38338,DEFAULT,ADAPTIVE,CAR,
1787973284023,3.19453549,1665,unnamed,,NO_POSE,UNKNOWN,0,0,0,0,0,0,0,0,1,0,0,0,0,,,,,,,,,,,,0.597957969,1672.35828,0,,,0,3,306.296448,267.322601,38338,DEFAULT,ADAPTIVE,CAR,
1787973284024,3.19513392,1666,unnamed,,NO_POSE,UNKNOWN,0,0,0,0,0,0,0,0,1,0,0,0,0,,,,,,,,,,,,0.598500013,1670.84375,0,,,0,3,306.337402,267.322601,38338,DEFAULT,ADAPTIVE,CAR,
1787973284024,3.19584966,1667,unnamed,,NO_POSE,UNKNOWN,0,0,0,0,0,0,0,0,1,0,0,0,0,,,,,,,,,,,,0.71566695,1397.29797,0,,,0,3,306.377869,267.322601,38338,DEFAULT,ADAPTIVE,CAR,
1787973284025,3.19665933,1668,unnamed,,NO_POSE,UNKNOWN,0,0,0,0,0,0,0,0,1,0,0,0,0,,,,,,,,,,,,0.809499979,1235.33044,0,,,0,3,306.418457,267.322601,38338,DEFAULT,ADAPTIVE,CAR,
1787973284026,3.1975491,1669,unnamed,,NO_POSE,UNKNOWN,0,0,0,0,0,0,0,0,1,0,0,0,0,,,,,,,,,,,,0.889958024,1123.64856,0,,,0,3,306.458862,267.322601,38338,DEFAULT,ADAPTIVE,CAR,
1787973284027,3.19824886,1670,unnamed,,NO_POSE,UNKNOWN,0,0,0,0,0,0,0,0,1,0,0,0,0,,,,,,,,,,,,0.699792027,1428.99609,0,,,0,3,306.499817,267.322601,38338,DEFAULT,ADAPTIVE,CAR,
1787973284027,3.19894195,1671,unnamed,,NO_POSE,UNKNOWN,0,0,0,0,0,0,0,0,1,0,0,0,0,,,,,,,,,,,,0.692999959,1443.00146,0,,,0,3,306.540771,267.322601,38338,DEFAULT,ADAPTIVE,CAR,
1787973284028,3.19953513,1672,unnamed,,NO_POSE,UNKNOWN,0,0,0,0,0,0,0,0,1,0,0,0,0,,,,,,,,,,,,0.593082964,1686.10474,0,,,0,3,306.581726,267.322601,38338,DEFAULT,ADAPTIVE,CAR,
1787973284029,3.20014429,1673,unnamed,,NO_POSE,UNKNOWN,0,0,0,0,0,0,0,0,1,0,0,0,0,,,,,,,,,,,,0.60929203,1641.24915,0,,,0,3,306.622559,267.322601,38338,DEFAULT,ADAPTIVE,CAR,
1787973284029,3.20075774,1674,unnamed,,NO_POSE,UNKNOWN,0,0,0,0,0,0,0,0,1,0,0,0,0,,,,,,,,,,,,0.613375008,1630.3241,0,,,0,3,306.663574,267.322601,38338,DEFAULT,ADAPTIVE,CAR,
1787973284030,3.20142746,1675,unnamed,,NO_POSE,UNKNOWN,0,0,0,0,0,0,0,0,1,0,0,0,0,,,,,,,,,,,,0.669833004,1492.90942,0,,,0,3,306.704498,267.322601,38338,DEFAULT,ADAPTIVE,CAR,
1787973284031,3.20214772,1676,unnamed,,NO_POSE,UNKNOWN,0,0,0,0,0,0,0,0,1,0,0,0,0,,,,,,,,,,,,0.72012496,1388.64783,0,,,0,3,306.745392,267.322601,38338,DEFAULT,ADAPTIVE,CAR,
1787973284031,3.20273733,1677,unnamed,,NO_POSE,UNKNOWN,0,0,0,0,0,0,0,0,1,0,0,0,0,,,,,,,,,,,,0.589667022,1695.87244,0,,,0,3,306.786346,267.322601,38338,DEFAULT,ADAPTIVE,CAR,
1787973284032,3.20333838,1678,unnamed,,NO_POSE,UNKNOWN,0,0,0,0,0,0,0,0,1,0,0,0,0,,,,,,,,,,,,0.600999951,1663.89355,0,,,0,3,306.827271,267.322601,38338,DEFAULT,ADAPTIVE,CAR,
1787973284032,3.20393658,1679,unnamed,,NO_POSE,UNKNOWN,0,0,0,0,0,0,0,0,1,0,0,0,0,,,,,,,,,,,,0.598124981,1671.89136,0,,,0,3,306.868683,267.322601,38338,DEFAULT,ADAPTIVE,CAR,
1787973284033,3.20465803,1680,unnamed,,NO_POSE,UNKNOWN,0,0,0,0,0,0,0,0,1,0,0,0,0,,,,,,,,,,,,0.721500039,1386.00134,0,,,0,3,306.908691,267.322601,38338,DEFAULT,ADAPTIVE,CAR,
1787973284034,3.20580029,1681,unnamed,,NO_POSE,UNKNOWN,0,0,0,0,0,0,0,0,1,0,0,0,0,,,,,,,,,,,,1.14241695,875.337158,0,,,0,3,306.950409,267.322601,38338,DEFAULT,ADAPTIVE,CAR,
1787973284035,3.20656967,1682,unnamed,,NO_POSE,UNKNOWN,0,0,0,0,0,0,0,0,1,0,0,0,0,,,,,,,,,,,,0.769249976,1299.96753,0,,,0,3,306.991241,267.322601,38338,DEFAULT,ADAPTIVE,CAR,
1787973284036,3.20745087,1683,unnamed,,NO_POSE,UNKNOWN,0,0,0,0,0,0,0,0,1,0,0,0,0,,,,,,,,,,,,0.881166041,1134.85986,0,,,0,3,307.032166,267.322601,38338,DEFAULT,ADAPTIVE,CAR,
1787973284037,3.20805359,1684,unnamed,,NO_POSE,UNKNOWN,0,0,0,0,0,0,0,0,1,0,0,0,0,,,,,,,,,,,,0.602792025,1658.94702,0,,,0,3,307.073151,267.322601,38338,DEFAULT,ADAPTIVE,CAR,
1787973284037,3.20873547,1685,unnamed,,NO_POSE,UNKNOWN,0,0,0,0,0,0,0,0,1,0,0,0,0,,,,,,,,,,,,0.681833029,1466.63477,0,,,0,3,306.617798,267.322601,38338,DEFAULT,ADAPTIVE,CAR,
1787973284038,3.20934558,1686,unnamed,,NO_POSE,UNKNOWN,0,0,0,0,0,0,0,0,1,0,0,0,0,,,,,,,,,,,,0.610208988,1638.78271,0,,,0,3,306.664246,267.322601,38338,DEFAULT,ADAPTIVE,CAR,
1787973284038,3.2100358,1687,unnamed,,NO_POSE,UNKNOWN,0,0,0,0,0,0,0,0,1,0,0,0,0,,,,,,,,,,,,0.690083027,1449.10095,0,,,0,3,306.714752,267.322601,38338,DEFAULT,ADAPTIVE,CAR,
1787973284039,3.21063781,1688,unnamed,,NO_POSE,UNKNOWN,0,0,0,0,0,0,0,0,1,0,0,0,0,,,,,,,,,,,,0.602042019,1661.01367,0,,,0,3,306.765228,267.322601,38338,DEFAULT,ADAPTIVE,CAR,
1787973284040,3.21124959,1689,unnamed,,NO_POSE,UNKNOWN,0,0,0,0,0,0,0,0,1,0,0,0,0,,,,,,,,,,,,0.611916006,1634.21118,0,,,0,3,306.815735,267.322601,38338,DEFAULT,ADAPTIVE,CAR,
1787973284040,3.2118392,1690,unnamed,,NO_POSE,UNKNOWN,0,0,0,0,0,0,0,0,1,0,0,0,0,,,,,,,,,,,,0.589416981,1696.59167,0,,,0,3,306.866241,267.322601,38338,DEFAULT,ADAPTIVE,CAR,
1787973284041,3.21243191,1691,unnamed,,NO_POSE,UNKNOWN,0,0,0,0,0,0,0,0,1,0,0,0,0,,,,,,,,,,,,0.592749953,1687.052,0,,,0,3,306.916748,267.322601,38338,DEFAULT,ADAPTIVE,CAR,
1787973284042,3.21316767,1692,unnamed,,NO_POSE,UNKNOWN,0,0,0,0,0,0,0,0,1,0,0,0,0,,,,,,,,,,,,0.73587501,1358.92651,0,,,0,3,306.967224,267.322601,38338,DEFAULT,ADAPTIVE,CAR,
1787973284051,3.22220039,1693,unnamed,,NO_POSE,UNKNOWN,0,0,0,0,0,0,0,0,1,0,0,0,0,,,,,,,,,,,,9.03266716,110.709274,0,,,0,3,307.017731,267.322601,38338,DEFAULT,ADAPTIVE,CAR,
1787973284052,3.22398615,1694,unnamed,,NO_POSE,UNKNOWN,0,0,0,0,0,0,0,0,1,0,0,0,0,,,,,,,,,,,,1.78575003,559.98877,0,,,0,3,306.805664,267.322601,38338,DEFAULT,ADAPTIVE,CAR,
1787973284054,3.2250762,1695,unnamed,,NO_POSE,UNKNOWN,0,0,0,0,0,0,0,0,1,0,0,0,0,,,,,,,,,,,,1.090083,917.361328,0,,,0,3,306.585236,267.322601,38338,DEFAULT,ADAPTIVE,CAR,
1787973284055,3.22617602,1696,unnamed,,NO_POSE,UNKNOWN,0,0,0,0,0,0,0,0,1,0,0,0,0,,,,,,,,,,,,1.09987497,909.194275,0,,,0,3,306.341614,267.322601,38338,DEFAULT,ADAPTIVE,CAR,
1787973284056,3.22726297,1697,unnamed,,NO_POSE,UNKNOWN,0,0,0,0,0,0,0,0,1,0,0,0,0,,,,,,,,,,,,1.08679199,920.139282,0,,,0,3,306.06134,267.322601,38338,DEFAULT,ADAPTIVE,CAR,
1787973284057,3.22826123,1698,unnamed,,NO_POSE,UNKNOWN,0,0,0,0,0,0,0,0,1,0,0,0,0,,,,,,,,,,,,0.998332977,1001.6698,0,,,0,3,304.835785,267.322601,38338,DEFAULT,ADAPTIVE,CAR,
1787973284058,3.22905183,1699,unnamed,,NO_POSE,UNKNOWN,0,0,0,0,0,0,0,0,1,0,0,0,0,,,,,,,,,,,,0.790666997,1264.75488,0,,,0,3,304.886353,267.322601,38338,DEFAULT,ADAPTIVE,CAR,
1787973284058,3.22982669,1700,unnamed,,NO_POSE,UNKNOWN,0,0,0,0,0,0,0,0,1,0,0,0,0,,,,,,,,,,,,0.774916053,1290.4624,0,,,0,3,304.937439,267.322601,38338,DEFAULT,ADAPTIVE,CAR,
1787973284059,3.23077106,1701,unnamed,,NO_POSE,UNKNOWN,0,0,0,0,0,0,0,0,1,0,0,0,0,,,,,,,,,,,,0.944374979,1058.90137,0,,,0,3,304.987976,267.322601,38338,DEFAULT,ADAPTIVE,CAR,
1787973284060,3.23155212,1702,unnamed,,NO_POSE,UNKNOWN,0,0,0,0,0,0,0,0,1,0,0,0,0,,,,,,,,,,,,0.781000018,1280.40967,0,,,0,3,305.037872,267.322601,38338,DEFAULT,ADAPTIVE,CAR,
1787973284061,3.23224616,1703,unnamed,,NO_POSE,UNKNOWN,0,0,0,0,0,0,0,0,1,0,0,0,0,,,,,,,,,,,,0.694042027,1440.83496,0,,,0,3,305.088379,267.322601,38338,DEFAULT,ADAPTIVE,CAR,
1787973284061,3.23284173,1704,unnamed,,NO_POSE,UNKNOWN,0,0,0,0,0,0,0,0,1,0,0,0,0,,,,,,,,,,,,0.595458031,1679.37952,0,,,0,3,305.138885,267.322601,38338,DEFAULT,ADAPTIVE,CAR,
1787973284062,3.23355699,1705,unnamed,,NO_POSE,UNKNOWN,0,0,0,0,0,0,0,0,1,0,0,0,0,,,,,,,,,,,,0.715416968,1397.78625,0,,,0,3,305.189392,267.322601,38338,DEFAULT,ADAPTIVE,CAR,
1787973284063,3.23427105,1706,unnamed,,NO_POSE,UNKNOWN,0,0,0,0,0,0,0,0,1,0,0,0,0,,,,,,,,,,,,0.713958025,1400.64258,0,,,0,3,305.239868,267.322601,38338,DEFAULT,ADAPTIVE,CAR,
1787973284064,3.23504639,1707,unnamed,,NO_POSE,UNKNOWN,0,0,0,0,0,0,0,0,1,0,0,0,0,,,,,,,,,,,,0.775291979,1289.83667,0,,,0,3,305.290375,267.322601,38338,DEFAULT,ADAPTIVE,CAR,
1787973284064,3.23564005,1708,unnamed,,NO_POSE,UNKNOWN,0,0,0,0,0,0,0,0,1,0,0,0,0,,,,,,,,,,,,0.59383297,1683.97522,0,,,0,3,305.340881,267.322601,38338,DEFAULT,ADAPTIVE,CAR,
1787973284065,3.23634863,1709,unnamed,,NO_POSE,UNKNOWN,0,0,0,0,0,0,0,0,1,0,0,0,0,,,,,,,,,,,,0.708375037,1411.68164,0,,,0,3,305.391388,267.322601,38338,DEFAULT,ADAPTIVE,CAR,
1787973284065,3.23693228,1710,unnamed,,NO_POSE,UNKNOWN,0,0,0,0,0,0,0,0,1,0,0,0,0,,,,,,,,,,,,0.58366704,1713.30566,0,,,0,3,305.395691,267.322601,38338,DEFAULT,ADAPTIVE,CAR,
1787973284066,3.23764968,1711,unnamed,,NO_POSE,UNKNOWN,0,0,0,0,0,0,0,0,1,0,0,0,0,,,,,,,,,,,,0.717583001,1393.56702,0,,,0,3,305.445587,267.322601,38338,DEFAULT,ADAPTIVE,CAR,
1787973284067,3.23861384,1712,unnamed,,NO_POSE,UNKNOWN,0,0,0,0,0,0,0,0,1,0,0,0,0,,,,,,,,,,,,0.963999987,1037.34436,0,,,0,3,305.496063,267.322601,38338,DEFAULT,ADAPTIVE,CAR,
1787973284068,3.23988223,1713,unnamed,,NO_POSE,UNKNOWN,0,0,0,0,0,0,0,0,1,0,0,0,0,,,,,,,,,,,,1.26837492,788.4104,0,,,0,3,305.54657,267.322601,38338,DEFAULT,ADAPTIVE,CAR,
1787973284069,3.24086571,1714,unnamed,,NO_POSE,UNKNOWN,0,0,0,0,0,0,0,0,1,0,0,0,0,,,,,,,,,,,,0.983624935,1016.64764,0,,,0,3,305.597107,267.322601,38338,DEFAULT,ADAPTIVE,CAR,
1787973284070,3.24165106,1715,unnamed,,NO_POSE,UNKNOWN,0,0,0,0,0,0,0,0,1,0,0,0,0,,,,,,,,,,,,0.785209,1273.54626,0,,,0,3,305.647614,267.322601,38338,DEFAULT,ADAPTIVE,CAR,
1787973284071,3.24233723,1716,unnamed,,NO_POSE,UNKNOWN,0,0,0,0,0,0,0,0,1,0,0,0,0,,,,,,,,,,,,0.68612504,1457.46033,0,,,0,3,305.69812,267.322601,38338,DEFAULT,ADAPTIVE,CAR,
1787973284071,3.24292946,1717,unnamed,,NO_POSE,UNKNOWN,0,0,0,0,0,0,0,0,1,0,0,0,0,,,,,,,,,,,,0.592250049,1688.47607,0,,,0,3,305.748596,267.322601,38338,DEFAULT,ADAPTIVE,CAR,
1787973284072,3.24354625,1718,unnamed,,NO_POSE,UNKNOWN,0,0,0,0,0,0,0,0,1,0,0,0,0,,,,,,,,,,,,0.616832972,1621.18433,0,,,0,3,305.799133,267.322601,38338,DEFAULT,ADAPTIVE,CAR,
1787973284073,3.24427414,1719,unnamed,,NO_POSE,UNKNOWN,0,0,0,0,0,0,0,0,1,0,0,0,0,,,,,,,,,,,,0.727917016,1373.78296,0,,,0,3,304.608765,267.322601,38338,DEFAULT,ADAPTIVE,CAR,
1787973284074,3.24504924,1720,unnamed,,NO_POSE,UNKNOWN,0,0,0,0,0,0,0,0,1,0,0,0,0,,,,,,,,,,,,0.775207996,1289.97632,0,,,0,3,304.656616,267.322601,38338,DEFAULT,ADAPTIVE,CAR,
1787973284074,3.2457459,1721,unnamed,,NO_POSE,UNKNOWN,0,0,0,0,0,0,0,0,1,0,0,0,0,,,,,,,,,,,,0.696457982,1435.83679,0,,,0,3,304.660889,267.322601,38338,DEFAULT,ADAPTIVE,CAR,
1787973284075,3.24653149,1722,unnamed,,NO_POSE,UNKNOWN,0,0,0,0,0,0,0,0,1,0,0,0,0,,,,,,,,,,,,0.785791993,1272.60132,0,,,0,3,304.710815,267.322601,38338,DEFAULT,ADAPTIVE,CAR,
1787973284076,3.24735165,1723,unnamed,,NO_POSE,UNKNOWN,0,0,0,0,0,0,0,0,1,0,0,0,0,,,,,,,,,,,,0.820167005,1219.26392,0,,,0,3,304.761353,267.322601,38338,DEFAULT,ADAPTIVE,CAR,
1787973284077,3.24805737,1724,unnamed,,NO_POSE,UNKNOWN,0,0,0,0,0,0,0,0,1,0,0,0,0,,,,,,,,,,,,0.705624998,1417.18335,0,,,0,3,304.811859,267.322601,38338,DEFAULT,ADAPTIVE,CAR,
1787973284077,3.2487421,1725,unnamed,,NO_POSE,UNKNOWN,0,0,0,0,0,0,0,0,1,0,0,0,0,,,,,,,,,,,,0.684665978,1460.56616,0,,,0,3,304.862366,267.322601,38338,DEFAULT,ADAPTIVE,CAR,
1787973284078,3.24933195,1726,unnamed,,NO_POSE,UNKNOWN,0,0,0,0,0,0,0,0,1,0,0,0,0,,,,,,,,,,,,0.589917004,1695.15369,0,,,0,3,304.866028,267.322601,38338,DEFAULT,ADAPTIVE,CAR,
1787973284078,3.24994349,1727,unnamed,,NO_POSE,UNKNOWN,0,0,0,0,0,0,0,0,1,0,0,0,0,,,,,,,,,,,,0.611624956,1634.98889,0,,,0,3,304.916565,267.322601,38338,DEFAULT,ADAPTIVE,CAR,
1787973284079,3.25066948,1728,unnamed,,NO_POSE,UNKNOWN,0,0,0,0,0,0,0,0,1,0,0,0,0,,,,,,,,,,,,0.725832999,1377.72742,0,,,0,3,304.967133,267.322601,38338,DEFAULT,ADAPTIVE,CAR,
1787973284080,3.25133252,1729,unnamed,,NO_POSE,UNKNOWN,0,0,0,0,0,0,0,0,1,0,0,0,0,,,,,,,,,,,,0.663083971,1508.10461,0,,,0,3,304.970825,267.322601,38338,DEFAULT,ADAPTIVE,CAR,
1787973284080,3.25192428,1730,unnamed,,NO_POSE,UNKNOWN,0,0,0,0,0,0,0,0,1,0,0,0,0,,,,,,,,,,,,0.591665983,1690.14282,0,,,0,3,305.021301,267.322601,38338,DEFAULT,ADAPTIVE,CAR,
1787973284081,3.25254607,1731,unnamed,,NO_POSE,UNKNOWN,0,0,0,0,0,0,0,0,1,0,0,0,0,,,,,,,,,,,,0.621874988,1608.04028,0,,,0,3,305.071838,267.322601,38338,DEFAULT,ADAPTIVE,CAR,
1787973284082,3.25313473,1732,unnamed,,NO_POSE,UNKNOWN,0,0,0,0,0,0,0,0,1,0,0,0,0,,,,,,,,,,,,0.588750005,1698.51379,0,,,0,3,305.122375,267.322601,38338,DEFAULT,ADAPTIVE,CAR,
1787973284082,3.25373793,1733,unnamed,,NO_POSE,UNKNOWN,0,0,0,0,0,0,0,0,1,0,0,0,0,,,,,,,,,,,,0.603209019,1657.80017,0,,,0,3,305.172943,267.322601,38338,DEFAULT,ADAPTIVE,CAR,
1787973284083,3.25436258,1734,unnamed,,NO_POSE,UNKNOWN,0,0,0,0,0,0,0,0,1,0,0,0,0,,,,,,,,,,,,0.624665976,1600.85547,0,,,0,3,305.22345,267.322601,38338,DEFAULT,ADAPTIVE,CAR,
1787973284084,3.25514984,1735,unnamed,,NO_POSE,UNKNOWN,0,0,0,0,0,0,0,0,1,0,0,0,0,,,,,,,,,,,,0.787249982,1270.24451,0,,,0,3,305.273987,267.322601,38338,DEFAULT,ADAPTIVE,CAR,
1787973284084,3.25594354,1736,unnamed,,NO_POSE,UNKNOWN,0,0,0,0,0,0,0,0,1,0,0,0,0,,,,,,,,,,,,0.793583989,1260.10608,0,,,0,3,305.324493,267.322601,38338,DEFAULT,ADAPTIVE,CAR,
1787973284085,3.25666237,1737,unnamed,,NO_POSE,UNKNOWN,0,0,0,0,0,0,0,0,1,0,0,0,0,,,,,,,,,,,,0.718957961,1390.90186,0,,,0,3,305.328156,267.322601,38338,DEFAULT,ADAPTIVE,CAR,
1787973284086,3.25744367,1738,unnamed,,NO_POSE,UNKNOWN,0,0,0,0,0,0,0,0,1,0,0,0,0,,,,,,,,,,,,0.781125009,1280.20483,0,,,0,3,305.378693,267.322601,38338,DEFAULT,ADAPTIVE,CAR,
1787973284086,3.25803137,1739,unnamed,,NO_POSE,UNKNOWN,0,0,0,0,0,0,0,0,1,0,0,0,0,,,,,,,,,,,,0.587707996,1701.52515,0,,,0,3,305.429199,267.322601,38338,DEFAULT,ADAPTIVE,CAR,
1787973284087,3.25863957,1740,unnamed,,NO_POSE,UNKNOWN,0,0,0,0,0,0,0,0,1,0,0,0,0,,,,,,,,,,,,0.608375013,1643.72302,0,,,0,3,305.479706,267.322601,38338,DEFAULT,ADAPTIVE,CAR,
1787973284088,3.25923872,1741,unnamed,,NO_POSE,UNKNOWN,0,0,0,0,0,0,0,0,1,0,0,0,0,,,,,,,,,,,,0.599000037,1669.44897,0,,,0,3,305.530212,267.322601,38338,DEFAULT,ADAPTIVE,CAR,
1787973284088,3.25985217,1742,unnamed,,NO_POSE,UNKNOWN,0,0,0,0,0,0,0,0,1,0,0,0,0,,,,,,,,,,,,0.613458991,1630.10083,0,,,0,3,304.50946,267.322601,38338,DEFAULT,ADAPTIVE,CAR,
1787973284089,3.26063919,1743,unnamed,,NO_POSE,UNKNOWN,0,0,0,0,0,0,0,0,1,0,0,0,0,,,,,,,,,,,,0.787040949,1270.58191,0,,,0,3,304.552002,267.322601,38338,DEFAULT,ADAPTIVE,CAR,
1787973284090,3.26124263,1744,unnamed,,NO_POSE,UNKNOWN,0,0,0,0,0,0,0,0,1,0,0,0,0,,,,,,,,,,,,0.60354203,1656.8855,0,,,0,3,304.602509,267.322601,38338,DEFAULT,ADAPTIVE,CAR,
1787973284090,3.26182866,1745,unnamed,,NO_POSE,UNKNOWN,0,0,0,0,0,0,0,0,1,0,0,0,0,,,,,,,,,,,,0.585916996,1706.72644,0,,,0,3,304.653015,267.322601,38338,DEFAULT,ADAPTIVE,CAR,
1787973284091,3.26244164,1746,unnamed,,NO_POSE,UNKNOWN,0,0,0,0,0,0,0,0,1,0,0,0,0,,,,,,,,,,,,0.613124967,1630.98889,0,,,0,3,304.703491,267.322601,38338,DEFAULT,ADAPTIVE,CAR,
1787973284092,3.26312351,1747,unnamed,,NO_POSE,UNKNOWN,0,0,0,0,0,0,0,0,1,0,0,0,0,,,,,,,,,,,,0.681707978,1466.90381,0,,,0,3,304.753998,267.322601,38338,DEFAULT,ADAPTIVE,CAR,
1787973284092,3.26384377,1748,unnamed,,NO_POSE,UNKNOWN,0,0,0,0,0,0,0,0,1,0,0,0,0,,,,,,,,,,,,0.720207989,1388.48779,0,,,0,3,304.804504,267.322601,38338,DEFAULT,ADAPTIVE,CAR,
1787973284093,3.26445031,1749,unnamed,,NO_POSE,UNKNOWN,0,0,0,0,0,0,0,0,1,0,0,0,0,,,,,,,,,,,,0.606541991,1648.69043,0,,,0,3,304.855011,267.322601,38338,DEFAULT,ADAPTIVE,CAR,
1787973284093,3.26503587,1750,unnamed,,NO_POSE,UNKNOWN,0,0,0,0,0,0,0,0,1,0,0,0,0,,,,,,,,,,,,0.585708022,1707.33533,0,,,0,3,304.905518,267.322601,38338,DEFAULT,ADAPTIVE,CAR,
1787973284094,3.2656312,1751,unnamed,,NO_POSE,UNKNOWN,0,0,0,0,0,0,0,0,1,0,0,0,0,,,,,,,,,,,,0.595333993,1679.72937,0,,,0,3,304.955994,267.322601,38338,DEFAULT,ADAPTIVE,CAR,
1787973284095,3.26624274,1752,unnamed,,NO_POSE,UNKNOWN,0,0,0,0,0,0,0,0,1,0,0,0,0,,,,,,,,,,,,0.611582994,1635.10107,0,,,0,3,305.0065,267.322601,38338,DEFAULT,ADAPTIVE,CAR,
1787973284095,3.26683784,1753,unnamed,,NO_POSE,UNKNOWN,0,0,0,0,0,0,0,0,1,0,0,0,0,,,,,,,,,,,,0.595082998,1680.43787,0,,,0,3,305.057007,267.322601,38338,DEFAULT,ADAPTIVE,CAR,
1787973284096,3.26743722,1754,unnamed,,NO_POSE,UNKNOWN,0,0,0,0,0,0,0,0,1,0,0,0,0,,,,,,,,,,,,0.59929198,1668.63574,0,,,0,3,305.107544,267.322601,38338,DEFAULT,ADAPTIVE,CAR,
1787973284096,3.2680378,1755,unnamed,,NO_POSE,UNKNOWN,0,0,0,0,0,0,0,0,1,0,0,0,0,,,,,,,,,,,,0.600542009,1665.16248,0,,,0,3,305.158051,267.322601,38338,DEFAULT,ADAPTIVE,CAR,
1787973284097,3.268641,1756,unnamed,,NO_POSE,UNKNOWN,0,0,0,0,0,0,0,0,1,0,0,0,0,,,,,,,,,,,,0.603290975,1657.57495,0,,,0,3,305.208557,267.322601,38338,DEFAULT,ADAPTIVE,CAR,
1787973284098,3.2692349,1757,unnamed,,NO_POSE,UNKNOWN,0,0,0,0,0,0,0,0,1,0,0,0,0,,,,,,,,,,,,0.593916953,1683.73706,0,,,0,3,305.259094,267.322601,38338,DEFAULT,ADAPTIVE,CAR,
1787973284098,3.26983476,1758,unnamed,,NO_POSE,UNKNOWN,0,0,0,0,0,0,0,0,1,0,0,0,0,,,,,,,,,,,,0.599917054,1666.89722,0,,,0,3,305.309631,267.322601,38338,DEFAULT,ADAPTIVE,CAR,
1787973284099,3.2704587,1759,unnamed,,NO_POSE,UNKNOWN,0,0,0,0,0,0,0,0,1,0,0,0,0,,,,,,,,,,,,0.623875022,1602.88513,0,,,0,3,305.360168,267.322601,38338,DEFAULT,ADAPTIVE,CAR,
1787973284100,3.27113962,1760,unnamed,,NO_POSE,UNKNOWN,0,0,0,0,0,0,0,0,1,0,0,0,0,,,,,,,,,,,,0.680916011,1468.60986,0,,,0,3,305.410645,267.322601,38338,DEFAULT,ADAPTIVE,CAR,
1787973284100,3.2718401,1761,unnamed,,NO_POSE,UNKNOWN,0,0,0,0,0,0,0,0,1,0,0,0,0,,,,,,,,,,,,0.700499952,1427.55176,0,,,0,3,305.461761,267.322601,38338,DEFAULT,ADAPTIVE,CAR,
1787973284101,3.27254009,1762,unnamed,,NO_POSE,UNKNOWN,0,0,0,0,0,0,0,0,1,0,0,0,0,,,,,,,,,,,,0.699916959,1428.74084,0,,,0,3,305.511688,267.322601,38338,DEFAULT,ADAPTIVE,CAR,
1787973284102,3.27324581,1763,unnamed,,NO_POSE,UNKNOWN,0,0,0,0,0,0,0,0,1,0,0,0,0,,,,,,,,,,,,0.705667019,1417.099,0,,,0,3,305.562195,267.322601,38338,DEFAULT,ADAPTIVE,CAR,
1787973284102,3.27384496,1764,unnamed,,NO_POSE,UNKNOWN,0,0,0,0,0,0,0,0,1,0,0,0,0,,,,,,,,,,,,0.599291027,1668.63843,0,,,0,3,305.612671,267.322601,38338,DEFAULT,ADAPTIVE,CAR,
1787973284103,3.27446818,1765,unnamed,,NO_POSE,UNKNOWN,0,0,0,0,0,0,0,0,1,0,0,0,0,,,,,,,,,,,,0.623125017,1604.81445,0,,,0,3,305.616943,267.322601,38338,DEFAULT,ADAPTIVE,CAR,
1787973284104,3.2751441,1766,unnamed,,NO_POSE,UNKNOWN,0,0,0,0,0,0,0,0,1,0,0,0,0,,,,,,,,,,,,0.675958991,1479.37964,0,,,0,3,304.723572,267.322601,38338,DEFAULT,ADAPTIVE,CAR,
1787973284104,3.27583647,1767,unnamed,,NO_POSE,UNKNOWN,0,0,0,0,0,0,0,0,1,0,0,0,0,,,,,,,,,,,,0.692249954,1444.56482,0,,,0,3,304.768768,267.322601,38338,DEFAULT,ADAPTIVE,CAR,
1787973284105,3.27643728,1768,unnamed,,NO_POSE,UNKNOWN,0,0,0,0,0,0,0,0,1,0,0,0,0,,,,,,,,,,,,0.600791037,1664.47229,0,,,0,3,304.819275,267.322601,38338,DEFAULT,ADAPTIVE,CAR,
1787973284105,3.27703071,1769,unnamed,,NO_POSE,UNKNOWN,0,0,0,0,0,0,0,0,1,0,0,0,0,,,,,,,,,,,,0.59354198,1684.80078,0,,,0,3,304.869751,267.322601,38338,DEFAULT,ADAPTIVE,CAR,
1787973284106,3.27753019,1770,unnamed,,NO_POSE,UNKNOWN,0,0,0,0,0,0,0,0,1,0,0,0,0,,,,,,,,,,,,0.499417007,2002.33472,0,,,0,3,304.920258,267.322601,38338,DEFAULT,ADAPTIVE,CAR,
1787973284107,3.27813244,1771,unnamed,,NO_POSE,UNKNOWN,0,0,0,0,0,0,0,0,1,0,0,0,0,,,,,,,,,,,,0.602415979,1659.98242,0,,,0,3,304.970764,267.322601,38338,DEFAULT,ADAPTIVE,CAR,
1787973284107,3.27873373,1772,unnamed,,NO_POSE,UNKNOWN,0,0,0,0,0,0,0,0,1,0,0,0,0,,,,,,,,,,,,0.601166964,1663.4314,0,,,0,3,305.021271,267.322601,38338,DEFAULT,ADAPTIVE,CAR,
1787973284108,3.27934456,1773,unnamed,,NO_POSE,UNKNOWN,0,0,0,0,0,0,0,0,1,0,0,0,0,,,,,,,,,,,,0.610792041,1637.21851,0,,,0,3,305.071777,267.322601,38338,DEFAULT,ADAPTIVE,CAR,
1787973284108,3.27998233,1774,unnamed,,NO_POSE,UNKNOWN,0,0,0,0,0,0,0,0,1,0,0,0,0,,,,,,,,,,,,0.637915969,1567.60461,0,,,0,3,305.122284,267.322601,38338,DEFAULT,ADAPTIVE,CAR,
1787973284109,3.28063416,1775,unnamed,,NO_POSE,UNKNOWN,0,0,0,0,0,0,0,0,1,0,0,0,0,,,,,,,,,,,,0.651666999,1534.526,0,,,0,3,305.17334,267.322601,38338,DEFAULT,ADAPTIVE,CAR,
1787973284110,3.28124309,1776,unnamed,,NO_POSE,UNKNOWN,0,0,0,0,0,0,0,0,1,0,0,0,0,,,,,,,,,,,,0.608916998,1642.26001,0,,,0,3,305.223328,267.322601,38338,DEFAULT,ADAPTIVE,CAR,
1787973284110,3.28183389,1777,unnamed,,NO_POSE,UNKNOWN,0,0,0,0,0,0,0,0,1,0,0,0,0,,,,,,,,,,,,0.590957999,1692.1676,0,,,0,3,305.273804,267.322601,38338,DEFAULT,ADAPTIVE,CAR,
1787973284111,3.28243518,1778,unnamed,,NO_POSE,UNKNOWN,0,0,0,0,0,0,0,0,1,0,0,0,0,,,,,,,,,,,,0.601208031,1663.31787,0,,,0,3,305.324341,267.322601,38338,DEFAULT,ADAPTIVE,CAR,
1787973284112,3.28304982,1779,unnamed,,NO_POSE,UNKNOWN,0,0,0,0,0,0,0,0,1,0,0,0,0,,,,,,,,,,,,0.61470896,1626.78601,0,,,0,3,305.374817,267.322601,38338,DEFAULT,ADAPTIVE,CAR,
1787973284112,3.28363419,1780,unnamed,,NO_POSE,UNKNOWN,0,0,0,0,0,0,0,0,1,0,0,0,0,,,,,,,,,,,,0.584208012,1711.71912,0,,,0,3,305.425323,267.322601,38338,DEFAULT,ADAPTIVE,CAR,
1787973284113,3.28424001,1781,unnamed,,NO_POSE,UNKNOWN,0,0,0,0,0,0,0,0,1,0,0,0,0,,,,,,,,,,,,0.606000006,1650.16492,0,,,0,3,305.47583,267.322601,38338,DEFAULT,ADAPTIVE,CAR,
1787973284113,3.28485036,1782,unnamed,,NO_POSE,UNKNOWN,0,0,0,0,0,0,0,0,1,0,0,0,0,,,,,,,,,,,,0.610375047,1638.33704,0,,,0,3,305.526306,267.322601,38338,DEFAULT,ADAPTIVE,CAR,
1787973284114,3.28543448,1783,unnamed,,NO_POSE,UNKNOWN,0,0,0,0,0,0,0,0,1,0,0,0,0,,,,,,,,,,,,0.583917022,1712.57214,0,,,0,3,305.576813,267.322601,38338,DEFAULT,ADAPTIVE,CAR,
1787973284114,3.28592825,1784,unnamed,,NO_POSE,UNKNOWN,0,0,0,0,0,0,0,0,1,0,0,0,0,,,,,,,,,,,,0.493915975,2024.63586,0,,,0,3,305.627319,267.322601,38338,DEFAULT,ADAPTIVE,CAR,
1787973284115,3.28653884,1785,unnamed,,NO_POSE,UNKNOWN,0,0,0,0,0,0,0,0,1,0,0,0,0,,,,,,,,,,,,0.610499978,1638.00171,0,,,0,3,305.677826,267.322601,38338,DEFAULT,ADAPTIVE,CAR,
1787973284116,3.28713489,1786,unnamed,,NO_POSE,UNKNOWN,0,0,0,0,0,0,0,0,1,0,0,0,0,,,,,,,,,,,,0.596125007,1677.50049,0,,,0,3,305.728333,267.322601,38338,DEFAULT,ADAPTIVE,CAR,
1787973284116,3.28773785,1787,unnamed,,NO_POSE,UNKNOWN,0,0,0,0,0,0,0,0,1,0,0,0,0,,,,,,,,,,,,0.602999985,1658.37476,0,,,0,3,305.778809,267.322601,38338,DEFAULT,ADAPTIVE,CAR,
1787973284117,3.28838158,1788,unnamed,,NO_POSE,UNKNOWN,0,0,0,0,0,0,0,0,1,0,0,0,0,,,,,,,,,,,,0.643624961,1553.69983,0,,,0,3,305.829315,267.322601,38338,DEFAULT,ADAPTIVE,CAR,
1787973284117,3.28903651,1789,unnamed,,NO_POSE,UNKNOWN,0,0,0,0,0,0,0,0,1,0,0,0,0,,,,,,,,,,,,0.654959023,1526.81311,0,,,0,3,305.879822,267.322601,38338,DEFAULT,ADAPTIVE,CAR,
1787973284118,3.28969359,1790,unnamed,,NO_POSE,UNKNOWN,0,0,0,0,0,0,0,0,1,0,0,0,0,,,,,,,,,,,,0.657166004,1521.68555,0,,,0,3,305.930298,267.322601,38338,DEFAULT,ADAPTIVE,CAR,
1787973284119,3.29044104,1791,unnamed,,NO_POSE,UNKNOWN,0,0,0,0,0,0,0,0,1,0,0,0,0,,,,,,,,,,,,0.747375011,1338.01636,0,,,0,3,305.980804,267.322601,38338,DEFAULT,ADAPTIVE,CAR,
1787973284120,3.29104257,1792,unnamed,,NO_POSE,UNKNOWN,0,0,0,0,0,0,0,0,1,0,0,0,0,,,,,,,,,,,,0.601625025,1662.16492,0,,,0,3,306.031311,267.322601,38338,DEFAULT,ADAPTIVE,CAR,
1787973284120,3.29165125,1793,unnamed,,NO_POSE,UNKNOWN,0,0,0,0,0,0,0,0,1,0,0,0,0,,,,,,,,,,,,0.608624995,1643.04785,0,,,0,3,306.081818,267.322601,38338,DEFAULT,ADAPTIVE,CAR,
1787973284121,3.29223919,1794,unnamed,,NO_POSE,UNKNOWN,0,0,0,0,0,0,0,0,1,0,0,0,0,,,,,,,,,,,,0.587958992,1700.79883,0,,,0,3,306.132324,267.322601,38338,DEFAULT,ADAPTIVE,CAR,
1787973284121,3.29283452,1795,unnamed,,NO_POSE,UNKNOWN,0,0,0,0,0,0,0,0,1,0,0,0,0,,,,,,,,,,,,0.59533298,1679.73218,0,,,0,3,306.1828,267.322601,38338,DEFAULT,ADAPTIVE,CAR,
1787973284122,3.29331899,1796,unnamed,,NO_POSE,UNKNOWN,0,0,0,0,0,0,0,0,1,0,0,0,0,,,,,,,,,,,,0.484333009,2064.69507,0,,,0,3,306.187134,267.322601,38338,DEFAULT,ADAPTIVE,CAR,
1787973284122,3.29383373,1797,unnamed,,NO_POSE,UNKNOWN,0,0,0,0,0,0,0,0,1,0,0,0,0,,,,,,,,,,,,0.514874995,1942.21899,0,,,0,3,306.237,267.322601,38338,DEFAULT,ADAPTIVE,CAR,
1787973284123,3.29443264,1798,unnamed,,NO_POSE,UNKNOWN,0,0,0,0,0,0,0,0,1,0,0,0,0,,,,,,,,,,,,0.598834038,1669.91187,0,,,0,3,306.287506,267.322601,38338,DEFAULT,ADAPTIVE,CAR,
1787973284123,3.29494119,1799,unnamed,,NO_POSE,UNKNOWN,0,0,0,0,0,0,0,0,1,0,0,0,0,,,,,,,,,,,,0.508665979,1965.92664,0,,,0,3,305.246155,267.322601,38338,DEFAULT,ADAPTIVE,CAR,
1787973284124,3.2956481,1800,unnamed,,NO_POSE,UNKNOWN,0,0,0,0,0,0,0,0,1,0,0,0,0,,,,,,,,,,,,0.706834018,1414.75928,0,,,0,3,305.296631,267.322601,38338,DEFAULT,ADAPTIVE,CAR,
1787973284125,3.29646564,1801,unnamed,,NO_POSE,UNKNOWN,0,0,0,0,0,0,0,0,1,0,0,0,0,,,,,,,,,,,,0.817541003,1223.1803,0,,,0,3,305.347961,267.322601,38338,DEFAULT,ADAPTIVE,CAR,
1787973284126,3.29713559,1802,unnamed,,NO_POSE,UNKNOWN,0,0,0,0,0,0,0,0,1,0,0,0,0,,,,,,,,,,,,0.669875026,1492.8158,0,,,0,3,305.398468,267.322601,38338,DEFAULT,ADAPTIVE,CAR,
1787973284126,3.29773712,1803,unnamed,,NO_POSE,UNKNOWN,0,0,0,0,0,0,0,0,1,0,0,0,0,,,,,,,,,,,,0.601541996,1662.39429,0,,,0,3,305.449005,267.322601,38338,DEFAULT,ADAPTIVE,CAR,
1787973284127,3.29833126,1804,unnamed,,NO_POSE,UNKNOWN,0,0,0,0,0,0,0,0,1,0,0,0,0,,,,,,,,,,,,0.594083011,1683.26648,0,,,0,3,305.499512,267.322601,38338,DEFAULT,ADAPTIVE,CAR,
1787973284127,3.2989378,1805,unnamed,,NO_POSE,UNKNOWN,0,0,0,0,0,0,0,0,1,0,0,0,0,,,,,,,,,,,,0.606541991,1648.69043,0,,,0,3,305.550018,267.322601,38338,DEFAULT,ADAPTIVE,CAR,
1787973284128,3.29942966,1806,unnamed,,NO_POSE,UNKNOWN,0,0,0,0,0,0,0,0,1,0,0,0,0,,,,,,,,,,,,0.491917014,2032.86316,0,,,0,3,305.55426,267.322601,38338,DEFAULT,ADAPTIVE,CAR,
1787973284128,3.30003858,1807,unnamed,,NO_POSE,UNKNOWN,0,0,0,0,0,0,0,0,1,0,0,0,0,,,,,,,,,,,,0.608832955,1642.48657,0,,,0,3,305.604187,267.322601,38338,DEFAULT,ADAPTIVE,CAR,
1787973284129,3.30063868,1808,unnamed,,NO_POSE,UNKNOWN,0,0,0,0,0,0,0,0,1,0,0,0,0,,,,,,,,,,,,0.600207984,1666.08911,0,,,0,3,305.654694,267.322601,38338,DEFAULT,ADAPTIVE,CAR,
1787973284130,3.30123496,1809,unnamed,,NO_POSE,UNKNOWN,0,0,0,0,0,0,0,0,1,0,0,0,0,,,,,,,,,,,,0.596209049,1677.26416,0,,,0,3,305.70517,267.322601,38338,DEFAULT,ADAPTIVE,CAR,
1787973284130,3.30172491,1810,unnamed,,NO_POSE,UNKNOWN,0,0,0,0,0,0,0,0,1,0,0,0,0,,,,,,,,,,,,0.490040988,2040.64563,0,,,0,3,305.755676,267.322601,38338,DEFAULT,ADAPTIVE,CAR,
1787973284131,3.30222964,1811,unnamed,,NO_POSE,UNKNOWN,0,0,0,0,0,0,0,0,1,0,0,0,0,,,,,,,,,,,,0.504792035,1981.01379,0,,,0,3,305.806183,267.322601,38338,DEFAULT,ADAPTIVE,CAR,
1787973284131,3.30284095,1812,unnamed,,NO_POSE,UNKNOWN,0,0,0,0,0,0,0,0,1,0,0,0,0,,,,,,,,,,,,0.611125052,1636.32642,0,,,0,3,305.85672,267.322601,38338,DEFAULT,ADAPTIVE,CAR,
1787973284132,3.30343723,1813,unnamed,,NO_POSE,UNKNOWN,0,0,0,0,0,0,0,0,1,0,0,0,0,,,,,,,,,,,,0.596374989,1676.79736,0,,,0,3,305.907227,267.322601,38338,DEFAULT,ADAPTIVE,CAR,
1787973284132,3.30403185,1814,unnamed,,NO_POSE,UNKNOWN,0,0,0,0,0,0,0,0,1,0,0,0,0,,,,,,,,,,,,0.594542027,1681.96692,0,,,0,3,305.957703,267.322601,38338,DEFAULT,ADAPTIVE,CAR,
1787973284133,3.30468655,1815,unnamed,,NO_POSE,UNKNOWN,0,0,0,0,0,0,0,0,1,0,0,0,0,,,,,,,,,,,,0.65474999,1527.30054,0,,,0,3,306.008209,267.322601,38338,DEFAULT,ADAPTIVE,CAR,
1787973284134,3.3053782,1816,unnamed,,NO_POSE,UNKNOWN,0,0,0,0,0,0,0,0,1,0,0,0,0,,,,,,,,,,,,0.691582978,1445.95813,0,,,0,3,306.058716,267.322601,38338,DEFAULT,ADAPTIVE,CAR,
1787973284135,3.30624509,1817,unnamed,,NO_POSE,UNKNOWN,0,0,0,0,0,0,0,0,1,0,0,0,0,,,,,,,,,,,,0.866958022,1153.45837,0,,,0,3,306.109222,267.322601,38338,DEFAULT,ADAPTIVE,CAR,
1787973284135,3.30693936,1818,unnamed,,NO_POSE,UNKNOWN,0,0,0,0,0,0,0,0,1,0,0,0,0,,,,,,,,,,,,0.694417,1440.05688,0,,,0,3,306.159698,267.322601,38338,DEFAULT,ADAPTIVE,CAR,
1787973284136,3.30753922,1819,unnamed,,NO_POSE,UNKNOWN,0,0,0,0,0,0,0,0,1,0,0,0,0,,,,,,,,,,,,0.599708021,1667.47815,0,,,0,3,306.210205,267.322601,38338,DEFAULT,ADAPTIVE,CAR,
1787973284137,3.30813432,1820,unnamed,,NO_POSE,UNKNOWN,0,0,0,0,0,0,0,0,1,0,0,0,0,,,,,,,,,,,,0.59504199,1680.55359,0,,,0,3,306.260712,267.322601,38338,DEFAULT,ADAPTIVE,CAR,
1787973284137,3.30874085,1821,unnamed,,NO_POSE,UNKNOWN,0,0,0,0,0,0,0,0,1,0,0,0,0,,,,,,,,,,,,0.606667042,1648.35071,0,,,0,3,306.311218,267.322601,38338,DEFAULT,ADAPTIVE,CAR,
1787973284138,3.30933213,1822,unnamed,,NO_POSE,UNKNOWN,0,0,0,0,0,0,0,0,1,0,0,0,0,,,,,,,,,,,,0.591207981,1691.45215,0,,,0,3,306.361694,267.322601,38338,DEFAULT,ADAPTIVE,CAR,
1787973284138,3.30993962,1823,unnamed,,NO_POSE,UNKNOWN,0,0,0,0,0,0,0,0,1,0,0,0,0,,,,,,,,,,,,0.607500017,1646.09045,0,,,0,3,306.412201,267.322601,38338,DEFAULT,ADAPTIVE,CAR,
1787973284139,3.31054091,1824,unnamed,,NO_POSE,UNKNOWN,0,0,0,0,0,0,0,0,1,0,0,0,0,,,,,,,,,,,,0.601332963,1662.97217,0,,,0,3,305.767822,267.322601,38338,DEFAULT,ADAPTIVE,CAR,
1787973284140,3.31112766,1825,unnamed,,NO_POSE,UNKNOWN,0,0,0,0,0,0,0,0,1,0,0,0,0,,,,,,,,,,,,0.586709023,1704.42249,0,,,0,3,305.818359,267.322601,38338,DEFAULT,ADAPTIVE,CAR,
1787973284140,3.3117435,1826,unnamed,,NO_POSE,UNKNOWN,0,0,0,0,0,0,0,0,1,0,0,0,0,,,,,,,,,,,,0.615875006,1623.70605,0,,,0,3,305.868896,267.322601,38338,DEFAULT,ADAPTIVE,CAR,
1787973284141,3.31232953,1827,unnamed,,NO_POSE,UNKNOWN,0,0,0,0,0,0,0,0,1,0,0,0,0,,,,,,,,,,,,0.586082995,1706.24304,0,,,0,3,305.919373,267.322601,38338,DEFAULT,ADAPTIVE,CAR,
1787973284141,3.31292796,1828,unnamed,,NO_POSE,UNKNOWN,0,0,0,0,0,0,0,0,1,0,0,0,0,,,,,,,,,,,,0.598291993,1671.42468,0,,,0,3,305.969879,267.322601,38338,DEFAULT,ADAPTIVE,CAR,
1787973284142,3.31354475,1829,unnamed,,NO_POSE,UNKNOWN,0,0,0,0,0,0,0,0,1,0,0,0,0,,,,,,,,,,,,0.616832972,1621.18433,0,,,0,3,306.020386,267.322601,38338,DEFAULT,ADAPTIVE,CAR,
1787973284143,3.31413245,1830,unnamed,,NO_POSE,UNKNOWN,0,0,0,0,0,0,0,0,1,0,0,0,0,,,,,,,,,,,,0.587707996,1701.52515,0,,,0,3,306.024048,267.322601,38338,DEFAULT,ADAPTIVE,CAR,
1787973284143,3.31472921,1831,unnamed,,NO_POSE,UNKNOWN,0,0,0,0,0,0,0,0,1,0,0,0,0,,,,,,,,,,,,0.596750021,1675.74365,0,,,0,3,306.02832,267.322601,38338,DEFAULT,ADAPTIVE,CAR,
1787973284144,3.31533432,1832,unnamed,,NO_POSE,UNKNOWN,0,0,0,0,0,0,0,0,1,0,0,0,0,,,,,,,,,,,,0.605084002,1652.66309,0,,,0,3,306.078278,267.322601,38338,DEFAULT,ADAPTIVE,CAR,
1787973284144,3.31585288,1833,unnamed,,NO_POSE,UNKNOWN,0,0,0,0,0,0,0,0,1,0,0,0,0,,,,,,,,,,,,0.518541038,1928.48767,0,,,0,3,306.128784,267.322601,38338,DEFAULT,ADAPTIVE,CAR,
1787973284145,3.31653523,1834,unnamed,,NO_POSE,UNKNOWN,0,0,0,0,0,0,0,0,1,0,0,0,0,,,,,,,,,,,,0.682417035,1465.37964,0,,,0,3,306.17926,267.322601,38338,DEFAULT,ADAPTIVE,CAR,
1787973284146,3.31714416,1835,unnamed,,NO_POSE,UNKNOWN,0,0,0,0,0,0,0,0,1,0,0,0,0,,,,,,,,,,,,0.608958006,1642.14929,0,,,0,3,306.229767,267.322601,38338,DEFAULT,ADAPTIVE,CAR,
1787973284146,3.31773186,1836,unnamed,,NO_POSE,UNKNOWN,0,0,0,0,0,0,0,0,1,0,0,0,0,,,,,,,,,,,,0.587625027,1701.7655,0,,,0,3,306.280273,267.322601,38338,DEFAULT,ADAPTIVE,CAR,
1787973284147,3.31823158,1837,unnamed,,NO_POSE,UNKNOWN,0,0,0,0,0,0,0,0,1,0,0,0,0,,,,,,,,,,,,0.499834001,2000.66418,0,,,0,3,306.33078,267.322601,38338,DEFAULT,ADAPTIVE,CAR,
1787973284147,3.31883407,1838,unnamed,,NO_POSE,UNKNOWN,0,0,0,0,0,0,0,0,1,0,0,0,0,,,,,,,,,,,,0.602333009,1660.21118,0,,,0,3,306.381256,267.322601,38338,DEFAULT,ADAPTIVE,CAR,
1787973284148,3.31943631,1839,unnamed,,NO_POSE,UNKNOWN,0,0,0,0,0,0,0,0,1,0,0,0,0,,,,,,,,,,,,0.602375031,1660.09546,0,,,0,3,306.431763,267.322601,38338,DEFAULT,ADAPTIVE,CAR,
1787973284148,3.32003784,1840,unnamed,,NO_POSE,UNKNOWN,0,0,0,0,0,0,0,0,1,0,0,0,0,,,,,,,,,,,,0.601583004,1662.28101,0,,,0,3,306.482269,267.322601,38338,DEFAULT,ADAPTIVE,CAR,
1787973284149,3.32063246,1841,unnamed,,NO_POSE,UNKNOWN,0,0,0,0,0,0,0,0,1,0,0,0,0,,,,,,,,,,,,0.594500005,1682.08582,0,,,0,3,306.532776,267.322601,38338,DEFAULT,ADAPTIVE,CAR,
1787973284150,3.32134867,1842,unnamed,,NO_POSE,UNKNOWN,0,0,0,0,0,0,0,0,1,0,0,0,0,,,,,,,,,,,,0.716333985,1395.99683,0,,,0,3,306.583252,267.322601,38338,DEFAULT,ADAPTIVE,CAR,
1787973284151,3.32204628,1843,unnamed,,NO_POSE,UNKNOWN,0,0,0,0,0,0,0,0,1,0,0,0,0,,,,,,,,,,,,0.697457969,1433.77808,0,,,0,3,306.633759,267.322601,38338,DEFAULT,ADAPTIVE,CAR,
1787973284151,3.32274771,1844,unnamed,,NO_POSE,UNKNOWN,0,0,0,0,0,0,0,0,1,0,0,0,0,,,,,,,,,,,,0.701458037,1425.60205,0,,,0,3,306.684265,267.322601,38338,DEFAULT,ADAPTIVE,CAR,
1787973284152,3.32343554,1845,unnamed,,NO_POSE,UNKNOWN,0,0,0,0,0,0,0,0,1,0,0,0,0,,,,,,,,,,,,0.687875032,1453.75244,0,,,0,3,306.735382,267.322601,38338,DEFAULT,ADAPTIVE,CAR,
1787973284153,3.32404423,1846,unnamed,,NO_POSE,UNKNOWN,0,0,0,0,0,0,0,0,1,0,0,0,0,,,,,,,,,,,,0.608624995,1643.04785,0,,,0,3,306.785309,267.322601,38338,DEFAULT,ADAPTIVE,CAR,
1787973284153,3.32463193,1847,unnamed,,NO_POSE,UNKNOWN,0,0,0,0,0,0,0,0,1,0,0,0,0,,,,,,,,,,,,0.587792039,1701.28198,0,,,0,3,306.788971,267.322601,38338,DEFAULT,ADAPTIVE,CAR,
1787973284154,3.32523799,1848,unnamed,,NO_POSE,UNKNOWN,0,0,0,0,0,0,0,0,1,0,0,0,0,,,,,,,,,,,,0.605957985,1650.27942,0,,,0,3,306.839478,267.322601,38338,DEFAULT,ADAPTIVE,CAR,
1787973284154,3.32584858,1849,unnamed,,NO_POSE,UNKNOWN,0,0,0,0,0,0,0,0,1,0,0,0,0,,,,,,,,,,,,0.610583961,1637.77637,0,,,0,3,305.897186,267.322601,38338,DEFAULT,ADAPTIVE,CAR,
1787973284155,3.32643414,1850,unnamed,,NO_POSE,UNKNOWN,0,0,0,0,0,0,0,0,1,0,0,0,0,,,,,,,,,,,,0.585708022,1707.33533,0,,,0,3,305.945068,267.322601,38338,DEFAULT,ADAPTIVE,CAR,
1787973284155,3.32703924,1851,unnamed,,NO_POSE,UNKNOWN,0,0,0,0,0,0,0,0,1,0,0,0,0,,,,,,,,,,,,0.60491699,1653.11938,0,,,0,3,305.94931,267.322601,38338,DEFAULT,ADAPTIVE,CAR,
1787973284156,3.327636,1852,unnamed,,NO_POSE,UNKNOWN,0,0,0,0,0,0,0,0,1,0,0,0,0,,,,,,,,,,,,0.596832991,1675.5105,0,,,0,3,305.999268,267.322601,38338,DEFAULT,ADAPTIVE,CAR,
1787973284157,3.32824087,1853,unnamed,,NO_POSE,UNKNOWN,0,0,0,0,0,0,0,0,1,0,0,0,0,,,,,,,,,,,,0.60491699,1653.11938,0,,,0,3,306.049744,267.322601,38338,DEFAULT,ADAPTIVE,CAR,
1787973284157,3.32884049,1854,unnamed,,NO_POSE,UNKNOWN,0,0,0,0,0,0,0,0,1,0,0,0,0,,,,,,,,,,,,0.5995,1668.05664,0,,,0,3,306.054016,267.322601,38338,DEFAULT,ADAPTIVE,CAR,
1787973284158,3.32944202,1855,unnamed,,NO_POSE,UNKNOWN,0,0,0,0,0,0,0,0,1,0,0,0,0,,,,,,,,,,,,0.601707995,1661.93567,0,,,0,3,306.103943,267.322601,38338,DEFAULT,ADAPTIVE,CAR,
1787973284159,3.33009768,1856,unnamed,,NO_POSE,UNKNOWN,0,0,0,0,0,0,0,0,1,0,0,0,0,,,,,,,,,,,,0.655667007,1525.16455,0,,,0,3,306.154419,267.322601,38338,DEFAULT,ADAPTIVE,CAR,
1787973284159,3.3308475,1857,unnamed,,NO_POSE,UNKNOWN,0,0,0,0,0,0,0,0,1,0,0,0,0,,,,,,,,,,,,0.749666035,1333.92737,0,,,0,3,306.204926,267.322601,38338,DEFAULT,ADAPTIVE,CAR,
1787973284160,3.33143187,1858,unnamed,,NO_POSE,UNKNOWN,0,0,0,0,0,0,0,0,1,0,0,0,0,,,,,,,,,,,,0.584417045,1711.10693,0,,,0,3,306.255432,267.322601,38338,DEFAULT,ADAPTIVE,CAR,
1787973284160,3.33204317,1859,unnamed,,NO_POSE,UNKNOWN,0,0,0,0,0,0,0,0,1,0,0,0,0,,,,,,,,,,,,0.611333013,1635.76965,0,,,0,3,306.305939,267.322601,38338,DEFAULT,ADAPTIVE,CAR,
1787973284161,3.33263707,1860,unnamed,,NO_POSE,UNKNOWN,0,0,0,0,0,0,0,0,1,0,0,0,0,,,,,,,,,,,,0.593959033,1683.61792,0,,,0,3,306.356415,267.322601,38338,DEFAULT,ADAPTIVE,CAR,
1787973284162,3.33323932,1861,unnamed,,NO_POSE,UNKNOWN,0,0,0,0,0,0,0,0,1,0,0,0,0,,,,,,,,,,,,0.602124989,1660.78467,0,,,0,3,306.406921,267.322601,38338,DEFAULT,ADAPTIVE,CAR,
1787973284162,3.33384371,1862,unnamed,,NO_POSE,UNKNOWN,0,0,0,0,0,0,0,0,1,0,0,0,0,,,,,,,,,,,,0.604374945,1654.60193,0,,,0,3,306.457428,267.322601,38338,DEFAULT,ADAPTIVE,CAR,
1787973284163,3.33443952,1863,unnamed,,NO_POSE,UNKNOWN,0,0,0,0,0,0,0,0,1,0,0,0,0,,,,,,,,,,,,0.595833004,1678.32263,0,,,0,3,306.507935,267.322601,38338,DEFAULT,ADAPTIVE,CAR,
1787973284163,3.33503652,1864,unnamed,,NO_POSE,UNKNOWN,0,0,0,0,0,0,0,0,1,0,0,0,0,,,,,,,,,,,,0.597167015,1674.57349,0,,,0,3,306.558411,267.322601,38338,DEFAULT,ADAPTIVE,CAR,
1787973284164,3.33563781,1865,unnamed,,NO_POSE,UNKNOWN,0,0,0,0,0,0,0,0,1,0,0,0,0,,,,,,,,,,,,0.60116601,1663.43408,0,,,0,3,306.608917,267.322601,38338,DEFAULT,ADAPTIVE,CAR,
1787973284165,3.33613944,1866,unnamed,,NO_POSE,UNKNOWN,0,0,0,0,0,0,0,0,1,0,0,0,0,,,,,,,,,,,,0.501542032,1993.85095,0,,,0,3,306.613678,267.322601,38338,DEFAULT,ADAPTIVE,CAR,
1787973284165,3.33673477,1867,unnamed,,NO_POSE,UNKNOWN,0,0,0,0,0,0,0,0,1,0,0,0,0,,,,,,,,,,,,0.595416963,1679.49524,0,,,0,3,306.663086,267.322601,38338,DEFAULT,ADAPTIVE,CAR,
1787973284166,3.33734083,1868,unnamed,,NO_POSE,UNKNOWN,0,0,0,0,0,0,0,0,1,0,0,0,0,,,,,,,,,,,,0.606083035,1649.93896,0,,,0,3,306.713593,267.322601,38338,DEFAULT,ADAPTIVE,CAR,
1787973284166,3.3379426,1869,unnamed,,NO_POSE,UNKNOWN,0,0,0,0,0,0,0,0,1,0,0,0,0,,,,,,,,,,,,0.601792037,1661.70374,0,,,0,3,306.764099,267.322601,38338,DEFAULT,ADAPTIVE,CAR,
1787973284167,3.33855534,1870,unnamed,,NO_POSE,UNKNOWN,0,0,0,0,0,0,0,0,1,0,0,0,0,,,,,,,,,,,,0.612625003,1632.31995,0,,,0,3,306.814606,267.322601,38338,DEFAULT,ADAPTIVE,CAR,
1787973284168,3.33946609,1871,unnamed,,NO_POSE,UNKNOWN,0,0,0,0,0,0,0,0,1,0,0,0,0,,,,,,,,,,,,0.910750031,1097.99609,0,,,0,3,306.865082,267.322601,38338,DEFAULT,ADAPTIVE,CAR,
1787973284169,3.3402648,1872,unnamed,,NO_POSE,UNKNOWN,0,0,0,0,0,0,0,0,1,0,0,0,0,,,,,,,,,,,,0.798750043,1251.95618,0,,,0,3,306.915894,267.322601,38338,DEFAULT,ADAPTIVE,CAR,
1787973284170,3.34104824,1873,unnamed,,NO_POSE,UNKNOWN,0,0,0,0,0,0,0,0,1,0,0,0,0,,,,,,,,,,,,0.783415973,1276.46106,0,,,0,3,306.966095,267.322601,38338,DEFAULT,ADAPTIVE,CAR,
1787973284170,3.3416326,1874,unnamed,,NO_POSE,UNKNOWN,0,0,0,0,0,0,0,0,1,0,0,0,0,,,,,,,,,,,,0.584541976,1710.74109,0,,,0,3,307.016602,267.322601,38338,DEFAULT,ADAPTIVE,CAR,
1787973284171,3.34225321,1875,unnamed,,NO_POSE,UNKNOWN,0,0,0,0,0,0,0,0,1,0,0,0,0,,,,,,,,,,,,0.620458007,1611.71265,0,,,0,3,307.067078,267.322601,38338,DEFAULT,ADAPTIVE,CAR,
1787973284171,3.34283566,1876,unnamed,,NO_POSE,UNKNOWN,0,0,0,0,0,0,0,0,1,0,0,0,0,,,,,,,,,,,,0.582417011,1716.98279,0,,,0,3,307.117584,267.322601,38338,DEFAULT,ADAPTIVE,CAR,
1787973284172,3.3434391,1877,unnamed,,NO_POSE,UNKNOWN,0,0,0,0,0,0,0,0,1,0,0,0,0,,,,,,,,,,,,0.60354203,1656.8855,0,,,0,3,307.168091,267.322601,38338,DEFAULT,ADAPTIVE,CAR,
1787973284172,3.343925,1878,unnamed,,NO_POSE,UNKNOWN,0,0,0,0,0,0,0,0,1,0,0,0,0,,,,,,,,,,,,0.485790998,2058.49829,0,,,0,3,307.172333,267.322601,38338,DEFAULT,ADAPTIVE,CAR,
1787973284173,3.34442973,1879,unnamed,,NO_POSE,UNKNOWN,0,0,0,0,0,0,0,0,1,0,0,0,0,,,,,,,,,,,,0.504874945,1980.68835,0,,,0,3,307.22226,267.322601,38338,DEFAULT,ADAPTIVE,CAR,
1787973284173,3.34503484,1880,unnamed,,NO_POSE,UNKNOWN,0,0,0,0,0,0,0,0,1,0,0,0,0,,,,,,,,,,,,0.605041981,1652.77783,0,,,0,3,307.272766,267.322601,38338,DEFAULT,ADAPTIVE,CAR,
1787973284174,3.34563994,1881,unnamed,,NO_POSE,UNKNOWN,0,0,0,0,0,0,0,0,1,0,0,0,0,,,,,,,,,,,,0.605000019,1652.89258,0,,,0,3,306.280212,267.322601,38338,DEFAULT,ADAPTIVE,CAR,
1787973284175,3.34633493,1882,unnamed,,NO_POSE,UNKNOWN,0,0,0,0,0,0,0,0,1,0,0,0,0,,,,,,,,,,,,0.694999993,1438.84888,0,,,0,3,306.320099,267.322601,38338,DEFAULT,ADAPTIVE,CAR,
1787973284176,3.34714794,1883,unnamed,,NO_POSE,UNKNOWN,0,0,0,0,0,0,0,0,1,0,0,0,0,,,,,,,,,,,,0.813000023,1230.01233,0,,,0,3,306.370636,267.322601,38338,DEFAULT,ADAPTIVE,CAR,
1787973284176,3.34773564,1884,unnamed,,NO_POSE,UNKNOWN,0,0,0,0,0,0,0,0,1,0,0,0,0,,,,,,,,,,,,0.587750018,1701.40369,0,,,0,3,306.421173,267.322601,38338,DEFAULT,ADAPTIVE,CAR,
1787973284177,3.3483386,1885,unnamed,,NO_POSE,UNKNOWN,0,0,0,0,0,0,0,0,1,0,0,0,0,,,,,,,,,,,,0.602917016,1658.60315,0,,,0,3,306.47168,267.322601,38338,DEFAULT,ADAPTIVE,CAR,
1787973284177,3.3489387,1886,unnamed,,NO_POSE,UNKNOWN,0,0,0,0,0,0,0,0,1,0,0,0,0,,,,,,,,,,,,0.600125015,1666.31946,0,,,0,3,306.522186,267.322601,38338,DEFAULT,ADAPTIVE,CAR,
1787973284178,3.34954286,1887,unnamed,,NO_POSE,UNKNOWN,0,0,0,0,0,0,0,0,1,0,0,0,0,,,,,,,,,,,,0.604332983,1654.7168,0,,,0,3,306.572693,267.322601,38338,DEFAULT,ADAPTIVE,CAR,
1787973284179,3.35013509,1888,unnamed,,NO_POSE,UNKNOWN,0,0,0,0,0,0,0,0,1,0,0,0,0,,,,,,,,,,,,0.59216702,1688.71277,0,,,0,3,306.623199,267.322601,38338,DEFAULT,ADAPTIVE,CAR,
1787973284179,3.35073805,1889,unnamed,,NO_POSE,UNKNOWN,0,0,0,0,0,0,0,0,1,0,0,0,0,,,,,,,,,,,,0.602958024,1658.49023,0,,,0,3,306.673676,267.322601,38338,DEFAULT,ADAPTIVE,CAR,
1787973284180,3.35121584,1890,unnamed,,NO_POSE,UNKNOWN,0,0,0,0,0,0,0,0,1,0,0,0,0,,,,,,,,,,,,0.477791995,2092.96094,0,,,0,3,306.724182,267.322601,38338,DEFAULT,ADAPTIVE,CAR,
1787973284180,3.35183764,1891,unnamed,,NO_POSE,UNKNOWN,0,0,0,0,0,0,0,0,1,0,0,0,0,,,,,,,,,,,,0.621833026,1608.1488,0,,,0,3,306.774719,267.322601,38338,DEFAULT,ADAPTIVE,CAR,
1787973284181,3.3524406,1892,unnamed,,NO_POSE,UNKNOWN,0,0,0,0,0,0,0,0,1,0,0,0,0,,,,,,,,,,,,0.602999985,1658.37476,0,,,0,3,306.825195,267.322601,38338,DEFAULT,ADAPTIVE,CAR,
1787973284181,3.35292101,1893,unnamed,,NO_POSE,UNKNOWN,0,0,0,0,0,0,0,0,1,0,0,0,0,,,,,,,,,,,,0.480374992,2081.70703,0,,,0,3,306.829559,267.322601,38338,DEFAULT,ADAPTIVE,CAR,
1787973284182,3.35344052,1894,unnamed,,NO_POSE,UNKNOWN,0,0,0,0,0,0,0,0,1,0,0,0,0,,,,,,,,,,,,0.519500017,1924.92786,0,,,0,3,306.879395,267.322601,38338,DEFAULT,ADAPTIVE,CAR,
1787973284183,3.3541398,1895,unnamed,,NO_POSE,UNKNOWN,0,0,0,0,0,0,0,0,1,0,0,0,0,,,,,,,,,,,,0.699292004,1430.01782,0,,,0,3,306.929871,267.322601,38338,DEFAULT,ADAPTIVE,CAR,
1787973284183,3.35482192,1896,unnamed,,NO_POSE,UNKNOWN,0,0,0,0,0,0,0,0,1,0,0,0,0,,,,,,,,,,,,0.682000041,1466.27563,0,,,0,3,306.980377,267.322601,38338,DEFAULT,ADAPTIVE,CAR,
1787973284184,3.35555243,1897,unnamed,,NO_POSE,UNKNOWN,0,0,0,0,0,0,0,0,1,0,0,0,0,,,,,,,,,,,,0.730499983,1368.92542,0,,,0,3,307.030884,267.322601,38338,DEFAULT,ADAPTIVE,CAR,
1787973284185,3.35636568,1898,unnamed,,NO_POSE,UNKNOWN,0,0,0,0,0,0,0,0,1,0,0,0,0,,,,,,,,,,,,0.813250005,1229.63416,0,,,0,3,307.08139,267.322601,38338,DEFAULT,ADAPTIVE,CAR,
1787973284186,3.3571384,1899,unnamed,,NO_POSE,UNKNOWN,0,0,0,0,0,0,0,0,1,0,0,0,0,,,,,,,,,,,,0.772790968,1294.01099,0,,,0,3,307.131866,267.322601,38338,DEFAULT,ADAPTIVE,CAR,
1787973284186,3.35774732,1900,unnamed,,NO_POSE,UNKNOWN,0,0,0,0,0,0,0,0,1,0,0,0,0,,,,,,,,,,,,0.608999968,1642.03613,0,,,0,3,307.182373,267.322601,38338,DEFAULT,ADAPTIVE,CAR,
1787973284187,3.35833097,1901,unnamed,,NO_POSE,UNKNOWN,0,0,0,0,0,0,0,0,1,0,0,0,0,,,,,,,,,,,,0.58345896,1713.9165,0,,,0,3,307.23288,267.322601,38338,DEFAULT,ADAPTIVE,CAR,
1787973284187,3.35893869,1902,unnamed,,NO_POSE,UNKNOWN,0,0,0,0,0,0,0,0,1,0,0,0,0,,,,,,,,,,,,0.607915998,1644.96411,0,,,0,3,307.283386,267.322601,38338,DEFAULT,ADAPTIVE,CAR,
1787973284188,3.35953546,1903,unnamed,,NO_POSE,UNKNOWN,0,0,0,0,0,0,0,0,1,0,0,0,0,,,,,,,,,,,,0.596666992,1675.97668,0,,,0,3,307.333862,267.322601,38338,DEFAULT,ADAPTIVE,CAR,
1787973284188,3.36002374,1904,unnamed,,NO_POSE,UNKNOWN,0,0,0,0,0,0,0,0,1,0,0,0,0,,,,,,,,,,,,0.488332987,2047.78296,0,,,0,3,307.384369,267.322601,38338,DEFAULT,ADAPTIVE,CAR,
1787973284189,3.36053276,1905,unnamed,,NO_POSE,UNKNOWN,0,0,0,0,0,0,0,0,1,0,0,0,0,,,,,,,,,,,,0.508916974,1964.95703,0,,,0,3,307.434875,267.322601,38338,DEFAULT,ADAPTIVE,CAR,
1787973284190,3.36113524,1906,unnamed,,NO_POSE,UNKNOWN,0,0,0,0,0,0,0,0,1,0,0,0,0,,,,,,,,,,,,0.602542043,1659.63525,0,,,0,3,306.542084,267.322601,38338,DEFAULT,ADAPTIVE,CAR,
1787973284190,3.36173463,1907,unnamed,,NO_POSE,UNKNOWN,0,0,0,0,0,0,0,0,1,0,0,0,0,,,,,,,,,,,,0.599457979,1668.17358,0,,,0,3,306.589966,267.322601,38338,DEFAULT,ADAPTIVE,CAR,
1787973284191,3.36233497,1908,unnamed,,NO_POSE,UNKNOWN,0,0,0,0,0,0,0,0,1,0,0,0,0,,,,,,,,,,,,0.600374997,1665.62561,0,,,0,3,306.640503,267.322601,38338,DEFAULT,ADAPTIVE,CAR,
1787973284191,3.36293077,1909,unnamed,,NO_POSE,UNKNOWN,0,0,0,0,0,0,0,0,1,0,0,0,0,,,,,,,,,,,,0.595583022,1679.0271,0,,,0,3,306.69101,267.322601,38338,DEFAULT,ADAPTIVE,CAR,
1787973284192,3.36353922,1910,unnamed,,NO_POSE,UNKNOWN,0,0,0,0,0,0,0,0,1,0,0,0,0,,,,,,,,,,,,0.608624995,1643.04785,0,,,0,3,306.741486,267.322601,38338,DEFAULT,ADAPTIVE,CAR,
1787973284193,3.36424828,1911,unnamed,,NO_POSE,UNKNOWN,0,0,0,0,0,0,0,0,1,0,0,0,0,,,,,,,,,,,,0.708875,1410.68591,0,,,0,3,306.743225,267.322601,38338,DEFAULT,ADAPTIVE,CAR,
1787973284193,3.36482954,1912,unnamed,,NO_POSE,UNKNOWN,0,0,0,0,0,0,0,0,1,0,0,0,0,,,,,,,,,,,,0.581417024,1719.93591,0,,,0,3,306.792877,267.322601,38338,DEFAULT,ADAPTIVE,CAR,
1787973284194,3.36532259,1913,unnamed,,NO_POSE,UNKNOWN,0,0,0,0,0,0,0,0,1,0,0,0,0,,,,,,,,,,,,0.492958009,2028.57043,0,,,0,3,306.843353,267.322601,38338,DEFAULT,ADAPTIVE,CAR,
1787973284194,3.3658278,1914,unnamed,,NO_POSE,UNKNOWN,0,0,0,0,0,0,0,0,1,0,0,0,0,,,,,,,,,,,,0.505374968,1978.72876,0,,,0,3,306.89386,267.322601,38338,DEFAULT,ADAPTIVE,CAR,
1787973284195,3.36632252,1915,unnamed,,NO_POSE,UNKNOWN,0,0,0,0,0,0,0,0,1,0,0,0,0,,,,,,,,,,,,0.494666994,2021.56201,0,,,0,3,306.944366,267.322601,38338,DEFAULT,ADAPTIVE,CAR,
1787973284195,3.36683369,1916,unnamed,,NO_POSE,UNKNOWN,0,0,0,0,0,0,0,0,1,0,0,0,0,,,,,,,,,,,,0.51116699,1956.30786,0,,,0,3,306.994873,267.322601,38338,DEFAULT,ADAPTIVE,CAR,
1787973284196,3.36732483,1917,unnamed,,NO_POSE,UNKNOWN,0,0,0,0,0,0,0,0,1,0,0,0,0,,,,,,,,,,,,0.491166025,2035.97144,0,,,0,3,307.04538,267.322601,38338,DEFAULT,ADAPTIVE,CAR,
1787973284196,3.36782408,1918,unnamed,,NO_POSE,UNKNOWN,0,0,0,0,0,0,0,0,1,0,0,0,0,,,,,,,,,,,,0.499124974,2003.50623,0,,,0,3,307.095886,267.322601,38338,DEFAULT,ADAPTIVE,CAR,
1787973284197,3.36833,1919,unnamed,,NO_POSE,UNKNOWN,0,0,0,0,0,0,0,0,1,0,0,0,0,,,,,,,,,,,,0.505874991,1976.77295,0,,,0,3,307.146362,267.322601,38338,DEFAULT,ADAPTIVE,CAR,
1787973284197,3.36882734,1920,unnamed,,NO_POSE,UNKNOWN,0,0,0,0,0,0,0,0,1,0,0,0,0,,,,,,,,,,,,0.497541964,2009.88074,0,,,0,3,307.196869,267.322601,38338,DEFAULT,ADAPTIVE,CAR,
1787973284198,3.36953354,1921,unnamed,,NO_POSE,UNKNOWN,0,0,0,0,0,0,0,0,1,0,0,0,0,,,,,,,,,,,,0.706167042,1416.09558,0,,,0,3,307.248199,267.322601,38338,DEFAULT,ADAPTIVE,CAR,
1787973284198,3.37003088,1922,unnamed,,NO_POSE,UNKNOWN,0,0,0,0,0,0,0,0,1,0,0,0,0,,,,,,,,,,,,0.497290969,2010.89514,0,,,0,3,307.298676,267.322601,38338,DEFAULT,ADAPTIVE,CAR,
1787973284200,3.37135673,1923,unnamed,,NO_POSE,UNKNOWN,0,0,0,0,0,0,0,0,1,0,0,0,0,,,,,,,,,,,,1.32574999,754.290039,0,,,0,3,307.554993,267.322601,38338,DEFAULT,ADAPTIVE,CAR,
1787973284201,3.37215352,1924,unnamed,,NO_POSE,UNKNOWN,0,0,0,0,0,0,0,0,1,0,0,0,0,,,,,,,,,,,,0.796958983,1254.76978,0,,,0,3,307.605499,267.322601,38338,DEFAULT,ADAPTIVE,CAR,
1787973284201,3.37286043,1925,unnamed,,NO_POSE,UNKNOWN,0,0,0,0,0,0,0,0,1,0,0,0,0,,,,,,,,,,,,0.706790984,1414.84534,0,,,0,3,307.656006,267.322601,38338,DEFAULT,ADAPTIVE,CAR,
1787973284202,3.37353182,1926,unnamed,,NO_POSE,UNKNOWN,0,0,0,0,0,0,0,0,1,0,0,0,0,,,,,,,,,,,,0.671375036,1489.48047,0,,,0,3,307.660248,267.322601,38338,DEFAULT,ADAPTIVE,CAR,
1787973284203,3.37414455,1927,unnamed,,NO_POSE,UNKNOWN,0,0,0,0,0,0,0,0,1,0,0,0,0,,,,,,,,,,,,0.612874985,1631.65417,0,,,0,3,307.710175,267.322601,38338,DEFAULT,ADAPTIVE,CAR,
1787973284203,3.37474656,1928,unnamed,,NO_POSE,UNKNOWN,0,0,0,0,0,0,0,0,1,0,0,0,0,,,,,,,,,,,,0.601792037,1661.70374,0,,,0,3,307.760681,267.322601,38338,DEFAULT,ADAPTIVE,CAR,
1787973284204,3.37533665,1929,unnamed,,NO_POSE,UNKNOWN,0,0,0,0,0,0,0,0,1,0,0,0,0,,,,,,,,,,,,0.590291977,1694.0769,0,,,0,3,307.764923,267.322601,38338,DEFAULT,ADAPTIVE,CAR,
1787973284204,3.37593436,1930,unnamed,,NO_POSE,UNKNOWN,0,0,0,0,0,0,0,0,1,0,0,0,0,,,,,,,,,,,,0.597666025,1673.17529,0,,,0,3,307.81485,267.322601,38338,DEFAULT,ADAPTIVE,CAR,
1787973284205,3.37653184,1931,unnamed,,NO_POSE,UNKNOWN,0,0,0,0,0,0,0,0,1,0,0,0,0,,,,,,,,,,,,0.597416997,1673.87268,0,,,0,3,306.376282,267.322601,38338,DEFAULT,ADAPTIVE,CAR,
1787973284206,3.37716222,1932,unnamed,,NO_POSE,UNKNOWN,0,0,0,0,0,0,0,0,1,0,0,0,0,,,,,,,,,,,,0.630417049,1586.25159,0,,,0,3,306.424133,267.322601,38338,DEFAULT,ADAPTIVE,CAR,
1787973284206,3.37783527,1933,unnamed,,NO_POSE,UNKNOWN,0,0,0,0,0,0,0,0,1,0,0,0,0,,,,,,,,,,,,0.673083007,1485.70081,0,,,0,3,306.47464,267.322601,38338,DEFAULT,ADAPTIVE,CAR,
1787973284207,3.3784411,1934,unnamed,,NO_POSE,UNKNOWN,0,0,0,0,0,0,0,0,1,0,0,0,0,,,,,,,,,,,,0.605832994,1650.61987,0,,,0,3,306.525146,267.322601,38338,DEFAULT,ADAPTIVE,CAR,
1787973284207,3.37903142,1935,unnamed,,NO_POSE,UNKNOWN,0,0,0,0,0,0,0,0,1,0,0,0,0,,,,,,,,,,,,0.590166986,1694.43567,0,,,0,3,306.575623,267.322601,38338,DEFAULT,ADAPTIVE,CAR,
1787973284208,3.37974548,1936,unnamed,,NO_POSE,UNKNOWN,0,0,0,0,0,0,0,0,1,0,0,0,0,,,,,,,,,,,,0.714124978,1400.31506,0,,,0,3,306.626129,267.322601,38338,DEFAULT,ADAPTIVE,CAR,
1787973284209,3.38045287,1937,unnamed,,NO_POSE,UNKNOWN,0,0,0,0,0,0,0,0,1,0,0,0,0,,,,,,,,,,,,0.707499981,1413.42761,0,,,0,3,306.676636,267.322601,38338,DEFAULT,ADAPTIVE,CAR,
1787973284210,3.38124514,1938,unnamed,,NO_POSE,UNKNOWN,0,0,0,0,0,0,0,0,1,0,0,0,0,,,,,,,,,,,,0.792124987,1262.427,0,,,0,3,306.727142,267.322601,38338,DEFAULT,ADAPTIVE,CAR,
1787973284210,3.38193703,1939,unnamed,,NO_POSE,UNKNOWN,0,0,0,0,0,0,0,0,1,0,0,0,0,,,,,,,,,,,,0.691999972,1445.08679,0,,,0,3,306.777618,267.322601,38338,DEFAULT,ADAPTIVE,CAR,
1787973284211,3.38253164,1940,unnamed,,NO_POSE,UNKNOWN,0,0,0,0,0,0,0,0,1,0,0,0,0,,,,,,,,,,,,0.594500005,1682.08582,0,,,0,3,306.828156,267.322601,38338,DEFAULT,ADAPTIVE,CAR,
1787973284211,3.38302636,1941,unnamed,,NO_POSE,UNKNOWN,0,0,0,0,0,0,0,0,1,0,0,0,0,,,,,,,,,,,,0.494749993,2021.2229,0,,,0,3,306.832428,267.322601,38338,DEFAULT,ADAPTIVE,CAR,
1787973284212,3.38362908,1942,unnamed,,NO_POSE,UNKNOWN,0,0,0,0,0,0,0,0,1,0,0,0,0,,,,,,,,,,,,0.602792025,1658.94702,0,,,0,3,306.882355,267.322601,38338,DEFAULT,ADAPTIVE,CAR,
1787973284213,3.38424134,1943,unnamed,,NO_POSE,UNKNOWN,0,0,0,0,0,0,0,0,1,0,0,0,0,,,,,,,,,,,,0.61225003,1633.3197,0,,,0,3,306.932831,267.322601,38338,DEFAULT,ADAPTIVE,CAR,
1787973284213,3.38483357,1944,unnamed,,NO_POSE,UNKNOWN,0,0,0,0,0,0,0,0,1,0,0,0,0,,,,,,,,,,,,0.592290998,1688.35925,0,,,0,3,306.983368,267.322601,38338,DEFAULT,ADAPTIVE,CAR,
1787973284214,3.38544798,1945,unnamed,,NO_POSE,UNKNOWN,0,0,0,0,0,0,0,0,1,0,0,0,0,,,,,,,,,,,,0.614291966,1627.89038,0,,,0,3,307.033875,267.322601,38338,DEFAULT,ADAPTIVE,CAR,
1787973284215,3.38614178,1946,unnamed,,NO_POSE,UNKNOWN,0,0,0,0,0,0,0,0,1,0,0,0,0,,,,,,,,,,,,0.693916976,1441.0946,0,,,0,3,307.084381,267.322601,38338,DEFAULT,ADAPTIVE,CAR,
1787973284215,3.38674521,1947,unnamed,,NO_POSE,UNKNOWN,0,0,0,0,0,0,0,0,1,0,0,0,0,,,,,,,,,,,,0.603375018,1657.34399,0,,,0,3,307.134888,267.322601,38338,DEFAULT,ADAPTIVE,CAR,
1787973284216,3.38734937,1948,unnamed,,NO_POSE,UNKNOWN,0,0,0,0,0,0,0,0,1,0,0,0,0,,,,,,,,,,,,0.603999972,1655.62915,0,,,0,3,307.185364,267.322601,38338,DEFAULT,ADAPTIVE,CAR,
1787973284216,3.38803196,1949,unnamed,,NO_POSE,UNKNOWN,0,0,0,0,0,0,0,0,1,0,0,0,0,,,,,,,,,,,,0.682707965,1464.75513,0,,,0,3,307.23587,267.322601,38338,DEFAULT,ADAPTIVE,CAR,
1787973284217,3.38874817,1950,unnamed,,NO_POSE,UNKNOWN,0,0,0,0,0,0,0,0,1,0,0,0,0,,,,,,,,,,,,0.716292024,1396.07874,0,,,0,3,307.286377,267.322601,38338,DEFAULT,ADAPTIVE,CAR,
1787973284218,3.38954902,1951,unnamed,,NO_POSE,UNKNOWN,0,0,0,0,0,0,0,0,1,0,0,0,0,,,,,,,,,,,,0.800749958,1248.82922,0,,,0,3,307.336884,267.322601,38338,DEFAULT,ADAPTIVE,CAR,
1787973284219,3.39023542,1952,unnamed,,NO_POSE,UNKNOWN,0,0,0,0,0,0,0,0,1,0,0,0,0,,,,,,,,,,,,0.68641597,1456.84253,0,,,0,3,307.38736,267.322601,38338,DEFAULT,ADAPTIVE,CAR,
1787973284219,3.39084697,1953,unnamed,,NO_POSE,UNKNOWN,0,0,0,0,0,0,0,0,1,0,0,0,0,,,,,,,,,,,,0.611500025,1635.323,0,,,0,3,307.437866,267.322601,38338,DEFAULT,ADAPTIVE,CAR,
1787973284220,3.3915441,1954,unnamed,,NO_POSE,UNKNOWN,0,0,0,0,0,0,0,0,1,0,0,0,0,,,,,,,,,,,,0.697166979,1434.37659,0,,,0,3,307.488373,267.322601,38338,DEFAULT,ADAPTIVE,CAR,
1787973284221,3.39214015,1955,unnamed,,NO_POSE,UNKNOWN,0,0,0,0,0,0,0,0,1,0,0,0,0,,,,,,,,,,,,0.596000016,1677.85229,0,,,0,3,307.538879,267.322601,38338,DEFAULT,ADAPTIVE,CAR,
1787973284221,3.39285135,1956,unnamed,,NO_POSE,UNKNOWN,0,0,0,0,0,0,0,0,1,0,0,0,0,,,,,,,,,,,,0.711250007,1405.97534,0,,,0,3,306.395447,267.322601,38338,DEFAULT,ADAPTIVE,CAR,
1787973284222,3.39354753,1957,unnamed,,NO_POSE,UNKNOWN,0,0,0,0,0,0,0,0,1,0,0,0,0,,,,,,,,,,,,0.696083009,1436.61023,0,,,0,3,306.445953,267.322601,38338,DEFAULT,ADAPTIVE,CAR,
1787973284223,3.39424109,1958,unnamed,,NO_POSE,UNKNOWN,0,0,0,0,0,0,0,0,1,0,0,0,0,,,,,,,,,,,,0.693666995,1441.61401,0,,,0,3,306.49646,267.322601,38338,DEFAULT,ADAPTIVE,CAR,
1787973284223,3.39484048,1959,unnamed,,NO_POSE,UNKNOWN,0,0,0,0,0,0,0,0,1,0,0,0,0,,,,,,,,,,,,0.59937501,1668.40466,0,,,0,3,306.546967,267.322601,38338,DEFAULT,ADAPTIVE,CAR,
1787973284224,3.395432,1960,unnamed,,NO_POSE,UNKNOWN,0,0,0,0,0,0,0,0,1,0,0,0,0,,,,,,,,,,,,0.591458023,1690.73718,0,,,0,3,306.597473,267.322601,38338,DEFAULT,ADAPTIVE,CAR,
1787973284225,3.39604449,1961,unnamed,,NO_POSE,UNKNOWN,0,0,0,0,0,0,0,0,1,0,0,0,0,,,,,,,,,,,,0.612583995,1632.4292,0,,,0,3,306.64798,267.322601,38338,DEFAULT,ADAPTIVE,CAR,
1787973284225,3.39671564,1962,unnamed,,NO_POSE,UNKNOWN,0,0,0,0,0,0,0,0,1,0,0,0,0,,,,,,,,,,,,0.671124995,1490.0354,0,,,0,3,306.698456,267.322601,38338,DEFAULT,ADAPTIVE,CAR,
1787973284226,3.39747453,1963,unnamed,,NO_POSE,UNKNOWN,0,0,0,0,0,0,0,0,1,0,0,0,0,,,,,,,,,,,,0.75879097,1317.88599,0,,,0,3,306.748962,267.322601,38338,DEFAULT,ADAPTIVE,CAR,
1787973284227,3.39813876,1964,unnamed,,NO_POSE,UNKNOWN,0,0,0,0,0,0,0,0,1,0,0,0,0,,,,,,,,,,,,0.664292037,1505.36206,0,,,0,3,306.799469,267.322601,38338,DEFAULT,ADAPTIVE,CAR,
1787973284227,3.39873528,1965,unnamed,,NO_POSE,UNKNOWN,0,0,0,0,0,0,0,0,1,0,0,0,0,,,,,,,,,,,,0.596457958,1676.56409,0,,,0,3,306.850006,267.322601,38338,DEFAULT,ADAPTIVE,CAR,
1787973284228,3.39934826,1966,unnamed,,NO_POSE,UNKNOWN,0,0,0,0,0,0,0,0,1,0,0,0,0,,,,,,,,,,,,0.61320895,1630.76538,0,,,0,3,306.900513,267.322601,38338,DEFAULT,ADAPTIVE,CAR,
1787973284228,3.3999474,1967,unnamed,,NO_POSE,UNKNOWN,0,0,0,0,0,0,0,0,1,0,0,0,0,,,,,,,,,,,,0.599124968,1669.10083,0,,,0,3,306.950989,267.322601,38338,DEFAULT,ADAPTIVE,CAR,
1787973284229,3.40064955,1968,unnamed,,NO_POSE,UNKNOWN,0,0,0,0,0,0,0,0,1,0,0,0,0,,,,,,,,,,,,0.702125013,1424.2478,0,,,0,3,307.001526,267.322601,38338,DEFAULT,ADAPTIVE,CAR,
1787973284230,3.40122914,1969,unnamed,,NO_POSE,UNKNOWN,0,0,0,0,0,0,0,0,1,0,0,0,0,,,,,,,,,,,,0.57962501,1725.2533,0,,,0,3,307.052032,267.322601,38338,DEFAULT,ADAPTIVE,CAR,
1787973284230,3.40184116,1970,unnamed,,NO_POSE,UNKNOWN,0,0,0,0,0,0,0,0,1,0,0,0,0,,,,,,,,,,,,0.611916006,1634.21118,0,,,0,3,307.102509,267.322601,38338,DEFAULT,ADAPTIVE,CAR,
1787973284231,3.40243411,1971,unnamed,,NO_POSE,UNKNOWN,0,0,0,0,0,0,0,0,1,0,0,0,0,,,,,,,,,,,,0.592833996,1686.81274,0,,,0,3,307.153015,267.322601,38338,DEFAULT,ADAPTIVE,CAR,
1787973284231,3.40291739,1972,unnamed,,NO_POSE,UNKNOWN,0,0,0,0,0,0,0,0,1,0,0,0,0,,,,,,,,,,,,0.483500004,2068.2522,0,,,0,3,307.203522,267.322601,38338,DEFAULT,ADAPTIVE,CAR,
1787973284232,3.40343451,1973,unnamed,,NO_POSE,UNKNOWN,0,0,0,0,0,0,0,0,1,0,0,0,0,,,,,,,,,,,,0.517041028,1934.08252,0,,,0,3,307.254028,267.322601,38338,DEFAULT,ADAPTIVE,CAR,
1787973284232,3.40403628,1974,unnamed,,NO_POSE,UNKNOWN,0,0,0,0,0,0,0,0,1,0,0,0,0,,,,,,,,,,,,0.601666987,1662.04895,0,,,0,3,307.304504,267.322601,38338,DEFAULT,ADAPTIVE,CAR,
1787973284233,3.40468907,1975,unnamed,,NO_POSE,UNKNOWN,0,0,0,0,0,0,0,0,1,0,0,0,0,,,,,,,,,,,,0.652833045,1531.78528,0,,,0,3,307.355042,267.322601,38338,DEFAULT,ADAPTIVE,CAR,
1787973284234,3.40547156,1976,unnamed,,NO_POSE,UNKNOWN,0,0,0,0,0,0,0,0,1,0,0,0,0,,,,,,,,,,,,0.782416999,1278.09082,0,,,0,3,307.405548,267.322601,38338,DEFAULT,ADAPTIVE,CAR,
1787973284235,3.40628219,1977,unnamed,,NO_POSE,UNKNOWN,0,0,0,0,0,0,0,0,1,0,0,0,0,,,,,,,,,,,,0.810791969,1233.36194,0,,,0,3,307.456055,267.322601,38338,DEFAULT,ADAPTIVE,CAR,
1787973284236,3.40715003,1978,unnamed,,NO_POSE,UNKNOWN,0,0,0,0,0,0,0,0,1,0,0,0,0,,,,,,,,,,,,0.867832959,1152.29541,0,,,0,3,307.506561,267.322601,38338,DEFAULT,ADAPTIVE,CAR,
1787973284236,3.4078629,1979,unnamed,,NO_POSE,UNKNOWN,0,0,0,0,0,0,0,0,1,0,0,0,0,,,,,,,,,,,,0.712791979,1402.93384,0,,,0,3,307.557037,267.322601,38338,DEFAULT,ADAPTIVE,CAR,
1787973284237,3.40853643,1980,unnamed,,NO_POSE,UNKNOWN,0,0,0,0,0,0,0,0,1,0,0,0,0,,,,,,,,,,,,0.673624992,1484.50549,0,,,0,3,307.607544,267.322601,38338,DEFAULT,ADAPTIVE,CAR,
1787973284238,3.40913725,1981,unnamed,,NO_POSE,UNKNOWN,0,0,0,0,0,0,0,0,1,0,0,0,0,,,,,,,,,,,,0.600708008,1664.70227,0,,,0,3,307.658051,267.322601,38338,DEFAULT,ADAPTIVE,CAR,
1787973284238,3.40973806,1982,unnamed,,NO_POSE,UNKNOWN,0,0,0,0,0,0,0,0,1,0,0,0,0,,,,,,,,,,,,0.600749969,1664.58606,0,,,0,3,307.708557,267.322601,38338,DEFAULT,ADAPTIVE,CAR,
1787973284239,3.41033411,1983,unnamed,,NO_POSE,UNKNOWN,0,0,0,0,0,0,0,0,1,0,0,0,0,,,,,,,,,,,,0.596166968,1677.38232,0,,,0,3,307.759033,267.322601,38338,DEFAULT,ADAPTIVE,CAR,
1787973284239,3.41093779,1984,unnamed,,NO_POSE,UNKNOWN,0,0,0,0,0,0,0,0,1,0,0,0,0,,,,,,,,,,,,0.60374999,1656.3147,0,,,0,3,307.80954,267.322601,38338,DEFAULT,ADAPTIVE,CAR,
1787973284240,3.41154599,1985,unnamed,,NO_POSE,UNKNOWN,0,0,0,0,0,0,0,0,1,0,0,0,0,,,,,,,,,,,,0.60808295,1644.51245,0,,,0,3,307.860046,267.322601,38338,DEFAULT,ADAPTIVE,CAR,
1787973284241,3.41224241,1986,unnamed,,NO_POSE,UNKNOWN,0,0,0,0,0,0,0,0,1,0,0,0,0,,,,,,,,,,,,0.696541965,1435.6637,0,,,0,3,306.719055,267.322601,38338,DEFAULT,ADAPTIVE,CAR,
1787973284241,3.41298461,1987,unnamed,,NO_POSE,UNKNOWN,0,0,0,0,0,0,0,0,1,0,0,0,0,,,,,,,,,,,,0.742040992,1347.63452,0,,,0,3,306.764282,267.322601,38338,DEFAULT,ADAPTIVE,CAR,
1787973284242,3.41374969,1988,unnamed,,NO_POSE,UNKNOWN,0,0,0,0,0,0,0,0,1,0,0,0,0,,,,,,,,,,,,0.765083969,1307.04602,0,,,0,3,306.814789,267.322601,38338,DEFAULT,ADAPTIVE,CAR,
1787973284243,3.41445208,1989,unnamed,,NO_POSE,UNKNOWN,0,0,0,0,0,0,0,0,1,0,0,0,0,,,,,,,,,,,,0.702416003,1423.65771,0,,,0,3,306.865295,267.322601,38338,DEFAULT,ADAPTIVE,CAR,
1787973284244,3.41514921,1990,unnamed,,NO_POSE,UNKNOWN,0,0,0,0,0,0,0,0,1,0,0,0,0,,,,,,,,,,,,0.697166979,1434.37659,0,,,0,3,306.915802,267.322601,38338,DEFAULT,ADAPTIVE,CAR,
1787973284244,3.41573477,1991,unnamed,,NO_POSE,UNKNOWN,0,0,0,0,0,0,0,0,1,0,0,0,0,,,,,,,,,,,,0.585542023,1707.81946,0,,,0,3,306.919464,267.322601,38338,DEFAULT,ADAPTIVE,CAR,
1787973284245,3.4163425,1992,unnamed,,NO_POSE,UNKNOWN,0,0,0,0,0,0,0,0,1,0,0,0,0,,,,,,,,,,,,0.607665956,1645.64087,0,,,0,3,306.970001,267.322601,38338,DEFAULT,ADAPTIVE,CAR,
1787973284245,3.41694713,1993,unnamed,,NO_POSE,UNKNOWN,0,0,0,0,0,0,0,0,1,0,0,0,0,,,,,,,,,,,,0.604667008,1653.80286,0,,,0,3,307.020508,267.322601,38338,DEFAULT,ADAPTIVE,CAR,
1787973284246,3.41777062,1994,unnamed,,NO_POSE,UNKNOWN,0,0,0,0,0,0,0,0,1,0,0,0,0,,,,,,,,,,,,0.823625028,1214.14478,0,,,0,3,307.071014,267.322601,38338,DEFAULT,ADAPTIVE,CAR,
1787973284247,3.41846108,1995,unnamed,,NO_POSE,UNKNOWN,0,0,0,0,0,0,0,0,1,0,0,0,0,,,,,,,,,,,,0.690458,1448.31409,0,,,0,3,307.121521,267.322601,38338,DEFAULT,ADAPTIVE,CAR,
1787973284248,3.41914892,1996,unnamed,,NO_POSE,UNKNOWN,0,0,0,0,0,0,0,0,1,0,0,0,0,,,,,,,,,,,,0.687792003,1453.92786,0,,,0,3,307.172028,267.322601,38338,DEFAULT,ADAPTIVE,CAR,
1787973284248,3.41973186,1997,unnamed,,NO_POSE,UNKNOWN,0,0,0,0,0,0,0,0,1,0,0,0,0,,,,,,,,,,,,0.582875013,1715.63379,0,,,0,3,307.222534,267.322601,38338,DEFAULT,ADAPTIVE,CAR,
1787973284249,3.42034101,1998,unnamed,,NO_POSE,UNKNOWN,0,0,0,0,0,0,0,0,1,0,0,0,0,,,,,,,,,,,,0.609250009,1641.36243,0,,,0,3,307.273041,267.322601,38338,DEFAULT,ADAPTIVE,CAR,
1787973284249,3.42093897,1999,unnamed,,NO_POSE,UNKNOWN,0,0,0,0,0,0,0,0,1,0,0,0,0,,,,,,,,,,,,0.59779197,1672.82275,0,,,0,3,307.323517,267.322601,38338,DEFAULT,ADAPTIVE,CAR,
1787973284250,3.42166519,2000,unnamed,,NO_POSE,UNKNOWN,0,0,0,0,0,0,0,0,1,0,0,0,0,,,,,,,,,,,,0.726207972,1377.01599,0,,,0,3,307.374023,267.322601,38338,DEFAULT,ADAPTIVE,CAR,
1787973284251,3.42246151,2001,unnamed,,NO_POSE,UNKNOWN,0,0,0,0,0,0,0,0,1,0,0,0,0,,,,,,,,,,,,0.796541989,1255.42664,0,,,0,3,307.42453,267.322601,38338,DEFAULT,ADAPTIVE,CAR,
1787973284252,3.42313004,2002,unnamed,,NO_POSE,UNKNOWN,0,0,0,0,0,0,0,0,1,0,0,0,0,,,,,,,,,,,,0.668375015,1496.16614,0,,,0,3,307.475067,267.322601,38338,DEFAULT,ADAPTIVE,CAR,
1787973284252,3.42385077,2003,unnamed,,NO_POSE,UNKNOWN,0,0,0,0,0,0,0,0,1,0,0,0,0,,,,,,,,,,,,0.720708013,1387.52454,0,,,0,3,307.525574,267.322601,38338,DEFAULT,ADAPTIVE,CAR,
1787973284253,3.42464566,2004,unnamed,,NO_POSE,UNKNOWN,0,0,0,0,0,0,0,0,1,0,0,0,0,,,,,,,,,,,,0.794875026,1258.05945,0,,,0,3,307.57605,267.322601,38338,DEFAULT,ADAPTIVE,CAR,
1787973284254,3.42523646,2005,unnamed,,NO_POSE,UNKNOWN,0,0,0,0,0,0,0,0,1,0,0,0,0,,,,,,,,,,,,0.59087497,1692.4054,0,,,0,3,307.626556,267.322601,38338,DEFAULT,ADAPTIVE,CAR,
1787973284254,3.42584896,2006,unnamed,,NO_POSE,UNKNOWN,0,0,0,0,0,0,0,0,1,0,0,0,0,,,,,,,,,,,,0.612500012,1632.65308,0,,,0,3,307.677063,267.322601,38338,DEFAULT,ADAPTIVE,CAR,
1787973284255,3.4265337,2007,unnamed,,NO_POSE,UNKNOWN,0,0,0,0,0,0,0,0,1,0,0,0,0,,,,,,,,,,,,0.684749961,1460.38708,0,,,0,3,307.72757,267.322601,38338,DEFAULT,ADAPTIVE,CAR,
1787973284256,3.42714262,2008,unnamed,,NO_POSE,UNKNOWN,0,0,0,0,0,0,0,0,1,0,0,0,0,,,,,,,,,,,,0.608999968,1642.03613,0,,,0,3,307.778046,267.322601,38338,DEFAULT,ADAPTIVE,CAR,
1787973284256,3.42773271,2009,unnamed,,NO_POSE,UNKNOWN,0,0,0,0,0,0,0,0,1,0,0,0,0,,,,,,,,,,,,0.589958012,1695.03601,0,,,0,3,306.341797,267.322601,38338,DEFAULT,ADAPTIVE,CAR,
1787973284257,3.42833614,2010,unnamed,,NO_POSE,UNKNOWN,0,0,0,0,0,0,0,0,1,0,0,0,0,,,,,,,,,,,,0.603500009,1657.00085,0,,,0,3,306.381744,267.322601,38338,DEFAULT,ADAPTIVE,CAR,
1787973284257,3.42894506,2011,unnamed,,NO_POSE,UNKNOWN,0,0,0,0,0,0,0,0,1,0,0,0,0,,,,,,,,,,,,0.608916998,1642.26001,0,,,0,3,306.432251,267.322601,38338,DEFAULT,ADAPTIVE,CAR,
1787973284258,3.42969871,2012,unnamed,,NO_POSE,UNKNOWN,0,0,0,0,0,0,0,0,1,0,0,0,0,,,,,,,,,,,,0.753542006,1327.06604,0,,,0,3,306.482758,267.322601,38338,DEFAULT,ADAPTIVE,CAR,
1787973284259,3.43033791,2013,unnamed,,NO_POSE,UNKNOWN,0,0,0,0,0,0,0,0,1,0,0,0,0,,,,,,,,,,,,0.639208019,1564.43591,0,,,0,3,306.533844,267.322601,38338,DEFAULT,ADAPTIVE,CAR,
1787973284259,3.43094182,2014,unnamed,,NO_POSE,UNKNOWN,0,0,0,0,0,0,0,0,1,0,0,0,0,,,,,,,,,,,,0.604083002,1655.40161,0,,,0,3,306.583771,267.322601,38338,DEFAULT,ADAPTIVE,CAR,
1787973284260,3.43154216,2015,unnamed,,NO_POSE,UNKNOWN,0,0,0,0,0,0,0,0,1,0,0,0,0,,,,,,,,,,,,0.600249946,1665.97253,0,,,0,3,306.634277,267.322601,38338,DEFAULT,ADAPTIVE,CAR,
1787973284261,3.43213463,2016,unnamed,,NO_POSE,UNKNOWN,0,0,0,0,0,0,0,0,1,0,0,0,0,,,,,,,,,,,,0.592541993,1687.64404,0,,,0,3,306.684784,267.322601,38338,DEFAULT,ADAPTIVE,CAR,
1787973284261,3.43274164,2017,unnamed,,NO_POSE,UNKNOWN,0,0,0,0,0,0,0,0,1,0,0,0,0,,,,,,,,,,,,0.606957972,1647.56042,0,,,0,3,306.73526,267.322601,38338,DEFAULT,ADAPTIVE,CAR,
1787973284262,3.43334103,2018,unnamed,,NO_POSE,UNKNOWN,0,0,0,0,0,0,0,0,1,0,0,0,0,,,,,,,,,,,,0.59929198,1668.63574,0,,,0,3,306.785767,267.322601,38338,DEFAULT,ADAPTIVE,CAR,
1787973284262,3.43393826,2019,unnamed,,NO_POSE,UNKNOWN,0,0,0,0,0,0,0,0,1,0,0,0,0,,,,,,,,,,,,0.597207963,1674.4585,0,,,0,3,306.836304,267.322601,38338,DEFAULT,ADAPTIVE,CAR,
1787973284263,3.43454003,2020,unnamed,,NO_POSE,UNKNOWN,0,0,0,0,0,0,0,0,1,0,0,0,0,,,,,,,,,,,,0.601749957,1661.8197,0,,,0,3,306.88681,267.322601,38338,DEFAULT,ADAPTIVE,CAR,
1787973284264,3.43514013,2021,unnamed,,NO_POSE,UNKNOWN,0,0,0,0,0,0,0,0,1,0,0,0,0,,,,,,,,,,,,0.600334048,1665.73938,0,,,0,3,306.937317,267.322601,38338,DEFAULT,ADAPTIVE,CAR,
1787973284264,3.43562961,2022,unnamed,,NO_POSE,UNKNOWN,0,0,0,0,0,0,0,0,1,0,0,0,0,,,,,,,,,,,,0.489416003,2043.25146,0,,,0,3,306.987793,267.322601,38338,DEFAULT,ADAPTIVE,CAR,
1787973284265,3.436239,2023,unnamed,,NO_POSE,UNKNOWN,0,0,0,0,0,0,0,0,1,0,0,0,0,,,,,,,,,,,,0.60929203,1641.24915,0,,,0,3,307.0383,267.322601,38338,DEFAULT,ADAPTIVE,CAR,
1787973284265,3.43684459,2024,unnamed,,NO_POSE,UNKNOWN,0,0,0,0,0,0,0,0,1,0,0,0,0,,,,,,,,,,,,0.605624974,1651.18689,0,,,0,3,307.088806,267.322601,38338,DEFAULT,ADAPTIVE,CAR,
1787973284266,3.4374392,2025,unnamed,,NO_POSE,UNKNOWN,0,0,0,0,0,0,0,0,1,0,0,0,0,,,,,,,,,,,,0.594582975,1681.85095,0,,,0,3,307.139313,267.322601,38338,DEFAULT,ADAPTIVE,CAR,
1787973284267,3.43807554,2026,unnamed,,NO_POSE,UNKNOWN,0,0,0,0,0,0,0,0,1,0,0,0,0,,,,,,,,,,,,0.636417031,1571.29675,0,,,0,3,307.189819,267.322601,38338,DEFAULT,ADAPTIVE,CAR,
1787973284267,3.43875122,2027,unnamed,,NO_POSE,UNKNOWN,0,0,0,0,0,0,0,0,1,0,0,0,0,,,,,,,,,,,,0.675541997,1480.29285,0,,,0,3,307.240326,267.322601,38338,DEFAULT,ADAPTIVE,CAR,
1787973284268,3.4394629,2028,unnamed,,NO_POSE,UNKNOWN,0,0,0,0,0,0,0,0,1,0,0,0,0,,,,,,,,,,,,0.711750031,1404.98767,0,,,0,3,307.290802,267.322601,38338,DEFAULT,ADAPTIVE,CAR,
1787973284269,3.44015193,2029,unnamed,,NO_POSE,UNKNOWN,0,0,0,0,0,0,0,0,1,0,0,0,0,,,,,,,,,,,,0.68900001,1451.37878,0,,,0,3,307.341888,267.322601,38338,DEFAULT,ADAPTIVE,CAR,
1787973284269,3.44083691,2030,unnamed,,NO_POSE,UNKNOWN,0,0,0,0,0,0,0,0,1,0,0,0,0,,,,,,,,,,,,0.684957981,1459.94348,0,,,0,3,307.391815,267.322601,38338,DEFAULT,ADAPTIVE,CAR,
1787973284270,3.44144869,2031,unnamed,,NO_POSE,UNKNOWN,0,0,0,0,0,0,0,0,1,0,0,0,0,,,,,,,,,,,,0.611917019,1634.20862,0,,,0,3,307.442322,267.322601,38338,DEFAULT,ADAPTIVE,CAR,
1787973284271,3.44206333,2032,unnamed,,NO_POSE,UNKNOWN,0,0,0,0,0,0,0,0,1,0,0,0,0,,,,,,,,,,,,0.614540994,1627.23071,0,,,0,3,307.445984,267.322601,38338,DEFAULT,ADAPTIVE,CAR,
1787973284271,3.44263458,2033,unnamed,,NO_POSE,UNKNOWN,0,0,0,0,0,0,0,0,1,0,0,0,0,,,,,,,,,,,,0.571334004,1750.28979,0,,,0,3,307.49649,267.322601,38338,DEFAULT,ADAPTIVE,CAR,
1787973284272,3.44325447,2034,unnamed,,NO_POSE,UNKNOWN,0,0,0,0,0,0,0,0,1,0,0,0,0,,,,,,,,,,,,0.619790971,1613.44714,0,,,0,3,306.355621,267.322601,38338,DEFAULT,ADAPTIVE,CAR,
1787973284272,3.44393206,2035,unnamed,,NO_POSE,UNKNOWN,0,0,0,0,0,0,0,0,1,0,0,0,0,,,,,,,,,,,,0.677542031,1475.92322,0,,,0,3,306.403473,267.322601,38338,DEFAULT,ADAPTIVE,CAR,
1787973284273,3.44454503,2036,unnamed,,NO_POSE,UNKNOWN,0,0,0,0,0,0,0,0,1,0,0,0,0,,,,,,,,,,,,0.613083005,1631.10046,0,,,0,3,306.45401,267.322601,38338,DEFAULT,ADAPTIVE,CAR,
1787973284274,3.44523883,2037,unnamed,,NO_POSE,UNKNOWN,0,0,0,0,0,0,0,0,1,0,0,0,0,,,,,,,,,,,,0.693791986,1441.35413,0,,,0,3,306.504517,267.322601,38338,DEFAULT,ADAPTIVE,CAR,
1787973284274,3.44583106,2038,unnamed,,NO_POSE,UNKNOWN,0,0,0,0,0,0,0,0,1,0,0,0,0,,,,,,,,,,,,0.592250049,1688.47607,0,,,0,3,306.555023,267.322601,38338,DEFAULT,ADAPTIVE,CAR,
1787973284275,3.44648051,2039,unnamed,,NO_POSE,UNKNOWN,0,0,0,0,0,0,0,0,1,0,0,0,0,,,,,,,,,,,,0.649416983,1539.84265,0,,,0,3,306.60553,267.322601,38338,DEFAULT,ADAPTIVE,CAR,
1787973284276,3.44724822,2040,unnamed,,NO_POSE,UNKNOWN,0,0,0,0,0,0,0,0,1,0,0,0,0,,,,,,,,,,,,0.767708004,1302.57861,0,,,0,3,306.656036,267.322601,38338,DEFAULT,ADAPTIVE,CAR,
1787973284277,3.4480474,2041,unnamed,,NO_POSE,UNKNOWN,0,0,0,0,0,0,0,0,1,0,0,0,0,,,,,,,,,,,,0.799207985,1251.23877,0,,,0,3,306.707367,267.322601,38338,DEFAULT,ADAPTIVE,CAR,
1787973284277,3.44873738,2042,unnamed,,NO_POSE,UNKNOWN,0,0,0,0,0,0,0,0,1,0,0,0,0,,,,,,,,,,,,0.68995899,1449.36157,0,,,0,3,306.757874,267.322601,38338,DEFAULT,ADAPTIVE,CAR,
1787973284278,3.44933295,2043,unnamed,,NO_POSE,UNKNOWN,0,0,0,0,0,0,0,0,1,0,0,0,0,,,,,,,,,,,,0.595541,1679.14563,0,,,0,3,306.80896,267.322601,38338,DEFAULT,ADAPTIVE,CAR,
1787973284278,3.44995737,2044,unnamed,,NO_POSE,UNKNOWN,0,0,0,0,0,0,0,0,1,0,0,0,0,,,,,,,,,,,,0.624417007,1601.4939,0,,,0,3,306.858856,267.322601,38338,DEFAULT,ADAPTIVE,CAR,
1787973284279,3.45052886,2045,unnamed,,NO_POSE,UNKNOWN,0,0,0,0,0,0,0,0,1,0,0,0,0,,,,,,,,,,,,0.571582973,1749.52722,0,,,0,3,306.909363,267.322601,38338,DEFAULT,ADAPTIVE,CAR,
1787973284280,3.45115089,2046,unnamed,,NO_POSE,UNKNOWN,0,0,0,0,0,0,0,0,1,0,0,0,0,,,,,,,,,,,,0.622042,1607.60852,0,,,0,3,306.959869,267.322601,38338,DEFAULT,ADAPTIVE,CAR,
1787973284280,3.45183706,2047,unnamed,,NO_POSE,UNKNOWN,0,0,0,0,0,0,0,0,1,0,0,0,0,,,,,,,,,,,,0.68599999,1457.72595,0,,,0,3,307.010376,267.322601,38338,DEFAULT,ADAPTIVE,CAR,
1787973284281,3.45244932,2048,unnamed,,NO_POSE,UNKNOWN,0,0,0,0,0,0,0,0,1,0,0,0,0,,,,,,,,,,,,0.612416983,1632.87427,0,,,0,3,307.060852,267.322601,38338,DEFAULT,ADAPTIVE,CAR,
1787973284282,3.45314574,2049,unnamed,,NO_POSE,UNKNOWN,0,0,0,0,0,0,0,0,1,0,0,0,0,,,,,,,,,,,,0.69641602,1435.92334,0,,,0,3,307.111359,267.322601,38338,DEFAULT,ADAPTIVE,CAR,
1787973284282,3.45373797,2050,unnamed,,NO_POSE,UNKNOWN,0,0,0,0,0,0,0,0,1,0,0,0,0,,,,,,,,,,,,0.592250049,1688.47607,0,,,0,3,307.161865,267.322601,38338,DEFAULT,ADAPTIVE,CAR,
1787973284283,3.45434189,2051,unnamed,,NO_POSE,UNKNOWN,0,0,0,0,0,0,0,0,1,0,0,0,0,,,,,,,,,,,,0.603833973,1656.08435,0,,,0,3,307.165527,267.322601,38338,DEFAULT,ADAPTIVE,CAR,
1787973284284,3.45511246,2052,unnamed,,NO_POSE,UNKNOWN,0,0,0,0,0,0,0,0,1,0,0,0,0,,,,,,,,,,,,0.770624995,1297.64795,0,,,0,3,307.216064,267.322601,38338,DEFAULT,ADAPTIVE,CAR,
1787973284284,3.45585346,2053,unnamed,,NO_POSE,UNKNOWN,0,0,0,0,0,0,0,0,1,0,0,0,0,,,,,,,,,,,,0.740875006,1349.75537,0,,,0,3,307.266541,267.322601,38338,DEFAULT,ADAPTIVE,CAR,
1787973284285,3.45666265,2054,unnamed,,NO_POSE,UNKNOWN,0,0,0,0,0,0,0,0,1,0,0,0,0,,,,,,,,,,,,0.809208035,1235.77612,0,,,0,3,307.317108,267.322601,38338,DEFAULT,ADAPTIVE,CAR,
1787973284286,3.4573493,2055,unnamed,,NO_POSE,UNKNOWN,0,0,0,0,0,0,0,0,1,0,0,0,0,,,,,,,,,,,,0.686708033,1456.22302,0,,,0,3,307.367615,267.322601,38338,DEFAULT,ADAPTIVE,CAR,
1787973284286,3.45792985,2056,unnamed,,NO_POSE,UNKNOWN,0,0,0,0,0,0,0,0,1,0,0,0,0,,,,,,,,,,,,0.580500007,1722.65295,0,,,0,3,307.418121,267.322601,38338,DEFAULT,ADAPTIVE,CAR,
1787973284287,3.45853281,2057,unnamed,,NO_POSE,UNKNOWN,0,0,0,0,0,0,0,0,1,0,0,0,0,,,,,,,,,,,,0.602999985,1658.37476,0,,,0,3,307.468658,267.322601,38338,DEFAULT,ADAPTIVE,CAR,
1787973284288,3.45913267,2058,unnamed,,NO_POSE,UNKNOWN,0,0,0,0,0,0,0,0,1,0,0,0,0,,,,,,,,,,,,0.599959016,1666.78064,0,,,0,3,306.015137,267.322601,38338,DEFAULT,ADAPTIVE,CAR,
1787973284288,3.45973897,2059,unnamed,,NO_POSE,UNKNOWN,0,0,0,0,0,0,0,0,1,0,0,0,0,,,,,,,,,,,,0.606124997,1649.82471,0,,,0,3,306.065643,267.322601,38338,DEFAULT,ADAPTIVE,CAR,
1787973284289,3.46034861,2060,unnamed,,NO_POSE,UNKNOWN,0,0,0,0,0,0,0,0,1,0,0,0,0,,,,,,,,,,,,0.609833002,1639.79321,0,,,0,3,306.11615,267.322601,38338,DEFAULT,ADAPTIVE,CAR,
1787973284289,3.4609344,2061,unnamed,,NO_POSE,UNKNOWN,0,0,0,0,0,0,0,0,1,0,0,0,0,,,,,,,,,,,,0.585749984,1707.21301,0,,,0,3,306.166656,267.322601,38338,DEFAULT,ADAPTIVE,CAR,
1787973284290,3.46153617,2062,unnamed,,NO_POSE,UNKNOWN,0,0,0,0,0,0,0,0,1,0,0,0,0,,,,,,,,,,,,0.601749957,1661.8197,0,,,0,3,306.217163,267.322601,38338,DEFAULT,ADAPTIVE,CAR,
1787973284290,3.46203446,2063,unnamed,,NO_POSE,UNKNOWN,0,0,0,0,0,0,0,0,1,0,0,0,0,,,,,,,,,,,,0.498250008,2007.02454,0,,,0,3,306.221497,267.322601,38338,DEFAULT,ADAPTIVE,CAR,
1787973284291,3.46265101,2064,unnamed,,NO_POSE,UNKNOWN,0,0,0,0,0,0,0,0,1,0,0,0,0,,,,,,,,,,,,0.616457999,1622.17053,0,,,0,3,306.271332,267.322601,38338,DEFAULT,ADAPTIVE,CAR,
1787973284292,3.46333194,2065,unnamed,,NO_POSE,UNKNOWN,0,0,0,0,0,0,0,0,1,0,0,0,0,,,,,,,,,,,,0.680999994,1468.42871,0,,,0,3,306.321838,267.322601,38338,DEFAULT,ADAPTIVE,CAR,
1787973284293,3.46404505,2066,unnamed,,NO_POSE,UNKNOWN,0,0,0,0,0,0,0,0,1,0,0,0,0,,,,,,,,,,,,0.713083982,1402.35925,0,,,0,3,306.372345,267.322601,38338,DEFAULT,ADAPTIVE,CAR,
1787973284293,3.46463799,2067,unnamed,,NO_POSE,UNKNOWN,0,0,0,0,0,0,0,0,1,0,0,0,0,,,,,,,,,,,,0.593041003,1686.224,0,,,0,3,306.422821,267.322601,38338,DEFAULT,ADAPTIVE,CAR,
1787973284294,3.4652338,2068,unnamed,,NO_POSE,UNKNOWN,0,0,0,0,0,0,0,0,1,0,0,0,0,,,,,,,,,,,,0.595875025,1678.20422,0,,,0,3,306.473328,267.322601,38338,DEFAULT,ADAPTIVE,CAR,
1787973284294,3.46583772,2069,unnamed,,NO_POSE,UNKNOWN,0,0,0,0,0,0,0,0,1,0,0,0,0,,,,,,,,,,,,0.603709042,1656.42712,0,,,0,3,306.523834,267.322601,38338,DEFAULT,ADAPTIVE,CAR,
1787973284295,3.46644187,2070,unnamed,,NO_POSE,UNKNOWN,0,0,0,0,0,0,0,0,1,0,0,0,0,,,,,,,,,,,,0.604250014,1654.94409,0,,,0,3,306.574341,267.322601,38338,DEFAULT,ADAPTIVE,CAR,
1787973284296,3.46713662,2071,unnamed,,NO_POSE,UNKNOWN,0,0,0,0,0,0,0,0,1,0,0,0,0,,,,,,,,,,,,0.694832981,1439.1947,0,,,0,3,306.624817,267.322601,38338,DEFAULT,ADAPTIVE,CAR,
1787973284296,3.46774006,2072,unnamed,,NO_POSE,UNKNOWN,0,0,0,0,0,0,0,0,1,0,0,0,0,,,,,,,,,,,,0.603375018,1657.34399,0,,,0,3,306.675323,267.322601,38338,DEFAULT,ADAPTIVE,CAR,
1787973284297,3.46833539,2073,unnamed,,NO_POSE,UNKNOWN,0,0,0,0,0,0,0,0,1,0,0,0,0,,,,,,,,,,,,0.595208049,1680.08484,0,,,0,3,306.679596,267.322601,38338,DEFAULT,ADAPTIVE,CAR,
1787973284297,3.46893811,2074,unnamed,,NO_POSE,UNKNOWN,0,0,0,0,0,0,0,0,1,0,0,0,0,,,,,,,,,,,,0.602833986,1658.83154,0,,,0,3,306.729492,267.322601,38338,DEFAULT,ADAPTIVE,CAR,
1787973284298,3.46953607,2075,unnamed,,NO_POSE,UNKNOWN,0,0,0,0,0,0,0,0,1,0,0,0,0,,,,,,,,,,,,0.597874999,1672.59045,0,,,0,3,306.779999,267.322601,38338,DEFAULT,ADAPTIVE,CAR,
1787973284299,3.47014046,2076,unnamed,,NO_POSE,UNKNOWN,0,0,0,0,0,0,0,0,1,0,0,0,0,,,,,,,,,,,,0.604541004,1654.14758,0,,,0,3,306.830505,267.322601,38338,DEFAULT,ADAPTIVE,CAR,
1787973284299,3.47075129,2077,unnamed,,NO_POSE,UNKNOWN,0,0,0,0,0,0,0,0,1,0,0,0,0,,,,,,,,,,,,0.610792041,1637.21851,0,,,0,3,306.881012,267.322601,38338,DEFAULT,ADAPTIVE,CAR,
1787973284300,3.47137451,2078,unnamed,,NO_POSE,UNKNOWN,0,0,0,0,0,0,0,0,1,0,0,0,0,,,,,,,,,,,,0.623082995,1604.92273,0,,,0,3,306.931488,267.322601,38338,DEFAULT,ADAPTIVE,CAR,
1787973284301,3.47204876,2079,unnamed,,NO_POSE,UNKNOWN,0,0,0,0,0,0,0,0,1,0,0,0,0,,,,,,,,,,,,0.67433399,1482.9447,0,,,0,3,306.981995,267.322601,38338,DEFAULT,ADAPTIVE,CAR,
1787973284301,3.47274995,2080,unnamed,,NO_POSE,UNKNOWN,0,0,0,0,0,0,0,0,1,0,0,0,0,,,,,,,,,,,,0.701291025,1425.94153,0,,,0,3,307.032501,267.322601,38338,DEFAULT,ADAPTIVE,CAR,
1787973284302,3.47344255,2081,unnamed,,NO_POSE,UNKNOWN,0,0,0,0,0,0,0,0,1,0,0,0,0,,,,,,,,,,,,0.692499995,1444.04333,0,,,0,3,307.083008,267.322601,38338,DEFAULT,ADAPTIVE,CAR,
1787973284303,3.47404861,2082,unnamed,,NO_POSE,UNKNOWN,0,0,0,0,0,0,0,0,1,0,0,0,0,,,,,,,,,,,,0.605958998,1650.27673,0,,,0,3,307.133545,267.322601,38338,DEFAULT,ADAPTIVE,CAR,
1787973284303,3.47473764,2083,unnamed,,NO_POSE,UNKNOWN,0,0,0,0,0,0,0,0,1,0,0,0,0,,,,,,,,,,,,0.689040959,1451.29248,0,,,0,3,307.184021,267.322601,38338,DEFAULT,ADAPTIVE,CAR,
1787973284304,3.47534394,2084,unnamed,,NO_POSE,UNKNOWN,0,0,0,0,0,0,0,0,1,0,0,0,0,,,,,,,,,,,,0.606374979,1649.14453,0,,,0,3,307.234528,267.322601,38338,DEFAULT,ADAPTIVE,CAR,
1787973284304,3.47592998,2085,unnamed,,NO_POSE,UNKNOWN,0,0,0,0,0,0,0,0,1,0,0,0,0,,,,,,,,,,,,0.586125016,1706.12073,0,,,0,3,307.285034,267.322601,38338,DEFAULT,ADAPTIVE,CAR,
1787973284305,3.47653818,2086,unnamed,,NO_POSE,UNKNOWN,0,0,0,0,0,0,0,0,1,0,0,0,0,,,,,,,,,,,,0.608042002,1644.62329,0,,,0,3,307.335541,267.322601,38338,DEFAULT,ADAPTIVE,CAR,
1787973284306,3.47713351,2087,unnamed,,NO_POSE,UNKNOWN,0,0,0,0,0,0,0,0,1,0,0,0,0,,,,,,,,,,,,0.595416963,1679.49524,0,,,0,3,307.386017,267.322601,38338,DEFAULT,ADAPTIVE,CAR,
1787973284306,3.4777329,2088,unnamed,,NO_POSE,UNKNOWN,0,0,0,0,0,0,0,0,1,0,0,0,0,,,,,,,,,,,,0.59937501,1668.40466,0,,,0,3,307.436523,267.322601,38338,DEFAULT,ADAPTIVE,CAR,
1787973284307,3.47822261,2089,unnamed,,NO_POSE,UNKNOWN,0,0,0,0,0,0,0,0,1,0,0,0,0,,,,,,,,,,,,0.489666015,2042.20837,0,,,0,3,306.348785,267.322601,38338,DEFAULT,ADAPTIVE,CAR,
1787973284307,3.4788413,2090,unnamed,,NO_POSE,UNKNOWN,0,0,0,0,0,0,0,0,1,0,0,0,0,,,,,,,,,,,,0.618791997,1616.05188,0,,,0,3,306.396057,267.322601,38338,DEFAULT,ADAPTIVE,CAR,
1787973284308,3.47943902,2091,unnamed,,NO_POSE,UNKNOWN,0,0,0,0,0,0,0,0,1,0,0,0,0,,,,,,,,,,,,0.597750008,1672.94019,0,,,0,3,306.446564,267.322601,38338,DEFAULT,ADAPTIVE,CAR,
1787973284309,3.48009229,2092,unnamed,,NO_POSE,UNKNOWN,0,0,0,0,0,0,0,0,1,0,0,0,0,,,,,,,,,,,,0.653250039,1530.8075,0,,,0,3,306.49704,267.322601,38338,DEFAULT,ADAPTIVE,CAR,
1787973284309,3.48086357,2093,unnamed,,NO_POSE,UNKNOWN,0,0,0,0,0,0,0,0,1,0,0,0,0,,,,,,,,,,,,0.771292031,1296.52576,0,,,0,3,306.547546,267.322601,38338,DEFAULT,ADAPTIVE,CAR,
1787973284310,3.48154068,2094,unnamed,,NO_POSE,UNKNOWN,0,0,0,0,0,0,0,0,1,0,0,0,0,,,,,,,,,,,,0.677124977,1476.83215,0,,,0,3,306.598053,267.322601,38338,DEFAULT,ADAPTIVE,CAR,
1787973284311,3.48214602,2095,unnamed,,NO_POSE,UNKNOWN,0,0,0,0,0,0,0,0,1,0,0,0,0,,,,,,,,,,,,0.605166018,1652.43909,0,,,0,3,306.64856,267.322601,38338,DEFAULT,ADAPTIVE,CAR,
1787973284311,3.48283958,2096,unnamed,,NO_POSE,UNKNOWN,0,0,0,0,0,0,0,0,1,0,0,0,0,,,,,,,,,,,,0.693749964,1441.44153,0,,,0,3,306.699036,267.322601,38338,DEFAULT,ADAPTIVE,CAR,
1787973284312,3.48344159,2097,unnamed,,NO_POSE,UNKNOWN,0,0,0,0,0,0,0,0,1,0,0,0,0,,,,,,,,,,,,0.601875007,1661.47449,0,,,0,3,306.703308,267.322601,38338,DEFAULT,ADAPTIVE,CAR,
1787973284312,3.48403406,2098,unnamed,,NO_POSE,UNKNOWN,0,0,0,0,0,0,0,0,1,0,0,0,0,,,,,,,,,,,,0.592625022,1687.40771,0,,,0,3,306.753235,267.322601,38338,DEFAULT,ADAPTIVE,CAR,
1787973284313,3.48463297,2099,unnamed,,NO_POSE,UNKNOWN,0,0,0,0,0,0,0,0,1,0,0,0,0,,,,,,,,,,,,0.598791957,1670.02905,0,,,0,3,306.803741,267.322601,38338,DEFAULT,ADAPTIVE,CAR,
1787973284314,3.48524284,2100,unnamed,,NO_POSE,UNKNOWN,0,0,0,0,0,0,0,0,1,0,0,0,0,,,,,,,,,,,,0.609833002,1639.79321,0,,,0,3,306.854248,267.322601,38338,DEFAULT,ADAPTIVE,CAR,
1787973284314,3.48583436,2101,unnamed,,NO_POSE,UNKNOWN,0,0,0,0,0,0,0,0,1,0,0,0,0,,,,,,,,,,,,0.591500044,1690.61707,0,,,0,3,306.858521,267.322601,38338,DEFAULT,ADAPTIVE,CAR,
1787973284315,3.4864397,2102,unnamed,,NO_POSE,UNKNOWN,0,0,0,0,0,0,0,0,1,0,0,0,0,,,,,,,,,,,,0.605499983,1651.52759,0,,,0,3,306.908447,267.322601,38338,DEFAULT,ADAPTIVE,CAR,
1787973284315,3.48704219,2103,unnamed,,NO_POSE,UNKNOWN,0,0,0,0,0,0,0,0,1,0,0,0,0,,,,,,,,,,,,0.602416992,1659.97974,0,,,0,3,306.958923,267.322601,38338,DEFAULT,ADAPTIVE,CAR,
1787973284316,3.48765206,2104,unnamed,,NO_POSE,UNKNOWN,0,0,0,0,0,0,0,0,1,0,0,0,0,,,,,,,,,,,,0.609749973,1640.01648,0,,,0,3,307.00943,267.322601,38338,DEFAULT,ADAPTIVE,CAR,
1787973284317,3.48846698,2105,unnamed,,NO_POSE,UNKNOWN,0,0,0,0,0,0,0,0,1,0,0,0,0,,,,,,,,,,,,0.814999998,1226.9939,0,,,0,3,307.059937,267.322601,38338,DEFAULT,ADAPTIVE,CAR,
1787973284318,3.48914886,2106,unnamed,,NO_POSE,UNKNOWN,0,0,0,0,0,0,0,0,1,0,0,0,0,,,,,,,,,,,,0.68195796,1466.36597,0,,,0,3,307.110443,267.322601,38338,DEFAULT,ADAPTIVE,CAR,
1787973284318,3.48998594,2107,unnamed,,NO_POSE,UNKNOWN,0,0,0,0,0,0,0,0,1,0,0,0,0,,,,,,,,,,,,0.837125003,1194.5647,0,,,0,3,307.160919,267.322601,38338,DEFAULT,ADAPTIVE,CAR,
1787973284319,3.49075365,2108,unnamed,,NO_POSE,UNKNOWN,0,0,0,0,0,0,0,0,1,0,0,0,0,,,,,,,,,,,,0.767666996,1302.64807,0,,,0,3,307.211426,267.322601,38338,DEFAULT,ADAPTIVE,CAR,
1787973284320,3.49134493,2109,unnamed,,NO_POSE,UNKNOWN,0,0,0,0,0,0,0,0,1,0,0,0,0,,,,,,,,,,,,0.591207981,1691.45215,0,,,0,3,307.215698,267.322601,38338,DEFAULT,ADAPTIVE,CAR,
1787973284320,3.49194264,2110,unnamed,,NO_POSE,UNKNOWN,0,0,0,0,0,0,0,0,1,0,0,0,0,,,,,,,,,,,,0.597750008,1672.94019,0,,,0,3,307.265594,267.322601,38338,DEFAULT,ADAPTIVE,CAR,
1787973284321,3.49254274,2111,unnamed,,NO_POSE,UNKNOWN,0,0,0,0,0,0,0,0,1,0,0,0,0,,,,,,,,,,,,0.600167036,1666.20288,0,,,0,3,307.269867,267.322601,38338,DEFAULT,ADAPTIVE,CAR,
1787973284322,3.49313569,2112,unnamed,,NO_POSE,UNKNOWN,0,0,0,0,0,0,0,0,1,0,0,0,0,,,,,,,,,,,,0.592791975,1686.93237,0,,,0,3,307.319794,267.322601,38338,DEFAULT,ADAPTIVE,CAR,
1787973284322,3.4937315,2113,unnamed,,NO_POSE,UNKNOWN,0,0,0,0,0,0,0,0,1,0,0,0,0,,,,,,,,,,,,0.595916033,1678.08887,0,,,0,3,305.980652,267.322601,38338,DEFAULT,ADAPTIVE,CAR,
1787973284323,3.49433708,2114,unnamed,,NO_POSE,UNKNOWN,0,0,0,0,0,0,0,0,1,0,0,0,0,,,,,,,,,,,,0.605499983,1651.52759,0,,,0,3,306.031128,267.322601,38338,DEFAULT,ADAPTIVE,CAR,
1787973284323,3.49493718,2115,unnamed,,NO_POSE,UNKNOWN,0,0,0,0,0,0,0,0,1,0,0,0,0,,,,,,,,,,,,0.600249946,1665.97253,0,,,0,3,306.035431,267.322601,38338,DEFAULT,ADAPTIVE,CAR,
1787973284324,3.49542618,2116,unnamed,,NO_POSE,UNKNOWN,0,0,0,0,0,0,0,0,1,0,0,0,0,,,,,,,,,,,,0.488875031,2045.51257,0,,,0,3,306.039124,267.322601,38338,DEFAULT,ADAPTIVE,CAR,
1787973284325,3.4960444,2117,unnamed,,NO_POSE,UNKNOWN,0,0,0,0,0,0,0,0,1,0,0,0,0,,,,,,,,,,,,0.618292034,1617.35876,0,,,0,3,306.08902,267.322601,38338,DEFAULT,ADAPTIVE,CAR,
1787973284325,3.49670362,2118,unnamed,,NO_POSE,UNKNOWN,0,0,0,0,0,0,0,0,1,0,0,0,0,,,,,,,,,,,,0.659166992,1517.06616,0,,,0,3,306.139526,267.322601,38338,DEFAULT,ADAPTIVE,CAR,
1787973284326,3.49744844,2119,unnamed,,NO_POSE,UNKNOWN,0,0,0,0,0,0,0,0,1,0,0,0,0,,,,,,,,,,,,0.744708002,1342.80823,0,,,0,3,306.190002,267.322601,38338,DEFAULT,ADAPTIVE,CAR,
1787973284326,3.49803066,2120,unnamed,,NO_POSE,UNKNOWN,0,0,0,0,0,0,0,0,1,0,0,0,0,,,,,,,,,,,,0.582333028,1717.23047,0,,,0,3,306.240509,267.322601,38338,DEFAULT,ADAPTIVE,CAR,
1787973284327,3.49863505,2121,unnamed,,NO_POSE,UNKNOWN,0,0,0,0,0,0,0,0,1,0,0,0,0,,,,,,,,,,,,0.604374945,1654.60193,0,,,0,3,306.291016,267.322601,38338,DEFAULT,ADAPTIVE,CAR,
1787973284328,3.49923635,2122,unnamed,,NO_POSE,UNKNOWN,0,0,0,0,0,0,0,0,1,0,0,0,0,,,,,,,,,,,,0.601292014,1663.08545,0,,,0,3,306.341522,267.322601,38338,DEFAULT,ADAPTIVE,CAR,
1787973284328,3.49983835,2123,unnamed,,NO_POSE,UNKNOWN,0,0,0,0,0,0,0,0,1,0,0,0,0,,,,,,,,,,,,0.601999998,1661.12964,0,,,0,3,306.391998,267.322601,38338,DEFAULT,ADAPTIVE,CAR,
1787973284329,3.50043511,2124,unnamed,,NO_POSE,UNKNOWN,0,0,0,0,0,0,0,0,1,0,0,0,0,,,,,,,,,,,,0.596874952,1675.3927,0,,,0,3,306.442535,267.322601,38338,DEFAULT,ADAPTIVE,CAR,
1787973284329,3.5010376,2125,unnamed,,NO_POSE,UNKNOWN,0,0,0,0,0,0,0,0,1,0,0,0,0,,,,,,,,,,,,0.602292001,1660.32422,0,,,0,3,306.493042,267.322601,38338,DEFAULT,ADAPTIVE,CAR,
1787973284330,3.50164151,2126,unnamed,,NO_POSE,UNKNOWN,0,0,0,0,0,0,0,0,1,0,0,0,0,,,,,,,,,,,,0.604083002,1655.40161,0,,,0,3,306.543549,267.322601,38338,DEFAULT,ADAPTIVE,CAR,
1787973284331,3.50211883,2127,unnamed,,NO_POSE,UNKNOWN,0,0,0,0,0,0,0,0,1,0,0,0,0,,,,,,,,,,,,0.477333009,2094.97363,0,,,0,3,306.547791,267.322601,38338,DEFAULT,ADAPTIVE,CAR,
1787973284331,3.50262737,2128,unnamed,,NO_POSE,UNKNOWN,0,0,0,0,0,0,0,0,1,0,0,0,0,,,,,,,,,,,,0.50849998,1966.56848,0,,,0,3,306.597717,267.322601,38338,DEFAULT,ADAPTIVE,CAR,
1787973284332,3.50324011,2129,unnamed,,NO_POSE,UNKNOWN,0,0,0,0,0,0,0,0,1,0,0,0,0,,,,,,,,,,,,0.612708986,1632.09619,0,,,0,3,306.648224,267.322601,38338,DEFAULT,ADAPTIVE,CAR,
1787973284332,3.50382805,2130,unnamed,,NO_POSE,UNKNOWN,0,0,0,0,0,0,0,0,1,0,0,0,0,,,,,,,,,,,,0.588040948,1700.56177,0,,,0,3,306.6987,267.322601,38338,DEFAULT,ADAPTIVE,CAR,
1787973284333,3.5044508,2131,unnamed,,NO_POSE,UNKNOWN,0,0,0,0,0,0,0,0,1,0,0,0,0,,,,,,,,,,,,0.622624993,1606.10315,0,,,0,3,306.749207,267.322601,38338,DEFAULT,ADAPTIVE,CAR,
1787973284334,3.50527573,2132,unnamed,,NO_POSE,UNKNOWN,0,0,0,0,0,0,0,0,1,0,0,0,0,,,,,,,,,,,,0.824917018,1212.24316,0,,,0,3,306.799713,267.322601,38338,DEFAULT,ADAPTIVE,CAR,
1787973284335,3.50604105,2133,unnamed,,NO_POSE,UNKNOWN,0,0,0,0,0,0,0,0,1,0,0,0,0,,,,,,,,,,,,0.76541698,1306.47742,0,,,0,3,306.85022,267.322601,38338,DEFAULT,ADAPTIVE,CAR,
1787973284335,3.50684571,2134,unnamed,,NO_POSE,UNKNOWN,0,0,0,0,0,0,0,0,1,0,0,0,0,,,,,,,,,,,,0.804500043,1243.00806,0,,,0,3,306.900696,267.322601,38338,DEFAULT,ADAPTIVE,CAR,
1787973284336,3.50744343,2135,unnamed,,NO_POSE,UNKNOWN,0,0,0,0,0,0,0,0,1,0,0,0,0,,,,,,,,,,,,0.597750008,1672.94019,0,,,0,3,306.951202,267.322601,38338,DEFAULT,ADAPTIVE,CAR,
1787973284336,3.50802994,2136,unnamed,,NO_POSE,UNKNOWN,0,0,0,0,0,0,0,0,1,0,0,0,0,,,,,,,,,,,,0.586540997,1704.91064,0,,,0,3,306.952942,267.322601,38338,DEFAULT,ADAPTIVE,CAR,
1787973284337,3.50853252,2137,unnamed,,NO_POSE,UNKNOWN,0,0,0,0,0,0,0,0,1,0,0,0,0,,,,,,,,,,,,0.502624989,1989.55481,0,,,0,3,307.002563,267.322601,38338,DEFAULT,ADAPTIVE,CAR,
1787973284338,3.5091331,2138,unnamed,,NO_POSE,UNKNOWN,0,0,0,0,0,0,0,0,1,0,0,0,0,,,,,,,,,,,,0.600667,1664.81604,0,,,0,3,307.05307,267.322601,38338,DEFAULT,ADAPTIVE,CAR,
1787973284338,3.50973558,2139,unnamed,,NO_POSE,UNKNOWN,0,0,0,0,0,0,0,0,1,0,0,0,0,,,,,,,,,,,,0.602333009,1660.21118,0,,,0,3,305.961884,267.322601,38338,DEFAULT,ADAPTIVE,CAR,
1787973284339,3.51033926,2140,unnamed,,NO_POSE,UNKNOWN,0,0,0,0,0,0,0,0,1,0,0,0,0,,,,,,,,,,,,0.603833973,1656.08435,0,,,0,3,306.009735,267.322601,38338,DEFAULT,ADAPTIVE,CAR,
1787973284339,3.51093531,2141,unnamed,,NO_POSE,UNKNOWN,0,0,0,0,0,0,0,0,1,0,0,0,0,,,,,,,,,,,,0.596040964,1677.73706,0,,,0,3,306.014008,267.322601,38338,DEFAULT,ADAPTIVE,CAR,
1787973284340,3.5114224,2142,unnamed,,NO_POSE,UNKNOWN,0,0,0,0,0,0,0,0,1,0,0,0,0,,,,,,,,,,,,0.48704201,2053.21094,0,,,0,3,306.063934,267.322601,38338,DEFAULT,ADAPTIVE,CAR,
1787973284340,3.51194072,2143,unnamed,,NO_POSE,UNKNOWN,0,0,0,0,0,0,0,0,1,0,0,0,0,,,,,,,,,,,,0.518249989,1929.57068,0,,,0,3,306.114471,267.322601,38338,DEFAULT,ADAPTIVE,CAR,
1787973284341,3.5125308,2144,unnamed,,NO_POSE,UNKNOWN,0,0,0,0,0,0,0,0,1,0,0,0,0,,,,,,,,,,,,0.590000033,1694.91528,0,,,0,3,306.164978,267.322601,38338,DEFAULT,ADAPTIVE,CAR,
1787973284342,3.51315165,2145,unnamed,,NO_POSE,UNKNOWN,0,0,0,0,0,0,0,0,1,0,0,0,0,,,,,,,,,,,,0.620833039,1610.73914,0,,,0,3,306.215454,267.322601,38338,DEFAULT,ADAPTIVE,CAR,
1787973284342,3.51384449,2146,unnamed,,NO_POSE,UNKNOWN,0,0,0,0,0,0,0,0,1,0,0,0,0,,,,,,,,,,,,0.692959011,1443.08679,0,,,0,3,306.265961,267.322601,38338,DEFAULT,ADAPTIVE,CAR,
1787973284343,3.51453471,2147,unnamed,,NO_POSE,UNKNOWN,0,0,0,0,0,0,0,0,1,0,0,0,0,,,,,,,,,,,,0.690208018,1448.83862,0,,,0,3,306.316467,267.322601,38338,DEFAULT,ADAPTIVE,CAR,
1787973284345,3.51657891,2148,unnamed,,NO_POSE,UNKNOWN,0,0,0,0,0,0,0,0,1,0,0,0,0,,,,,,,,,,,,2.04412508,489.206879,0,,,0,3,306.367249,267.322601,38338,DEFAULT,ADAPTIVE,CAR,
1787973284346,3.51723266,2149,unnamed,,NO_POSE,UNKNOWN,0,0,0,0,0,0,0,0,1,0,0,0,0,,,,,,,,,,,,0.653917015,1529.24597,0,,,0,3,306.417755,267.322601,38338,DEFAULT,ADAPTIVE,CAR,
1787973284346,3.51783538,2150,unnamed,,NO_POSE,UNKNOWN,0,0,0,0,0,0,0,0,1,0,0,0,0,,,,,,,,,,,,0.60266602,1659.29382,0,,,0,3,306.468262,267.322601,38338,DEFAULT,ADAPTIVE,CAR,
1787973284347,3.51843286,2151,unnamed,,NO_POSE,UNKNOWN,0,0,0,0,0,0,0,0,1,0,0,0,0,,,,,,,,,,,,0.597416997,1673.87268,0,,,0,3,306.518738,267.322601,38338,DEFAULT,ADAPTIVE,CAR,
1787973284348,3.51904607,2152,unnamed,,NO_POSE,UNKNOWN,0,0,0,0,0,0,0,0,1,0,0,0,0,,,,,,,,,,,,0.613124967,1630.98889,0,,,0,3,306.569244,267.322601,38338,DEFAULT,ADAPTIVE,CAR,
1787973284348,3.51973581,2153,unnamed,,NO_POSE,UNKNOWN,0,0,0,0,0,0,0,0,1,0,0,0,0,,,,,,,,,,,,0.689750016,1449.80066,0,,,0,3,306.619751,267.322601,38338,DEFAULT,ADAPTIVE,CAR,
1787973284349,3.52037835,2154,unnamed,,NO_POSE,UNKNOWN,0,0,0,0,0,0,0,0,1,0,0,0,0,,,,,,,,,,,,0.642750025,1555.81482,0,,,0,3,306.670258,267.322601,38338,DEFAULT,ADAPTIVE,CAR,
1787973284349,3.52094412,2155,unnamed,,NO_POSE,UNKNOWN,0,0,0,0,0,0,0,0,1,0,0,0,0,,,,,,,,,,,,0.565542042,1768.21521,0,,,0,3,306.720734,267.322601,38338,DEFAULT,ADAPTIVE,CAR,
1787973284350,3.5218513,2156,unnamed,,NO_POSE,UNKNOWN,0,0,0,0,0,0,0,0,1,0,0,0,0,,,,,,,,,,,,0.907290995,1102.18213,0,,,0,3,306.77124,267.322601,38338,DEFAULT,ADAPTIVE,CAR,
1787973284351,3.52278423,2157,unnamed,,NO_POSE,UNKNOWN,0,0,0,0,0,0,0,0,1,0,0,0,0,,,,,,,,,,,,0.933000028,1071.8114,0,,,0,3,306.821747,267.322601,38338,DEFAULT,ADAPTIVE,CAR,
1787973284352,3.52365136,2158,unnamed,,NO_POSE,UNKNOWN,0,0,0,0,0,0,0,0,1,0,0,0,0,,,,,,,,,,,,0.866958976,1153.45715,0,,,0,3,306.872253,267.322601,38338,DEFAULT,ADAPTIVE,CAR,
1787973284353,3.52447295,2159,unnamed,,NO_POSE,UNKNOWN,0,0,0,0,0,0,0,0,1,0,0,0,0,,,,,,,,,,,,0.821708024,1216.97729,0,,,0,3,306.922729,267.322601,38338,DEFAULT,ADAPTIVE,CAR,
1787973284354,3.52514315,2160,unnamed,,NO_POSE,UNKNOWN,0,0,0,0,0,0,0,0,1,0,0,0,0,,,,,,,,,,,,0.670208037,1492.0741,0,,,0,3,305.881012,267.322601,38338,DEFAULT,ADAPTIVE,CAR,
1787973284355,3.52604747,2161,unnamed,,NO_POSE,UNKNOWN,0,0,0,0,0,0,0,0,1,0,0,0,0,,,,,,,,,,,,0.904334009,1105.78613,0,,,0,3,305.927032,267.322601,38338,DEFAULT,ADAPTIVE,CAR,
1787973284355,3.52663541,2162,unnamed,,NO_POSE,UNKNOWN,0,0,0,0,0,0,0,0,1,0,0,0,0,,,,,,,,,,,,0.587875009,1701.04187,0,,,0,3,305.977539,267.322601,38338,DEFAULT,ADAPTIVE,CAR,
1787973284356,3.52723169,2163,unnamed,,NO_POSE,UNKNOWN,0,0,0,0,0,0,0,0,1,0,0,0,0,,,,,,,,,,,,0.596249998,1677.1488,0,,,0,3,306.028015,267.322601,38338,DEFAULT,ADAPTIVE,CAR,
1787973284356,3.52783227,2164,unnamed,,NO_POSE,UNKNOWN,0,0,0,0,0,0,0,0,1,0,0,0,0,,,,,,,,,,,,0.600708008,1664.70227,0,,,0,3,306.078522,267.322601,38338,DEFAULT,ADAPTIVE,CAR,
1787973284357,3.52832961,2165,unnamed,,NO_POSE,UNKNOWN,0,0,0,0,0,0,0,0,1,0,0,0,0,,,,,,,,,,,,0.497292042,2010.89087,0,,,0,3,306.129028,267.322601,38338,DEFAULT,ADAPTIVE,CAR,
1787973284357,3.52894068,2166,unnamed,,NO_POSE,UNKNOWN,0,0,0,0,0,0,0,0,1,0,0,0,0,,,,,,,,,,,,0.611082971,1636.43896,0,,,0,3,306.179535,267.322601,38338,DEFAULT,ADAPTIVE,CAR,
1787973284358,3.52970076,2167,unnamed,,NO_POSE,UNKNOWN,0,0,0,0,0,0,0,0,1,0,0,0,0,,,,,,,,,,,,0.76008302,1315.64575,0,,,0,3,306.230042,267.322601,38338,DEFAULT,ADAPTIVE,CAR,
1787973284359,3.53046823,2168,unnamed,,NO_POSE,UNKNOWN,0,0,0,0,0,0,0,0,1,0,0,0,0,,,,,,,,,,,,0.767500043,1302.93152,0,,,0,3,306.280518,267.322601,38338,DEFAULT,ADAPTIVE,CAR,
1787973284360,3.53115106,2169,unnamed,,NO_POSE,UNKNOWN,0,0,0,0,0,0,0,0,1,0,0,0,0,,,,,,,,,,,,0.682750046,1464.66492,0,,,0,3,306.331024,267.322601,38338,DEFAULT,ADAPTIVE,CAR,
1787973284361,3.53262639,2170,unnamed,,NO_POSE,UNKNOWN,0,0,0,0,0,0,0,0,1,0,0,0,0,,,,,,,,,,,,1.47541702,677.774475,0,,,0,3,306.381531,267.322601,38338,DEFAULT,ADAPTIVE,CAR,
1787973284362,3.53346634,2171,unnamed,,NO_POSE,UNKNOWN,0,0,0,0,0,0,0,0,1,0,0,0,0,,,,,,,,,,,,0.839999974,1190.4762,0,,,0,3,306.433044,267.322601,38338,DEFAULT,ADAPTIVE,CAR,
1787973284363,3.53414488,2172,unnamed,,NO_POSE,UNKNOWN,0,0,0,0,0,0,0,0,1,0,0,0,0,,,,,,,,,,,,0.678416967,1474.01965,0,,,0,3,306.483551,267.322601,38338,DEFAULT,ADAPTIVE,CAR,
1787973284363,3.53473735,2173,unnamed,,NO_POSE,UNKNOWN,0,0,0,0,0,0,0,0,1,0,0,0,0,,,,,,,,,,,,0.592540979,1687.64685,0,,,0,3,306.534058,267.322601,38338,DEFAULT,ADAPTIVE,CAR,
1787973284364,3.53533816,2174,unnamed,,NO_POSE,UNKNOWN,0,0,0,0,0,0,0,0,1,0,0,0,0,,,,,,,,,,,,0.600749969,1664.58606,0,,,0,3,306.584534,267.322601,38338,DEFAULT,ADAPTIVE,CAR,
1787973284364,3.53583097,2175,unnamed,,NO_POSE,UNKNOWN,0,0,0,0,0,0,0,0,1,0,0,0,0,,,,,,,,,,,,0.492834032,2029.08069,0,,,0,3,306.63504,267.322601,38338,DEFAULT,ADAPTIVE,CAR,
1787973284365,3.5364399,2176,unnamed,,NO_POSE,UNKNOWN,0,0,0,0,0,0,0,0,1,0,0,0,0,,,,,,,,,,,,0.608999968,1642.03613,0,,,0,3,306.685547,267.322601,38338,DEFAULT,ADAPTIVE,CAR,
1787973284365,3.537045,2177,unnamed,,NO_POSE,UNKNOWN,0,0,0,0,0,0,0,0,1,0,0,0,0,,,,,,,,,,,,0.605082989,1652.66577,0,,,0,3,306.736053,267.322601,38338,DEFAULT,ADAPTIVE,CAR,
1787973284366,3.5376389,2178,unnamed,,NO_POSE,UNKNOWN,0,0,0,0,0,0,0,0,1,0,0,0,0,,,,,,,,,,,,0.59383297,1683.97522,0,,,0,3,306.78653,267.322601,38338,DEFAULT,ADAPTIVE,CAR,
1787973284367,3.53828287,2179,unnamed,,NO_POSE,UNKNOWN,0,0,0,0,0,0,0,0,1,0,0,0,0,,,,,,,,,,,,0.643917024,1552.99512,0,,,0,3,306.837036,267.322601,38338,DEFAULT,ADAPTIVE,CAR,
1787973284367,3.53894281,2180,unnamed,,NO_POSE,UNKNOWN,0,0,0,0,0,0,0,0,1,0,0,0,0,,,,,,,,,,,,0.659958005,1515.24792,0,,,0,3,306.887543,267.322601,38338,DEFAULT,ADAPTIVE,CAR,
1787973284368,3.53965139,2181,unnamed,,NO_POSE,UNKNOWN,0,0,0,0,0,0,0,0,1,0,0,0,0,,,,,,,,,,,,0.708583951,1411.26538,0,,,0,3,306.938049,267.322601,38338,DEFAULT,ADAPTIVE,CAR,
1787973284369,3.5402565,2182,unnamed,,NO_POSE,UNKNOWN,0,0,0,0,0,0,0,0,1,0,0,0,0,,,,,,,,,,,,0.605082989,1652.66577,0,,,0,3,306.988556,267.322601,38338,DEFAULT,ADAPTIVE,CAR,
1787973284369,3.54082704,2183,unnamed,,NO_POSE,UNKNOWN,0,0,0,0,0,0,0,0,1,0,0,0,0,,,,,,,,,,,,0.570582986,1752.59351,0,,,0,3,306.992889,267.322601,38338,DEFAULT,ADAPTIVE,CAR,
1787973284371,3.54207611,2184,unnamed,,NO_POSE,UNKNOWN,0,0,0,0,0,0,0,0,1,0,0,0,0,,,,,,,,,,,,1.249084,800.58667,0,,,0,3,307.042908,267.322601,38338,DEFAULT,ADAPTIVE,CAR,
1787973284371,3.54303527,2185,unnamed,,NO_POSE,UNKNOWN,0,0,0,0,0,0,0,0,1,0,0,0,0,,,,,,,,,,,,0.959082961,1042.6626,0,,,0,3,307.094818,267.322601,38338,DEFAULT,ADAPTIVE,CAR,
1787973284372,3.54374576,2186,unnamed,,NO_POSE,UNKNOWN,0,0,0,0,0,0,0,0,1,0,0,0,0,,,,,,,,,,,,0.710625052,1407.21191,0,,,0,3,307.145325,267.322601,38338,DEFAULT,ADAPTIVE,CAR,
1787973284373,3.5443387,2187,unnamed,,NO_POSE,UNKNOWN,0,0,0,0,0,0,0,0,1,0,0,0,0,,,,,,,,,,,,0.592791975,1686.93237,0,,,0,3,307.195801,267.322601,38338,DEFAULT,ADAPTIVE,CAR,
1787973284373,3.54495144,2188,unnamed,,NO_POSE,UNKNOWN,0,0,0,0,0,0,0,0,1,0,0,0,0,,,,,,,,,,,,0.612749994,1631.98694,0,,,0,3,306.207245,267.322601,38338,DEFAULT,ADAPTIVE,CAR,
1787973284374,3.5457437,2189,unnamed,,NO_POSE,UNKNOWN,0,0,0,0,0,0,0,0,1,0,0,0,0,,,,,,,,,,,,0.792249978,1262.22791,0,,,0,3,306.254517,267.322601,38338,DEFAULT,ADAPTIVE,CAR,
1787973284375,3.54644513,2190,unnamed,,NO_POSE,UNKNOWN,0,0,0,0,0,0,0,0,1,0,0,0,0,,,,,,,,,,,,0.701582968,1425.34814,0,,,0,3,306.305054,267.322601,38338,DEFAULT,ADAPTIVE,CAR,
1787973284376,3.54734993,2191,unnamed,,NO_POSE,UNKNOWN,0,0,0,0,0,0,0,0,1,0,0,0,0,,,,,,,,,,,,0.904792011,1105.22644,0,,,0,3,306.35556,267.322601,38338,DEFAULT,ADAPTIVE,CAR,
1787973284377,3.54810834,2192,unnamed,,NO_POSE,UNKNOWN,0,0,0,0,0,0,0,0,1,0,0,0,0,,,,,,,,,,,,0.758333027,1318.68188,0,,,0,3,306.406036,267.322601,38338,DEFAULT,ADAPTIVE,CAR,
1787973284377,3.54873562,2193,unnamed,,NO_POSE,UNKNOWN,0,0,0,0,0,0,0,0,1,0,0,0,0,,,,,,,,,,,,0.627207994,1594.36743,0,,,0,3,306.456543,267.322601,38338,DEFAULT,ADAPTIVE,CAR,
1787973284378,3.54934502,2194,unnamed,,NO_POSE,UNKNOWN,0,0,0,0,0,0,0,0,1,0,0,0,0,,,,,,,,,,,,0.609375,1641.02563,0,,,0,3,306.50705,267.322601,38338,DEFAULT,ADAPTIVE,CAR,
1787973284378,3.54993653,2195,unnamed,,NO_POSE,UNKNOWN,0,0,0,0,0,0,0,0,1,0,0,0,0,,,,,,,,,,,,0.591666996,1690.13989,0,,,0,3,306.557556,267.322601,38338,DEFAULT,ADAPTIVE,CAR,
1787973284379,3.55054903,2196,unnamed,,NO_POSE,UNKNOWN,0,0,0,0,0,0,0,0,1,0,0,0,0,,,,,,,,,,,,0.612500012,1632.65308,0,,,0,3,306.608032,267.322601,38338,DEFAULT,ADAPTIVE,CAR,
1787973284380,3.55112839,2197,unnamed,,NO_POSE,UNKNOWN,0,0,0,0,0,0,0,0,1,0,0,0,0,,,,,,,,,,,,0.579291999,1726.24512,0,,,0,3,306.658539,267.322601,38338,DEFAULT,ADAPTIVE,CAR,
1787973284380,3.55162644,2198,unnamed,,NO_POSE,UNKNOWN,0,0,0,0,0,0,0,0,1,0,0,0,0,,,,,,,,,,,,0.498083025,2007.69751,0,,,0,3,306.709045,267.322601,38338,DEFAULT,ADAPTIVE,CAR,
1787973284381,3.55223298,2199,unnamed,,NO_POSE,UNKNOWN,0,0,0,0,0,0,0,0,1,0,0,0,0,,,,,,,,,,,,0.606582999,1648.57898,0,,,0,3,306.759552,267.322601,38338,DEFAULT,ADAPTIVE,CAR,
1787973284381,3.552737,2200,unnamed,,NO_POSE,UNKNOWN,0,0,0,0,0,0,0,0,1,0,0,0,0,,,,,,,,,,,,0.504000008,1984.12695,0,,,0,3,306.810028,267.322601,38338,DEFAULT,ADAPTIVE,CAR,
1787973284382,3.55332613,2201,unnamed,,NO_POSE,UNKNOWN,0,0,0,0,0,0,0,0,1,0,0,0,0,,,,,,,,,,,,0.58908397,1697.55078,0,,,0,3,306.860535,267.322601,38338,DEFAULT,ADAPTIVE,CAR,
1787973284382,3.5538342,2202,unnamed,,NO_POSE,UNKNOWN,0,0,0,0,0,0,0,0,1,0,0,0,0,,,,,,,,,,,,0.508125007,1968.01965,0,,,0,3,306.911316,267.322601,38338,DEFAULT,ADAPTIVE,CAR,
1787973284383,3.55443931,2203,unnamed,,NO_POSE,UNKNOWN,0,0,0,0,0,0,0,0,1,0,0,0,0,,,,,,,,,,,,0.605000019,1652.89258,0,,,0,3,306.961548,267.322601,38338,DEFAULT,ADAPTIVE,CAR,
1787973284384,3.55514979,2204,unnamed,,NO_POSE,UNKNOWN,0,0,0,0,0,0,0,0,1,0,0,0,0,,,,,,,,,,,,0.710582972,1407.29517,0,,,0,3,307.012024,267.322601,38338,DEFAULT,ADAPTIVE,CAR,
1787973284384,3.55595326,2205,unnamed,,NO_POSE,UNKNOWN,0,0,0,0,0,0,0,0,1,0,0,0,0,,,,,,,,,,,,0.803541958,1244.49011,0,,,0,3,307.062561,267.322601,38338,DEFAULT,ADAPTIVE,CAR,
1787973284385,3.55665088,2206,unnamed,,NO_POSE,UNKNOWN,0,0,0,0,0,0,0,0,1,0,0,0,0,,,,,,,,,,,,0.69758302,1433.52112,0,,,0,3,307.113068,267.322601,38338,DEFAULT,ADAPTIVE,CAR,
1787973284386,3.55734086,2207,unnamed,,NO_POSE,UNKNOWN,0,0,0,0,0,0,0,0,1,0,0,0,0,,,,,,,,,,,,0.689917028,1449.44971,0,,,0,3,307.163574,267.322601,38338,DEFAULT,ADAPTIVE,CAR,
1787973284387,3.55806303,2208,unnamed,,NO_POSE,UNKNOWN,0,0,0,0,0,0,0,0,1,0,0,0,0,,,,,,,,,,,,0.722124994,1384.80176,0,,,0,3,307.214111,267.322601,38338,DEFAULT,ADAPTIVE,CAR,
1787973284387,3.55862689,2209,unnamed,,NO_POSE,UNKNOWN,0,0,0,0,0,0,0,0,1,0,0,0,0,,,,,,,,,,,,0.563958049,1773.18164,0,,,0,3,307.264618,267.322601,38338,DEFAULT,ADAPTIVE,CAR,
1787973284388,3.55912662,2210,unnamed,,NO_POSE,UNKNOWN,0,0,0,0,0,0,0,0,1,0,0,0,0,,,,,,,,,,,,0.499750018,2001.00037,0,,,0,3,307.315094,267.322601,38338,DEFAULT,ADAPTIVE,CAR,
1787973284388,3.55973649,2211,unnamed,,NO_POSE,UNKNOWN,0,0,0,0,0,0,0,0,1,0,0,0,0,,,,,,,,,,,,0.609708011,1640.12927,0,,,0,3,307.365601,267.322601,38338,DEFAULT,ADAPTIVE,CAR,
1787973284389,3.56033683,2212,unnamed,,NO_POSE,UNKNOWN,0,0,0,0,0,0,0,0,1,0,0,0,0,,,,,,,,,,,,0.600499988,1665.27905,0,,,0,3,305.926819,267.322601,38338,DEFAULT,ADAPTIVE,CAR,
1787973284389,3.56093216,2213,unnamed,,NO_POSE,UNKNOWN,0,0,0,0,0,0,0,0,1,0,0,0,0,,,,,,,,,,,,0.595292032,1679.84778,0,,,0,3,305.972046,267.322601,38338,DEFAULT,ADAPTIVE,CAR,
1787973284390,3.56153631,2214,unnamed,,NO_POSE,UNKNOWN,0,0,0,0,0,0,0,0,1,0,0,0,0,,,,,,,,,,,,0.604042053,1655.51392,0,,,0,3,306.022552,267.322601,38338,DEFAULT,ADAPTIVE,CAR,
1787973284391,3.56213522,2215,unnamed,,NO_POSE,UNKNOWN,0,0,0,0,0,0,0,0,1,0,0,0,0,,,,,,,,,,,,0.598958015,1669.56616,0,,,0,3,306.073059,267.322601,38338,DEFAULT,ADAPTIVE,CAR,
1787973284391,3.5627408,2216,unnamed,,NO_POSE,UNKNOWN,0,0,0,0,0,0,0,0,1,0,0,0,0,,,,,,,,,,,,0.605666995,1651.07227,0,,,0,3,306.123566,267.322601,38338,DEFAULT,ADAPTIVE,CAR,
1787973284392,3.56338811,2217,unnamed,,NO_POSE,UNKNOWN,0,0,0,0,0,0,0,0,1,0,0,0,0,,,,,,,,,,,,0.647249997,1544.99817,0,,,0,3,306.174042,267.322601,38338,DEFAULT,ADAPTIVE,CAR,
1787973284393,3.56407142,2218,unnamed,,NO_POSE,UNKNOWN,0,0,0,0,0,0,0,0,1,0,0,0,0,,,,,,,,,,,,0.68325001,1463.59302,0,,,0,3,306.224548,267.322601,38338,DEFAULT,ADAPTIVE,CAR,
1787973284393,3.5647943,2219,unnamed,,NO_POSE,UNKNOWN,0,0,0,0,0,0,0,0,1,0,0,0,0,,,,,,,,,,,,0.722958028,1383.20618,0,,,0,3,306.275085,267.322601,38338,DEFAULT,ADAPTIVE,CAR,
1787973284394,3.56544495,2220,unnamed,,NO_POSE,UNKNOWN,0,0,0,0,0,0,0,0,1,0,0,0,0,,,,,,,,,,,,0.650541961,1537.17981,0,,,0,3,306.325592,267.322601,38338,DEFAULT,ADAPTIVE,CAR,
1787973284395,3.56613421,2221,unnamed,,NO_POSE,UNKNOWN,0,0,0,0,0,0,0,0,1,0,0,0,0,,,,,,,,,,,,0.689333022,1450.67761,0,,,0,3,306.376068,267.322601,38338,DEFAULT,ADAPTIVE,CAR,
1787973284395,3.56674361,2222,unnamed,,NO_POSE,UNKNOWN,0,0,0,0,0,0,0,0,1,0,0,0,0,,,,,,,,,,,,0.60929203,1641.24915,0,,,0,3,306.426575,267.322601,38338,DEFAULT,ADAPTIVE,CAR,
1787973284396,3.56743598,2223,unnamed,,NO_POSE,UNKNOWN,0,0,0,0,0,0,0,0,1,0,0,0,0,,,,,,,,,,,,0.692541003,1443.95776,0,,,0,3,306.477081,267.322601,38338,DEFAULT,ADAPTIVE,CAR,
1787973284396,3.56803703,2224,unnamed,,NO_POSE,UNKNOWN,0,0,0,0,0,0,0,0,1,0,0,0,0,,,,,,,,,,,,0.600959003,1664.00708,0,,,0,3,306.527588,267.322601,38338,DEFAULT,ADAPTIVE,CAR,
1787973284397,3.56863499,2225,unnamed,,NO_POSE,UNKNOWN,0,0,0,0,0,0,0,0,1,0,0,0,0,,,,,,,,,,,,0.597916007,1672.47571,0,,,0,3,306.578064,267.322601,38338,DEFAULT,ADAPTIVE,CAR,
1787973284398,3.56923366,2226,unnamed,,NO_POSE,UNKNOWN,0,0,0,0,0,0,0,0,1,0,0,0,0,,,,,,,,,,,,0.598834038,1669.91187,0,,,0,3,306.628601,267.322601,38338,DEFAULT,ADAPTIVE,CAR,
1787973284398,3.56984401,2227,unnamed,,NO_POSE,UNKNOWN,0,0,0,0,0,0,0,0,1,0,0,0,0,,,,,,,,,,,,0.610375047,1638.33704,0,,,0,3,306.679077,267.322601,38338,DEFAULT,ADAPTIVE,CAR,
1787973284399,3.57046342,2228,unnamed,,NO_POSE,UNKNOWN,0,0,0,0,0,0,0,0,1,0,0,0,0,,,,,,,,,,,,0.619333029,1614.64026,0,,,0,3,306.729584,267.322601,38338,DEFAULT,ADAPTIVE,CAR,
1787973284405,3.57616758,2229,unnamed,,NO_POSE,UNKNOWN,0,0,0,0,0,0,0,0,1,0,0,0,0,,,,,,,,,,,,5.70404196,175.31427,0,,,0,3,305.964233,267.322601,38338,DEFAULT,ADAPTIVE,CAR,
1787973284406,3.57759142,2230,unnamed,,NO_POSE,UNKNOWN,0,0,0,0,0,0,0,0,1,0,0,0,0,,,,,,,,,,,,1.42391598,702.288635,0,,,0,3,306.005493,267.322601,38338,DEFAULT,ADAPTIVE,CAR,
1787973284407,3.57893443,2231,unnamed,,NO_POSE,UNKNOWN,0,0,0,0,0,0,0,0,1,0,0,0,0,,,,,,,,,,,,1.34295905,744.62439,0,,,0,3,306.05658,267.322601,38338,DEFAULT,ADAPTIVE,CAR,
1787973284410,3.58185911,2232,unnamed,,NO_POSE,UNKNOWN,0,0,0,0,0,0,0,0,1,0,0,0,0,,,,,,,,,,,,2.9247911,341.904755,0,,,0,3,306.106506,267.322601,38338,DEFAULT,ADAPTIVE,CAR,
1787973284412,3.58317256,2233,unnamed,,NO_POSE,UNKNOWN,0,0,0,0,0,0,0,0,1,0,0,0,0,,,,,,,,,,,,1.31329191,761.445313,0,,,0,3,306.157013,267.322601,38338,DEFAULT,ADAPTIVE,CAR,
1787973284413,3.58455014,2234,unnamed,,NO_POSE,UNKNOWN,0,0,0,0,0,0,0,0,1,0,0,0,0,,,,,,,,,,,,1.37762499,725.886902,0,,,0,3,306.207489,267.322601,38338,DEFAULT,ADAPTIVE,CAR,
1787973284414,3.58585167,2235,unnamed,,NO_POSE,UNKNOWN,0,0,0,0,0,0,0,0,1,0,0,0,0,,,,,,,,,,,,1.30162501,768.270386,0,,,0,3,306.258026,267.322601,38338,DEFAULT,ADAPTIVE,CAR,
1787973284416,3.5871563,2236,unnamed,,NO_POSE,UNKNOWN,0,0,0,0,0,0,0,0,1,0,0,0,0,,,,,,,,,,,,1.304667,766.479126,0,,,0,3,306.308533,267.322601,38338,DEFAULT,ADAPTIVE,CAR,
1787973284420,3.59164715,2237,unnamed,,NO_POSE,UNKNOWN,0,0,0,0,0,0,0,0,1,0,0,0,0,,,,,,,,,,,,4.49066591,222.684113,0,,,0,3,306.359039,267.322601,38338,DEFAULT,ADAPTIVE,CAR,
1787973284422,3.59308839,2238,unnamed,,NO_POSE,UNKNOWN,0,0,0,0,0,0,0,0,1,0,0,0,0,,,,,,,,,,,,1.44137502,693.781982,0,,,0,3,306.409546,267.322601,38338,DEFAULT,ADAPTIVE,CAR,
1787973284423,3.59426379,2239,unnamed,,NO_POSE,UNKNOWN,0,0,0,0,0,0,0,0,1,0,0,0,0,,,,,,,,,,,,1.1752919,850.852417,0,,,0,3,306.460022,267.322601,38338,DEFAULT,ADAPTIVE,CAR,
1787973284424,3.59559965,2240,unnamed,,NO_POSE,UNKNOWN,0,0,0,0,0,0,0,0,1,0,0,0,0,,,,,,,,,,,,1.33604193,748.479492,0,,,0,3,305.269501,267.322601,38338,DEFAULT,ADAPTIVE,CAR,
1787973284427,3.59882307,2241,unnamed,,NO_POSE,UNKNOWN,0,0,0,0,0,0,0,0,1,0,0,0,0,,,,,,,,,,,,3.22337484,310.233856,0,,,0,3,305.310089,267.322601,38338,DEFAULT,ADAPTIVE,CAR,
1787973284429,3.60004711,2242,unnamed,,NO_POSE,UNKNOWN,0,0,0,0,0,0,0,0,1,0,0,0,0,,,,,,,,,,,,1.22404099,816.966125,0,,,0,3,305.361969,267.322601,38338,DEFAULT,ADAPTIVE,CAR,
1787973284430,3.60114646,2243,unnamed,,NO_POSE,UNKNOWN,0,0,0,0,0,0,0,0,1,0,0,0,0,,,,,,,,,,,,1.09937501,909.607788,0,,,0,3,305.412476,267.322601,38338,DEFAULT,ADAPTIVE,CAR,
1787973284431,3.60224748,2244,unnamed,,NO_POSE,UNKNOWN,0,0,0,0,0,0,0,0,1,0,0,0,0,,,,,,,,,,,,1.10083401,908.402161,0,,,0,3,305.462982,267.322601,38338,DEFAULT,ADAPTIVE,CAR,
1787973284432,3.60374475,2245,unnamed,,NO_POSE,UNKNOWN,0,0,0,0,0,0,0,0,1,0,0,0,0,,,,,,,,,,,,1.4974159,667.817139,0,,,0,3,305.513489,267.322601,38338,DEFAULT,ADAPTIVE,CAR,
1787973284437,3.60802531,2246,unnamed,,NO_POSE,UNKNOWN,0,0,0,0,0,0,0,0,1,0,0,0,0,,,,,,,,,,,,4.28041744,233.622086,0,,,0,3,305.563965,267.322601,38338,DEFAULT,ADAPTIVE,CAR,
1787973284438,3.60926819,2247,unnamed,,NO_POSE,UNKNOWN,0,0,0,0,0,0,0,0,1,0,0,0,0,,,,,,,,,,,,1.24291706,804.55896,0,,,0,3,305.614471,267.322601,38338,DEFAULT,ADAPTIVE,CAR,
1787973284439,3.61034322,2248,unnamed,,NO_POSE,UNKNOWN,0,0,0,0,0,0,0,0,1,0,0,0,0,,,,,,,,,,,,1.07504106,930.197083,0,,,0,3,305.664978,267.322601,38338,DEFAULT,ADAPTIVE,CAR,
1787973284440,3.61175013,2249,unnamed,,NO_POSE,UNKNOWN,0,0,0,0,0,0,0,0,1,0,0,0,0,,,,,,,,,,,,1.40687501,710.795227,0,,,0,3,304.648254,267.322601,38338,DEFAULT,ADAPTIVE,CAR,
1787973284444,3.61504173,2250,unnamed,,NO_POSE,UNKNOWN,0,0,0,0,0,0,0,0,1,0,0,0,0,,,,,,,,,,,,3.29179192,303.785889,0,,,0,3,304.696106,267.322601,38338,DEFAULT,ADAPTIVE,CAR,
1787973284445,3.61645651,2251,unnamed,,NO_POSE,UNKNOWN,0,0,0,0,0,0,0,0,1,0,0,0,0,,,,,,,,,,,,1.41479206,706.817688,0,,,0,3,304.746613,267.322601,38338,DEFAULT,ADAPTIVE,CAR,
1787973284446,3.61767077,2252,unnamed,,NO_POSE,UNKNOWN,0,0,0,0,0,0,0,0,1,0,0,0,0,,,,,,,,,,,,1.21424997,823.55365,0,,,0,3,304.797119,267.322601,38338,DEFAULT,ADAPTIVE,CAR,
1787973284447,3.61884546,2253,unnamed,,NO_POSE,UNKNOWN,0,0,0,0,0,0,0,0,1,0,0,0,0,,,,,,,,,,,,1.17449999,851.426147,0,,,0,3,304.847626,267.322601,38338,DEFAULT,ADAPTIVE,CAR,
1787973284449,3.62003136,2254,unnamed,,NO_POSE,UNKNOWN,0,0,0,0,0,0,0,0,1,0,0,0,0,,,,,,,,,,,,1.186041,843.141113,0,,,0,3,304.898163,267.322601,38338,DEFAULT,ADAPTIVE,CAR,
1787973284451,3.62296057,2255,unnamed,,NO_POSE,UNKNOWN,0,0,0,0,0,0,0,0,1,0,0,0,0,,,,,,,,,,,,2.92920899,341.389099,0,,,0,3,304.9487,267.322601,38338,DEFAULT,ADAPTIVE,CAR,
1787973284453,3.62487936,2256,unnamed,,NO_POSE,UNKNOWN,0,0,0,0,0,0,0,0,1,0,0,0,0,,,,,,,,,,,,1.918625,521.206604,0,,,0,3,304.999207,267.322601,38338,DEFAULT,ADAPTIVE,CAR,
1787973284455,3.6262641,2257,unnamed,,NO_POSE,UNKNOWN,0,0,0,0,0,0,0,0,1,0,0,0,0,,,,,,,,,,,,1.38495803,722.043518,0,,,0,3,305.049744,267.322601,38338,DEFAULT,ADAPTIVE,CAR,
1787973284456,3.62756038,2258,unnamed,,NO_POSE,UNKNOWN,0,0,0,0,0,0,0,0,1,0,0,0,0,,,,,,,,,,,,1.29608297,771.555542,0,,,0,3,303.783783,267.322601,38338,DEFAULT,ADAPTIVE,CAR,
1787973284457,3.62874627,2259,unnamed,,NO_POSE,UNKNOWN,0,0,0,0,0,0,0,0,1,0,0,0,0,,,,,,,,,,,,1.18608403,843.110596,0,,,0,3,303.830322,267.322601,38338,DEFAULT,ADAPTIVE,CAR,
1787973284460,3.63178492,2260,unnamed,,NO_POSE,UNKNOWN,0,0,0,0,0,0,0,0,1,0,0,0,0,,,,,,,,,,,,3.03850007,329.109772,0,,,0,3,303.833984,267.322601,38338,DEFAULT,ADAPTIVE,CAR,
1787973284461,3.63295341,2261,unnamed,,NO_POSE,UNKNOWN,0,0,0,0,0,0,0,0,1,0,0,0,0,,,,,,,,,,,,1.168625,855.706543,0,,,0,3,303.884491,267.322601,38338,DEFAULT,ADAPTIVE,CAR,
1787973284463,3.63404775,2262,unnamed,,NO_POSE,UNKNOWN,0,0,0,0,0,0,0,0,1,0,0,0,0,,,,,,,,,,,,1.09433305,913.798645,0,,,0,3,303.934998,267.322601,38338,DEFAULT,ADAPTIVE,CAR,
1787973284464,3.63505745,2263,unnamed,,NO_POSE,UNKNOWN,0,0,0,0,0,0,0,0,1,0,0,0,0,,,,,,,,,,,,1.00962508,990.466736,0,,,0,3,303.985474,267.322601,38338,DEFAULT,ADAPTIVE,CAR,
1787973284464,3.63590002,2264,unnamed,,NO_POSE,UNKNOWN,0,0,0,0,0,0,0,0,1,0,0,0,0,,,,,,,,,,,,0.842583001,1186.82666,0,,,0,3,304.036102,267.322601,38338,DEFAULT,ADAPTIVE,CAR,
1787973284465,3.63663793,2265,unnamed,,NO_POSE,UNKNOWN,0,0,0,0,0,0,0,0,1,0,0,0,0,,,,,,,,,,,,0.737999976,1355.01355,0,,,0,3,304.087616,267.322601,38338,DEFAULT,ADAPTIVE,CAR,
1787973284466,3.63724136,2266,unnamed,,NO_POSE,UNKNOWN,0,0,0,0,0,0,0,0,1,0,0,0,0,,,,,,,,,,,,0.60333401,1657.45679,0,,,0,3,304.138123,267.322601,38338,DEFAULT,ADAPTIVE,CAR,
1787973284466,3.63793898,2267,unnamed,,NO_POSE,UNKNOWN,0,0,0,0,0,0,0,0,1,0,0,0,0,,,,,,,,,,,,0.69758302,1433.52112,0,,,0,3,304.188629,267.322601,38338,DEFAULT,ADAPTIVE,CAR,
1787973284467,3.63867569,2268,unnamed,,NO_POSE,UNKNOWN,0,0,0,0,0,0,0,0,1,0,0,0,0,,,,,,,,,,,,0.736625016,1357.54285,0,,,0,3,304.192291,267.322601,38338,DEFAULT,ADAPTIVE,CAR,
1787973284468,3.63956141,2269,unnamed,,NO_POSE,UNKNOWN,0,0,0,0,0,0,0,0,1,0,0,0,0,,,,,,,,,,,,0.885749996,1128.98669,0,,,0,3,304.242798,267.322601,38338,DEFAULT,ADAPTIVE,CAR,
1787973284469,3.64034486,2270,unnamed,,NO_POSE,UNKNOWN,0,0,0,0,0,0,0,0,1,0,0,0,0,,,,,,,,,,,,0.783500016,1276.3241,0,,,0,3,304.293304,267.322601,38338,DEFAULT,ADAPTIVE,CAR,
1787973284469,3.64104533,2271,unnamed,,NO_POSE,UNKNOWN,0,0,0,0,0,0,0,0,1,0,0,0,0,,,,,,,,,,,,0.700582981,1427.38269,0,,,0,3,304.343811,267.322601,38338,DEFAULT,ADAPTIVE,CAR,
1787973284470,3.64164734,2272,unnamed,,NO_POSE,UNKNOWN,0,0,0,0,0,0,0,0,1,0,0,0,0,,,,,,,,,,,,0.601833999,1661.58777,0,,,0,3,304.394287,267.322601,38338,DEFAULT,ADAPTIVE,CAR,
1787973284471,3.64224625,2273,unnamed,,NO_POSE,UNKNOWN,0,0,0,0,0,0,0,0,1,0,0,0,0,,,,,,,,,,,,0.598916054,1669.68311,0,,,0,3,303.303131,267.322601,38338,DEFAULT,ADAPTIVE,CAR,
1787973284471,3.64283752,2274,unnamed,,NO_POSE,UNKNOWN,0,0,0,0,0,0,0,0,1,0,0,0,0,,,,,,,,,,,,0.591458976,1690.73425,0,,,0,3,303.350983,267.322601,38338,DEFAULT,ADAPTIVE,CAR,
1787973284472,3.64352655,2275,unnamed,,NO_POSE,UNKNOWN,0,0,0,0,0,0,0,0,1,0,0,0,0,,,,,,,,,,,,0.688957989,1451.46729,0,,,0,3,303.401489,267.322601,38338,DEFAULT,ADAPTIVE,CAR,
1787973284473,3.64413571,2276,unnamed,,NO_POSE,UNKNOWN,0,0,0,0,0,0,0,0,1,0,0,0,0,,,,,,,,,,,,0.609125018,1641.6991,0,,,0,3,303.451996,267.322601,38338,DEFAULT,ADAPTIVE,CAR,
1787973284473,3.64474154,2277,unnamed,,NO_POSE,UNKNOWN,0,0,0,0,0,0,0,0,1,0,0,0,0,,,,,,,,,,,,0.605875015,1650.50549,0,,,0,3,303.502502,267.322601,38338,DEFAULT,ADAPTIVE,CAR,
1787973284474,3.64535713,2278,unnamed,,NO_POSE,UNKNOWN,0,0,0,0,0,0,0,0,1,0,0,0,0,,,,,,,,,,,,0.615583003,1624.47632,0,,,0,3,303.553009,267.322601,38338,DEFAULT,ADAPTIVE,CAR,
1787973284475,3.64605498,2279,unnamed,,NO_POSE,UNKNOWN,0,0,0,0,0,0,0,0,1,0,0,0,0,,,,,,,,,,,,0.697708964,1433.26233,0,,,0,3,303.603516,267.322601,38338,DEFAULT,ADAPTIVE,CAR,
1787973284475,3.64676571,2280,unnamed,,NO_POSE,UNKNOWN,0,0,0,0,0,0,0,0,1,0,0,0,0,,,,,,,,,,,,0.710875034,1406.71704,0,,,0,3,303.654022,267.322601,38338,DEFAULT,ADAPTIVE,CAR,
1787973284476,3.64764857,2281,unnamed,,NO_POSE,UNKNOWN,0,0,0,0,0,0,0,0,1,0,0,0,0,,,,,,,,,,,,0.882750034,1132.82349,0,,,0,3,303.705322,267.322601,38338,DEFAULT,ADAPTIVE,CAR,
1787973284477,3.64833903,2282,unnamed,,NO_POSE,UNKNOWN,0,0,0,0,0,0,0,0,1,0,0,0,0,,,,,,,,,,,,0.69058305,1448.05176,0,,,0,3,303.755829,267.322601,38338,DEFAULT,ADAPTIVE,CAR,
1787973284477,3.64893746,2283,unnamed,,NO_POSE,UNKNOWN,0,0,0,0,0,0,0,0,1,0,0,0,0,,,,,,,,,,,,0.598457992,1670.96106,0,,,0,3,303.806335,267.322601,38338,DEFAULT,ADAPTIVE,CAR,
1787973284478,3.64953876,2284,unnamed,,NO_POSE,UNKNOWN,0,0,0,0,0,0,0,0,1,0,0,0,0,,,,,,,,,,,,0.601166964,1663.4314,0,,,0,3,303.856812,267.322601,38338,DEFAULT,ADAPTIVE,CAR,
1787973284478,3.65003943,2285,unnamed,,NO_POSE,UNKNOWN,0,0,0,0,0,0,0,0,1,0,0,0,0,,,,,,,,,,,,0.500667036,1997.33545,0,,,0,3,303.907318,267.322601,38338,DEFAULT,ADAPTIVE,CAR,
1787973284479,3.65065575,2286,unnamed,,NO_POSE,UNKNOWN,0,0,0,0,0,0,0,0,1,0,0,0,0,,,,,,,,,,,,0.616457999,1622.17053,0,,,0,3,303.957886,267.322601,38338,DEFAULT,ADAPTIVE,CAR,
1787973284480,3.65124297,2287,unnamed,,NO_POSE,UNKNOWN,0,0,0,0,0,0,0,0,1,0,0,0,0,,,,,,,,,,,,0.587249994,1702.85229,0,,,0,3,304.009003,267.322601,38338,DEFAULT,ADAPTIVE,CAR,
1787973284480,3.65190458,2288,unnamed,,NO_POSE,UNKNOWN,0,0,0,0,0,0,0,0,1,0,0,0,0,,,,,,,,,,,,0.661499977,1511.71582,0,,,0,3,304.058899,267.322601,38338,DEFAULT,ADAPTIVE,CAR,
1787973284481,3.65245056,2289,unnamed,,NO_POSE,UNKNOWN,0,0,0,0,0,0,0,0,1,0,0,0,0,,,,,,,,,,,,0.545875013,1831.92126,0,,,0,3,304.109436,267.322601,38338,DEFAULT,ADAPTIVE,CAR,
1787973284482,3.65313339,2290,unnamed,,NO_POSE,UNKNOWN,0,0,0,0,0,0,0,0,1,0,0,0,0,,,,,,,,,,,,0.682958007,1464.21887,0,,,0,3,304.159943,267.322601,38338,DEFAULT,ADAPTIVE,CAR,
1787973284482,3.65374374,2291,unnamed,,NO_POSE,UNKNOWN,0,0,0,0,0,0,0,0,1,0,0,0,0,,,,,,,,,,,,0.610208988,1638.78271,0,,,0,3,304.210449,267.322601,38338,DEFAULT,ADAPTIVE,CAR,
1787973284483,3.65434456,2292,unnamed,,NO_POSE,UNKNOWN,0,0,0,0,0,0,0,0,1,0,0,0,0,,,,,,,,,,,,0.60087502,1664.23962,0,,,0,3,304.260956,267.322601,38338,DEFAULT,ADAPTIVE,CAR,
1787973284484,3.65510654,2293,unnamed,,NO_POSE,UNKNOWN,0,0,0,0,0,0,0,0,1,0,0,0,0,,,,,,,,,,,,0.761958003,1312.40833,0,,,0,3,304.311462,267.322601,38338,DEFAULT,ADAPTIVE,CAR,
1787973284484,3.65585303,2294,unnamed,,NO_POSE,UNKNOWN,0,0,0,0,0,0,0,0,1,0,0,0,0,,,,,,,,,,,,0.746625006,1339.36047,0,,,0,3,304.361938,267.322601,38338,DEFAULT,ADAPTIVE,CAR,
1787973284485,3.65655351,2295,unnamed,,NO_POSE,UNKNOWN,0,0,0,0,0,0,0,0,1,0,0,0,0,,,,,,,,,,,,0.70045799,1427.63733,0,,,0,3,304.412445,267.322601,38338,DEFAULT,ADAPTIVE,CAR,
1787973284486,3.65724182,2296,unnamed,,NO_POSE,UNKNOWN,0,0,0,0,0,0,0,0,1,0,0,0,0,,,,,,,,,,,,0.688292027,1452.8717,0,,,0,3,304.462952,267.322601,38338,DEFAULT,ADAPTIVE,CAR,
1787973284486,3.65783691,2297,unnamed,,NO_POSE,UNKNOWN,0,0,0,0,0,0,0,0,1,0,0,0,0,,,,,,,,,,,,0.595082998,1680.43787,0,,,0,3,304.513428,267.322601,38338,DEFAULT,ADAPTIVE,CAR,
1787973284487,3.65843058,2298,unnamed,,NO_POSE,UNKNOWN,0,0,0,0,0,0,0,0,1,0,0,0,0,,,,,,,,,,,,0.593666971,1684.44604,0,,,0,3,304.563934,267.322601,38338,DEFAULT,ADAPTIVE,CAR,
1787973284488,3.65905023,2299,unnamed,,NO_POSE,UNKNOWN,0,0,0,0,0,0,0,0,1,0,0,0,0,,,,,,,,,,,,0.619624972,1613.87939,0,,,0,3,304.614441,267.322601,38338,DEFAULT,ADAPTIVE,CAR,
1787973284488,3.65972638,2300,unnamed,,NO_POSE,UNKNOWN,0,0,0,0,0,0,0,0,1,0,0,0,0,,,,,,,,,,,,0.676082969,1479.1084,0,,,0,3,304.664948,267.322601,38338,DEFAULT,ADAPTIVE,CAR,
1787973284489,3.66033459,2301,unnamed,,NO_POSE,UNKNOWN,0,0,0,0,0,0,0,0,1,0,0,0,0,,,,,,,,,,,,0.608334005,1643.83374,0,,,0,3,304.715454,267.322601,38338,DEFAULT,ADAPTIVE,CAR,
1787973284489,3.66094518,2302,unnamed,,NO_POSE,UNKNOWN,0,0,0,0,0,0,0,0,1,0,0,0,0,,,,,,,,,,,,0.610458016,1638.11426,0,,,0,3,304.766571,267.322601,38338,DEFAULT,ADAPTIVE,CAR,
1787973284490,3.66152525,2303,unnamed,,NO_POSE,UNKNOWN,0,0,0,0,0,0,0,0,1,0,0,0,0,,,,,,,,,,,,0.580249965,1723.39514,0,,,0,3,304.816437,267.322601,38338,DEFAULT,ADAPTIVE,CAR,
1787973284491,3.66213846,2304,unnamed,,NO_POSE,UNKNOWN,0,0,0,0,0,0,0,0,1,0,0,0,0,,,,,,,,,,,,0.613124967,1630.98889,0,,,0,3,303.778015,267.322601,38338,DEFAULT,ADAPTIVE,CAR,
1787973284491,3.66275501,2305,unnamed,,NO_POSE,UNKNOWN,0,0,0,0,0,0,0,0,1,0,0,0,0,,,,,,,,,,,,0.616666973,1621.62085,0,,,0,3,303.825897,267.322601,38338,DEFAULT,ADAPTIVE,CAR,
1787973284492,3.66343784,2306,unnamed,,NO_POSE,UNKNOWN,0,0,0,0,0,0,0,0,1,0,0,0,0,,,,,,,,,,,,0.682624996,1464.93323,0,,,0,3,303.876404,267.322601,38338,DEFAULT,ADAPTIVE,CAR,
1787973284493,3.664258,2307,unnamed,,NO_POSE,UNKNOWN,0,0,0,0,0,0,0,0,1,0,0,0,0,,,,,,,,,,,,0.820250034,1219.1405,0,,,0,3,303.926941,267.322601,38338,DEFAULT,ADAPTIVE,CAR,
1787973284493,3.66494012,2308,unnamed,,NO_POSE,UNKNOWN,0,0,0,0,0,0,0,0,1,0,0,0,0,,,,,,,,,,,,0.682083011,1466.09717,0,,,0,3,303.977448,267.322601,38338,DEFAULT,ADAPTIVE,CAR,
1787973284494,3.66554117,2309,unnamed,,NO_POSE,UNKNOWN,0,0,0,0,0,0,0,0,1,0,0,0,0,,,,,,,,,,,,0.600999951,1663.89355,0,,,0,3,304.027924,267.322601,38338,DEFAULT,ADAPTIVE,CAR,
1787973284495,3.66613674,2310,unnamed,,NO_POSE,UNKNOWN,0,0,0,0,0,0,0,0,1,0,0,0,0,,,,,,,,,,,,0.595542014,1679.1427,0,,,0,3,304.07843,267.322601,38338,DEFAULT,ADAPTIVE,CAR,
1787973284495,3.66673064,2311,unnamed,,NO_POSE,UNKNOWN,0,0,0,0,0,0,0,0,1,0,0,0,0,,,,,,,,,,,,0.593915999,1683.73987,0,,,0,3,304.128937,267.322601,38338,DEFAULT,ADAPTIVE,CAR,
1787973284496,3.66739225,2312,unnamed,,NO_POSE,UNKNOWN,0,0,0,0,0,0,0,0,1,0,0,0,0,,,,,,,,,,,,0.661667049,1511.33423,0,,,0,3,304.179443,267.322601,38338,DEFAULT,ADAPTIVE,CAR,
1787973284497,3.66810822,2313,unnamed,,NO_POSE,UNKNOWN,0,0,0,0,0,0,0,0,1,0,0,0,0,,,,,,,,,,,,0.715999961,1396.64807,0,,,0,3,304.229919,267.322601,38338,DEFAULT,ADAPTIVE,CAR,
1787973284497,3.66873884,2314,unnamed,,NO_POSE,UNKNOWN,0,0,0,0,0,0,0,0,1,0,0,0,0,,,,,,,,,,,,0.630707979,1585.51978,0,,,0,3,304.280426,267.322601,38338,DEFAULT,ADAPTIVE,CAR,
1787973284498,3.66933584,2315,unnamed,,NO_POSE,UNKNOWN,0,0,0,0,0,0,0,0,1,0,0,0,0,,,,,,,,,,,,0.596916974,1675.27478,0,,,0,3,304.330933,267.322601,38338,DEFAULT,ADAPTIVE,CAR,
1787973284498,3.6699357,2316,unnamed,,NO_POSE,UNKNOWN,0,0,0,0,0,0,0,0,1,0,0,0,0,,,,,,,,,,,,0.599792004,1667.24463,0,,,0,3,304.381439,267.322601,38338,DEFAULT,ADAPTIVE,CAR,
1787973284499,3.67053509,2317,unnamed,,NO_POSE,UNKNOWN,0,0,0,0,0,0,0,0,1,0,0,0,0,,,,,,,,,,,,0.599541008,1667.94263,0,,,0,3,304.431915,267.322601,38338,DEFAULT,ADAPTIVE,CAR,
1787973284500,3.67113805,2318,unnamed,,NO_POSE,UNKNOWN,0,0,0,0,0,0,0,0,1,0,0,0,0,,,,,,,,,,,,0.602792025,1658.94702,0,,,0,3,304.482422,267.322601,38338,DEFAULT,ADAPTIVE,CAR,
1787973284500,3.67178416,2319,unnamed,,NO_POSE,UNKNOWN,0,0,0,0,0,0,0,0,1,0,0,0,0,,,,,,,,,,,,0.64624995,1547.38879,0,,,0,3,304.532928,267.322601,38338,DEFAULT,ADAPTIVE,CAR,
1787973284501,3.67244053,2320,unnamed,,NO_POSE,UNKNOWN,0,0,0,0,0,0,0,0,1,0,0,0,0,,,,,,,,,,,,0.65625,1523.80957,0,,,0,3,304.583435,267.322601,38338,DEFAULT,ADAPTIVE,CAR,
1787973284502,3.67326593,2321,unnamed,,NO_POSE,UNKNOWN,0,0,0,0,0,0,0,0,1,0,0,0,0,,,,,,,,,,,,0.825500011,1211.38708,0,,,0,3,304.633911,267.322601,38338,DEFAULT,ADAPTIVE,CAR,
1787973284502,3.6739471,2322,unnamed,,NO_POSE,UNKNOWN,0,0,0,0,0,0,0,0,1,0,0,0,0,,,,,,,,,,,,0.681083024,1468.24976,0,,,0,3,304.684418,267.322601,38338,DEFAULT,ADAPTIVE,CAR,
1787973284503,3.67463446,2323,unnamed,,NO_POSE,UNKNOWN,0,0,0,0,0,0,0,0,1,0,0,0,0,,,,,,,,,,,,0.687375009,1454.80994,0,,,0,3,304.734955,267.322601,38338,DEFAULT,ADAPTIVE,CAR,
1787973284504,3.67525506,2324,unnamed,,NO_POSE,UNKNOWN,0,0,0,0,0,0,0,0,1,0,0,0,0,,,,,,,,,,,,0.620584011,1611.38538,0,,,0,3,304.785461,267.322601,38338,DEFAULT,ADAPTIVE,CAR,
1787973284505,3.67604899,2325,unnamed,,NO_POSE,UNKNOWN,0,0,0,0,0,0,0,0,1,0,0,0,0,,,,,,,,,,,,0.794041038,1259.38074,0,,,0,3,304.835968,267.322601,38338,DEFAULT,ADAPTIVE,CAR,
1787973284505,3.67663431,2326,unnamed,,NO_POSE,UNKNOWN,0,0,0,0,0,0,0,0,1,0,0,0,0,,,,,,,,,,,,0.585375011,1708.30664,0,,,0,3,304.886444,267.322601,38338,DEFAULT,ADAPTIVE,CAR,
1787973284506,3.67724204,2327,unnamed,,NO_POSE,UNKNOWN,0,0,0,0,0,0,0,0,1,0,0,0,0,,,,,,,,,,,,0.607541978,1645.97681,0,,,0,3,304.936951,267.322601,38338,DEFAULT,ADAPTIVE,CAR,
1787973284506,3.6778338,2328,unnamed,,NO_POSE,UNKNOWN,0,0,0,0,0,0,0,0,1,0,0,0,0,,,,,,,,,,,,0.591750026,1689.90271,0,,,0,3,304.46286,267.322601,38338,DEFAULT,ADAPTIVE,CAR,
1787973284507,3.67842913,2329,unnamed,,NO_POSE,UNKNOWN,0,0,0,0,0,0,0,0,1,0,0,0,0,,,,,,,,,,,,0.595499992,1679.26111,0,,,0,3,304.512054,267.322601,38338,DEFAULT,ADAPTIVE,CAR,
1787973284507,3.67904353,2330,unnamed,,NO_POSE,UNKNOWN,0,0,0,0,0,0,0,0,1,0,0,0,0,,,,,,,,,,,,0.614207983,1628.11292,0,,,0,3,304.562531,267.322601,38338,DEFAULT,ADAPTIVE,CAR,
1787973284508,3.67973471,2331,unnamed,,NO_POSE,UNKNOWN,0,0,0,0,0,0,0,0,1,0,0,0,0,,,,,,,,,,,,0.691334009,1446.47876,0,,,0,3,304.613037,267.322601,38338,DEFAULT,ADAPTIVE,CAR,
1787973284509,3.68044686,2332,unnamed,,NO_POSE,UNKNOWN,0,0,0,0,0,0,0,0,1,0,0,0,0,,,,,,,,,,,,0.712207973,1404.08423,0,,,0,3,304.663544,267.322601,38338,DEFAULT,ADAPTIVE,CAR,
1787973284510,3.68124247,2333,unnamed,,NO_POSE,UNKNOWN,0,0,0,0,0,0,0,0,1,0,0,0,0,,,,,,,,,,,,0.79549998,1257.07104,0,,,0,3,304.71405,267.322601,38338,DEFAULT,ADAPTIVE,CAR,
1787973284510,3.68183374,2334,unnamed,,NO_POSE,UNKNOWN,0,0,0,0,0,0,0,0,1,0,0,0,0,,,,,,,,,,,,0.591167033,1691.56934,0,,,0,3,304.764526,267.322601,38338,DEFAULT,ADAPTIVE,CAR,
1787973284511,3.6824441,2335,unnamed,,NO_POSE,UNKNOWN,0,0,0,0,0,0,0,0,1,0,0,0,0,,,,,,,,,,,,0.610415995,1638.22705,0,,,0,3,304.815033,267.322601,38338,DEFAULT,ADAPTIVE,CAR,
1787973284511,3.68303061,2336,unnamed,,NO_POSE,UNKNOWN,0,0,0,0,0,0,0,0,1,0,0,0,0,,,,,,,,,,,,0.586583972,1704.78577,0,,,0,3,304.86554,267.322601,38338,DEFAULT,ADAPTIVE,CAR,
1787973284512,3.68368793,2337,unnamed,,NO_POSE,UNKNOWN,0,0,0,0,0,0,0,0,1,0,0,0,0,,,,,,,,,,,,0.657207966,1521.58838,0,,,0,3,304.916046,267.322601,38338,DEFAULT,ADAPTIVE,CAR,
1787973284513,3.68448496,2338,unnamed,,NO_POSE,UNKNOWN,0,0,0,0,0,0,0,0,1,0,0,0,0,,,,,,,,,,,,0.79708302,1254.57446,0,,,0,3,304.966553,267.322601,38338,DEFAULT,ADAPTIVE,CAR,
1787973284514,3.68513918,2339,unnamed,,NO_POSE,UNKNOWN,0,0,0,0,0,0,0,0,1,0,0,0,0,,,,,,,,,,,,0.654291987,1528.36963,0,,,0,3,305.017059,267.322601,38338,DEFAULT,ADAPTIVE,CAR,
1787973284514,3.68573642,2340,unnamed,,NO_POSE,UNKNOWN,0,0,0,0,0,0,0,0,1,0,0,0,0,,,,,,,,,,,,0.597167015,1674.57349,0,,,0,3,305.067535,267.322601,38338,DEFAULT,ADAPTIVE,CAR,
1787973284515,3.686342,2341,unnamed,,NO_POSE,UNKNOWN,0,0,0,0,0,0,0,0,1,0,0,0,0,,,,,,,,,,,,0.605624974,1651.18689,0,,,0,3,305.118042,267.322601,38338,DEFAULT,ADAPTIVE,CAR,
1787973284515,3.68692613,2342,unnamed,,NO_POSE,UNKNOWN,0,0,0,0,0,0,0,0,1,0,0,0,0,,,,,,,,,,,,0.58416599,1711.84229,0,,,0,3,305.168549,267.322601,38338,DEFAULT,ADAPTIVE,CAR,
1787973284516,3.68753839,2343,unnamed,,NO_POSE,UNKNOWN,0,0,0,0,0,0,0,0,1,0,0,0,0,,,,,,,,,,,,0.612167001,1633.54114,0,,,0,3,305.219055,267.322601,38338,DEFAULT,ADAPTIVE,CAR,
1787973284517,3.68814421,2344,unnamed,,NO_POSE,UNKNOWN,0,0,0,0,0,0,0,0,1,0,0,0,0,,,,,,,,,,,,0.605832994,1650.61987,0,,,0,3,305.269531,267.322601,38338,DEFAULT,ADAPTIVE,CAR,
1787973284517,3.6888423,2345,unnamed,,NO_POSE,UNKNOWN,0,0,0,0,0,0,0,0,1,0,0,0,0,,,,,,,,,,,,0.698041975,1432.57861,0,,,0,3,305.320038,267.322601,38338,DEFAULT,ADAPTIVE,CAR,
1787973284518,3.68954229,2346,unnamed,,NO_POSE,UNKNOWN,0,0,0,0,0,0,0,0,1,0,0,0,0,,,,,,,,,,,,0.700042009,1428.48572,0,,,0,3,305.370544,267.322601,38338,DEFAULT,ADAPTIVE,CAR,
1787973284519,3.69025016,2347,unnamed,,NO_POSE,UNKNOWN,0,0,0,0,0,0,0,0,1,0,0,0,0,,,,,,,,,,,,0.707957983,1412.51318,0,,,0,3,305.421051,267.322601,38338,DEFAULT,ADAPTIVE,CAR,
1787973284519,3.690938,2348,unnamed,,NO_POSE,UNKNOWN,0,0,0,0,0,0,0,0,1,0,0,0,0,,,,,,,,,,,,0.687875032,1453.75244,0,,,0,3,305.471527,267.322601,38338,DEFAULT,ADAPTIVE,CAR,
1787973284520,3.69153953,2349,unnamed,,NO_POSE,UNKNOWN,0,0,0,0,0,0,0,0,1,0,0,0,0,,,,,,,,,,,,0.601332963,1662.97217,0,,,0,3,305.522034,267.322601,38338,DEFAULT,ADAPTIVE,CAR,
1787973284521,3.69223905,2350,unnamed,,NO_POSE,UNKNOWN,0,0,0,0,0,0,0,0,1,0,0,0,0,,,,,,,,,,,,0.699625015,1429.33716,0,,,0,3,305.57254,267.322601,38338,DEFAULT,ADAPTIVE,CAR,
1787973284521,3.69284225,2351,unnamed,,NO_POSE,UNKNOWN,0,0,0,0,0,0,0,0,1,0,0,0,0,,,,,,,,,,,,0.603249967,1657.6875,0,,,0,3,305.623047,267.322601,38338,DEFAULT,ADAPTIVE,CAR,
1787973284522,3.69343042,2352,unnamed,,NO_POSE,UNKNOWN,0,0,0,0,0,0,0,0,1,0,0,0,0,,,,,,,,,,,,0.588167012,1700.19739,0,,,0,3,305.225769,267.322601,38338,DEFAULT,ADAPTIVE,CAR,
1787973284522,3.6940465,2353,unnamed,,NO_POSE,UNKNOWN,0,0,0,0,0,0,0,0,1,0,0,0,0,,,,,,,,,,,,0.616124988,1623.04724,0,,,0,3,305.274963,267.322601,38338,DEFAULT,ADAPTIVE,CAR,
1787973284523,3.69463229,2354,unnamed,,NO_POSE,UNKNOWN,0,0,0,0,0,0,0,0,1,0,0,0,0,,,,,,,,,,,,0.585708022,1707.33533,0,,,0,3,305.325439,267.322601,38338,DEFAULT,ADAPTIVE,CAR,
1787973284524,3.69511461,2355,unnamed,,NO_POSE,UNKNOWN,0,0,0,0,0,0,0,0,1,0,0,0,0,,,,,,,,,,,,0.482417017,2072.89551,0,,,0,3,305.375946,267.322601,38338,DEFAULT,ADAPTIVE,CAR,
1787973284524,3.69563866,2356,unnamed,,NO_POSE,UNKNOWN,0,0,0,0,0,0,0,0,1,0,0,0,0,,,,,,,,,,,,0.523832977,1909.00549,0,,,0,3,305.426453,267.322601,38338,DEFAULT,ADAPTIVE,CAR,
1787973284525,3.69635487,2357,unnamed,,NO_POSE,UNKNOWN,0,0,0,0,0,0,0,0,1,0,0,0,0,,,,,,,,,,,,0.716374993,1395.91687,0,,,0,3,305.476929,267.322601,38338,DEFAULT,ADAPTIVE,CAR,
1787973284526,3.69705558,2358,unnamed,,NO_POSE,UNKNOWN,0,0,0,0,0,0,0,0,1,0,0,0,0,,,,,,,,,,,,0.700749993,1427.04248,0,,,0,3,305.527435,267.322601,38338,DEFAULT,ADAPTIVE,CAR,
1787973284526,3.69774127,2359,unnamed,,NO_POSE,UNKNOWN,0,0,0,0,0,0,0,0,1,0,0,0,0,,,,,,,,,,,,0.685541987,1458.69983,0,,,0,3,305.577942,267.322601,38338,DEFAULT,ADAPTIVE,CAR,
1787973284527,3.69833565,2360,unnamed,,NO_POSE,UNKNOWN,0,0,0,0,0,0,0,0,1,0,0,0,0,,,,,,,,,,,,0.594458044,1682.20459,0,,,0,3,305.628448,267.322601,38338,DEFAULT,ADAPTIVE,CAR,
1787973284527,3.69893122,2361,unnamed,,NO_POSE,UNKNOWN,0,0,0,0,0,0,0,0,1,0,0,0,0,,,,,,,,,,,,0.595542014,1679.1427,0,,,0,3,305.678955,267.322601,38338,DEFAULT,ADAPTIVE,CAR,
1787973284528,3.69954252,2362,unnamed,,NO_POSE,UNKNOWN,0,0,0,0,0,0,0,0,1,0,0,0,0,,,,,,,,,,,,0.611249983,1635.99182,0,,,0,3,305.683197,267.322601,38338,DEFAULT,ADAPTIVE,CAR,
1787973284529,3.70024371,2363,unnamed,,NO_POSE,UNKNOWN,0,0,0,0,0,0,0,0,1,0,0,0,0,,,,,,,,,,,,0.701166987,1426.19385,0,,,0,3,305.733124,267.322601,38338,DEFAULT,ADAPTIVE,CAR,
1787973284529,3.70083404,2364,unnamed,,NO_POSE,UNKNOWN,0,0,0,0,0,0,0,0,1,0,0,0,0,,,,,,,,,,,,0.590499997,1693.4801,0,,,0,3,305.78363,267.322601,38338,DEFAULT,ADAPTIVE,CAR,
1787973284530,3.70143414,2365,unnamed,,NO_POSE,UNKNOWN,0,0,0,0,0,0,0,0,1,0,0,0,0,,,,,,,,,,,,0.599915981,1666.90015,0,,,0,3,305.834106,267.322601,38338,DEFAULT,ADAPTIVE,CAR,
1787973284530,3.70203662,2366,unnamed,,NO_POSE,UNKNOWN,0,0,0,0,0,0,0,0,1,0,0,0,0,,,,,,,,,,,,0.602625012,1659.40674,0,,,0,3,305.884613,267.322601,38338,DEFAULT,ADAPTIVE,CAR,
1787973284531,3.7026341,2367,unnamed,,NO_POSE,UNKNOWN,0,0,0,0,0,0,0,0,1,0,0,0,0,,,,,,,,,,,,0.597416997,1673.87268,0,,,0,3,305.93512,267.322601,38338,DEFAULT,ADAPTIVE,CAR,
1787973284532,3.70323515,2368,unnamed,,NO_POSE,UNKNOWN,0,0,0,0,0,0,0,0,1,0,0,0,0,,,,,,,,,,,,0.601125002,1663.54749,0,,,0,3,305.985596,267.322601,38338,DEFAULT,ADAPTIVE,CAR,
1787973284532,3.70383406,2369,unnamed,,NO_POSE,UNKNOWN,0,0,0,0,0,0,0,0,1,0,0,0,0,,,,,,,,,,,,0.598833025,1669.91455,0,,,0,3,306.036102,267.322601,38338,DEFAULT,ADAPTIVE,CAR,
1787973284533,3.70445585,2370,unnamed,,NO_POSE,UNKNOWN,0,0,0,0,0,0,0,0,1,0,0,0,0,,,,,,,,,,,,0.621708989,1608.4696,0,,,0,3,306.086639,267.322601,38338,DEFAULT,ADAPTIVE,CAR,
1787973284534,3.70523214,2371,unnamed,,NO_POSE,UNKNOWN,0,0,0,0,0,0,0,0,1,0,0,0,0,,,,,,,,,,,,0.776291013,1288.17676,0,,,0,3,306.137146,267.322601,38338,DEFAULT,ADAPTIVE,CAR,
1787973284535,3.70604396,2372,unnamed,,NO_POSE,UNKNOWN,0,0,0,0,0,0,0,0,1,0,0,0,0,,,,,,,,,,,,0.812000036,1231.5271,0,,,0,3,306.187683,267.322601,38338,DEFAULT,ADAPTIVE,CAR,
1787973284535,3.70672679,2373,unnamed,,NO_POSE,UNKNOWN,0,0,0,0,0,0,0,0,1,0,0,0,0,,,,,,,,,,,,0.682667017,1464.84302,0,,,0,3,306.23819,267.322601,38338,DEFAULT,ADAPTIVE,CAR,
1787973284536,3.70733023,2374,unnamed,,NO_POSE,UNKNOWN,0,0,0,0,0,0,0,0,1,0,0,0,0,,,,,,,,,,,,0.603457987,1657.11621,0,,,0,3,306.288696,267.322601,38338,DEFAULT,ADAPTIVE,CAR,
1787973284537,3.70810533,2375,unnamed,,NO_POSE,UNKNOWN,0,0,0,0,0,0,0,0,1,0,0,0,0,,,,,,,,,,,,0.775250018,1289.90649,0,,,0,3,306.339172,267.322601,38338,DEFAULT,ADAPTIVE,CAR,
1787973284537,3.70876265,2376,unnamed,,NO_POSE,UNKNOWN,0,0,0,0,0,0,0,0,1,0,0,0,0,,,,,,,,,,,,0.657249987,1521.49109,0,,,0,3,305.992615,267.322601,38338,DEFAULT,ADAPTIVE,CAR,
1787973284538,3.70933318,2377,unnamed,,NO_POSE,UNKNOWN,0,0,0,0,0,0,0,0,1,0,0,0,0,,,,,,,,,,,,0.570541978,1752.71936,0,,,0,3,306.043121,267.322601,38338,DEFAULT,ADAPTIVE,CAR,
1787973284538,3.70993233,2378,unnamed,,NO_POSE,UNKNOWN,0,0,0,0,0,0,0,0,1,0,0,0,0,,,,,,,,,,,,0.599041998,1669.33203,0,,,0,3,306.093628,267.322601,38338,DEFAULT,ADAPTIVE,CAR,
1787973284539,3.71053648,2379,unnamed,,NO_POSE,UNKNOWN,0,0,0,0,0,0,0,0,1,0,0,0,0,,,,,,,,,,,,0.604166031,1655.17419,0,,,0,3,306.144135,267.322601,38338,DEFAULT,ADAPTIVE,CAR,
1787973284540,3.71113658,2380,unnamed,,NO_POSE,UNKNOWN,0,0,0,0,0,0,0,0,1,0,0,0,0,,,,,,,,,,,,0.600125015,1666.31946,0,,,0,3,306.194641,267.322601,38338,DEFAULT,ADAPTIVE,CAR,
1787973284540,3.71173835,2381,unnamed,,NO_POSE,UNKNOWN,0,0,0,0,0,0,0,0,1,0,0,0,0,,,,,,,,,,,,0.601916969,1661.35864,0,,,0,3,306.245148,267.322601,38338,DEFAULT,ADAPTIVE,CAR,
1787973284541,3.71235418,2382,unnamed,,NO_POSE,UNKNOWN,0,0,0,0,0,0,0,0,1,0,0,0,0,,,,,,,,,,,,0.615749955,1624.03577,0,,,0,3,306.295654,267.322601,38338,DEFAULT,ADAPTIVE,CAR,
1787973284542,3.71319199,2383,unnamed,,NO_POSE,UNKNOWN,0,0,0,0,0,0,0,0,1,0,0,0,0,,,,,,,,,,,,0.837707996,1193.7334,0,,,0,3,306.34613,267.322601,38338,DEFAULT,ADAPTIVE,CAR,
1787973284542,3.71395969,2384,unnamed,,NO_POSE,UNKNOWN,0,0,0,0,0,0,0,0,1,0,0,0,0,,,,,,,,,,,,0.767666996,1302.64807,0,,,0,3,306.396637,267.322601,38338,DEFAULT,ADAPTIVE,CAR,
1787973284543,3.7146523,2385,unnamed,,NO_POSE,UNKNOWN,0,0,0,0,0,0,0,0,1,0,0,0,0,,,,,,,,,,,,0.692833006,1443.34924,0,,,0,3,306.447144,267.322601,38338,DEFAULT,ADAPTIVE,CAR,
1787973284544,3.71523046,2386,unnamed,,NO_POSE,UNKNOWN,0,0,0,0,0,0,0,0,1,0,0,0,0,,,,,,,,,,,,0.578125,1729.72974,0,,,0,3,306.49765,267.322601,38338,DEFAULT,ADAPTIVE,CAR,
1787973284544,3.71572328,2387,unnamed,,NO_POSE,UNKNOWN,0,0,0,0,0,0,0,0,1,0,0,0,0,,,,,,,,,,,,0.492708981,2029.59558,0,,,0,3,306.548157,267.322601,38338,DEFAULT,ADAPTIVE,CAR,
1787973284545,3.7163713,2388,unnamed,,NO_POSE,UNKNOWN,0,0,0,0,0,0,0,0,1,0,0,0,0,,,,,,,,,,,,0.64804101,1543.11218,0,,,0,3,306.598633,267.322601,38338,DEFAULT,ADAPTIVE,CAR,
1787973284545,3.71693373,2389,unnamed,,NO_POSE,UNKNOWN,0,0,0,0,0,0,0,0,1,0,0,0,0,,,,,,,,,,,,0.562334001,1778.30249,0,,,0,3,306.649139,267.322601,38338,DEFAULT,ADAPTIVE,CAR,
1787973284546,3.71754122,2390,unnamed,,NO_POSE,UNKNOWN,0,0,0,0,0,0,0,0,1,0,0,0,0,,,,,,,,,,,,0.607665956,1645.64087,0,,,0,3,306.699646,267.322601,38338,DEFAULT,ADAPTIVE,CAR,
1787973284547,3.71813107,2391,unnamed,,NO_POSE,UNKNOWN,0,0,0,0,0,0,0,0,1,0,0,0,0,,,,,,,,,,,,0.589791954,1695.51306,0,,,0,3,306.750183,267.322601,38338,DEFAULT,ADAPTIVE,CAR,
1787973284547,3.71873474,2392,unnamed,,NO_POSE,UNKNOWN,0,0,0,0,0,0,0,0,1,0,0,0,0,,,,,,,,,,,,0.603625,1656.65759,0,,,0,3,306.800659,267.322601,38338,DEFAULT,ADAPTIVE,CAR,
1787973284548,3.71922541,2393,unnamed,,NO_POSE,UNKNOWN,0,0,0,0,0,0,0,0,1,0,0,0,0,,,,,,,,,,,,0.490667015,2038.04211,0,,,0,3,306.851166,267.322601,38338,DEFAULT,ADAPTIVE,CAR,
1787973284548,3.71983814,2394,unnamed,,NO_POSE,UNKNOWN,0,0,0,0,0,0,0,0,1,0,0,0,0,,,,,,,,,,,,0.612791002,1631.87781,0,,,0,3,306.901672,267.322601,38338,DEFAULT,ADAPTIVE,CAR,
1787973284549,3.72044182,2395,unnamed,,NO_POSE,UNKNOWN,0,0,0,0,0,0,0,0,1,0,0,0,0,,,,,,,,,,,,0.603625,1656.65759,0,,,0,3,306.952148,267.322601,38338,DEFAULT,ADAPTIVE,CAR,
1787973284549,3.72104073,2396,unnamed,,NO_POSE,UNKNOWN,0,0,0,0,0,0,0,0,1,0,0,0,0,,,,,,,,,,,,0.598874986,1669.79761,0,,,0,3,306.956421,267.322601,38338,DEFAULT,ADAPTIVE,CAR,
1787973284550,3.72172213,2397,unnamed,,NO_POSE,UNKNOWN,0,0,0,0,0,0,0,0,1,0,0,0,0,,,,,,,,,,,,0.681500018,1467.35144,0,,,0,3,307.006378,267.322601,38338,DEFAULT,ADAPTIVE,CAR,
1787973284551,3.7224617,2398,unnamed,,NO_POSE,UNKNOWN,0,0,0,0,0,0,0,0,1,0,0,0,0,,,,,,,,,,,,0.739542007,1352.18823,0,,,0,3,307.056885,267.322601,38338,DEFAULT,ADAPTIVE,CAR,
1787973284552,3.72314262,2399,unnamed,,NO_POSE,UNKNOWN,0,0,0,0,0,0,0,0,1,0,0,0,0,,,,,,,,,,,,0.680957973,1468.51941,0,,,0,3,307.107391,267.322601,38338,DEFAULT,ADAPTIVE,CAR,
1787973284552,3.72395635,2400,unnamed,,NO_POSE,UNKNOWN,0,0,0,0,0,0,0,0,1,0,0,0,0,,,,,,,,,,,,0.813750029,1228.87866,0,,,0,3,307.157898,267.322601,38338,DEFAULT,ADAPTIVE,CAR,
1787973284553,3.72486162,2401,unnamed,,NO_POSE,UNKNOWN,0,0,0,0,0,0,0,0,1,0,0,0,0,,,,,,,,,,,,0.905291975,1104.61597,0,,,0,3,307.209229,267.322601,38338,DEFAULT,ADAPTIVE,CAR,
1787973284554,3.72542882,2402,unnamed,,NO_POSE,UNKNOWN,0,0,0,0,0,0,0,0,1,0,0,0,0,,,,,,,,,,,,0.567166984,1763.14905,0,,,0,3,307.259735,267.322601,38338,DEFAULT,ADAPTIVE,CAR,
1787973284554,3.72603106,2403,unnamed,,NO_POSE,UNKNOWN,0,0,0,0,0,0,0,0,1,0,0,0,0,,,,,,,,,,,,0.602124989,1660.78467,0,,,0,3,307.310242,267.322601,38338,DEFAULT,ADAPTIVE,CAR,
1787973284555,3.72664595,2404,unnamed,,NO_POSE,UNKNOWN,0,0,0,0,0,0,0,0,1,0,0,0,0,,,,,,,,,,,,0.614833057,1626.45789,0,,,0,3,307.360718,267.322601,38338,DEFAULT,ADAPTIVE,CAR,
1787973284556,3.72723031,2405,unnamed,,NO_POSE,UNKNOWN,0,0,0,0,0,0,0,0,1,0,0,0,0,,,,,,,,,,,,0.584500015,1710.86389,0,,,0,3,307.411224,267.322601,38338,DEFAULT,ADAPTIVE,CAR,
1787973284556,3.72772932,2406,unnamed,,NO_POSE,UNKNOWN,0,0,0,0,0,0,0,0,1,0,0,0,0,,,,,,,,,,,,0.499041975,2003.83948,0,,,0,3,307.461731,267.322601,38338,DEFAULT,ADAPTIVE,CAR,
1787973284557,3.72824025,2407,unnamed,,NO_POSE,UNKNOWN,0,0,0,0,0,0,0,0,1,0,0,0,0,,,,,,,,,,,,0.510875046,1957.4259,0,,,0,3,306.716797,267.322601,38338,DEFAULT,ADAPTIVE,CAR,
1787973284557,3.72893167,2408,unnamed,,NO_POSE,UNKNOWN,0,0,0,0,0,0,0,0,1,0,0,0,0,,,,,,,,,,,,0.691500008,1446.13159,0,,,0,3,306.761993,267.322601,38338,DEFAULT,ADAPTIVE,CAR,
1787973284558,3.72968173,2409,unnamed,,NO_POSE,UNKNOWN,0,0,0,0,0,0,0,0,1,0,0,0,0,,,,,,,,,,,,0.749916017,1333.48267,0,,,0,3,306.8125,267.322601,38338,DEFAULT,ADAPTIVE,CAR,
1787973284559,3.73034143,2410,unnamed,,NO_POSE,UNKNOWN,0,0,0,0,0,0,0,0,1,0,0,0,0,,,,,,,,,,,,0.659874976,1515.4386,0,,,0,3,306.863007,267.322601,38338,DEFAULT,ADAPTIVE,CAR,
1787973284560,3.73104262,2411,unnamed,,NO_POSE,UNKNOWN,0,0,0,0,0,0,0,0,1,0,0,0,0,,,,,,,,,,,,0.700999975,1426.53357,0,,,0,3,306.913513,267.322601,38338,DEFAULT,ADAPTIVE,CAR,
1787973284560,3.73164082,2412,unnamed,,NO_POSE,UNKNOWN,0,0,0,0,0,0,0,0,1,0,0,0,0,,,,,,,,,,,,0.598250031,1671.54199,0,,,0,3,306.96402,267.322601,38338,DEFAULT,ADAPTIVE,CAR,
1787973284561,3.73223495,2413,unnamed,,NO_POSE,UNKNOWN,0,0,0,0,0,0,0,0,1,0,0,0,0,,,,,,,,,,,,0.594209015,1682.90955,0,,,0,3,307.014496,267.322601,38338,DEFAULT,ADAPTIVE,CAR,
1787973284561,3.73283958,2414,unnamed,,NO_POSE,UNKNOWN,0,0,0,0,0,0,0,0,1,0,0,0,0,,,,,,,,,,,,0.604583025,1654.03259,0,,,0,3,307.065002,267.322601,38338,DEFAULT,ADAPTIVE,CAR,
1787973284562,3.73344684,2415,unnamed,,NO_POSE,UNKNOWN,0,0,0,0,0,0,0,0,1,0,0,0,0,,,,,,,,,,,,0.607167006,1646.99329,0,,,0,3,307.115509,267.322601,38338,DEFAULT,ADAPTIVE,CAR,
1787973284563,3.73414135,2416,unnamed,,NO_POSE,UNKNOWN,0,0,0,0,0,0,0,0,1,0,0,0,0,,,,,,,,,,,,0.69462502,1439.62561,0,,,0,3,307.166016,267.322601,38338,DEFAULT,ADAPTIVE,CAR,
1787973284563,3.73473477,2417,unnamed,,NO_POSE,UNKNOWN,0,0,0,0,0,0,0,0,1,0,0,0,0,,,,,,,,,,,,0.593415976,1685.15857,0,,,0,3,307.216492,267.322601,38338,DEFAULT,ADAPTIVE,CAR,
1787973284564,3.73535037,2418,unnamed,,NO_POSE,UNKNOWN,0,0,0,0,0,0,0,0,1,0,0,0,0,,,,,,,,,,,,0.615499973,1624.69543,0,,,0,3,307.266998,267.322601,38338,DEFAULT,ADAPTIVE,CAR,
1787973284564,3.73594165,2419,unnamed,,NO_POSE,UNKNOWN,0,0,0,0,0,0,0,0,1,0,0,0,0,,,,,,,,,,,,0.591333985,1691.09167,0,,,0,3,307.317505,267.322601,38338,DEFAULT,ADAPTIVE,CAR,
1787973284565,3.7365365,2420,unnamed,,NO_POSE,UNKNOWN,0,0,0,0,0,0,0,0,1,0,0,0,0,,,,,,,,,,,,0.594791055,1681.26282,0,,,0,3,307.368011,267.322601,38338,DEFAULT,ADAPTIVE,CAR,
1787973284565,3.73702812,2421,unnamed,,NO_POSE,UNKNOWN,0,0,0,0,0,0,0,0,1,0,0,0,0,,,,,,,,,,,,0.491791993,2033.38,0,,,0,3,307.418488,267.322601,38338,DEFAULT,ADAPTIVE,CAR,
1787973284566,3.73766398,2422,unnamed,,NO_POSE,UNKNOWN,0,0,0,0,0,0,0,0,1,0,0,0,0,,,,,,,,,,,,0.635874987,1572.63623,0,,,0,3,307.468994,267.322601,38338,DEFAULT,ADAPTIVE,CAR,
1787973284567,3.73844767,2423,unnamed,,NO_POSE,UNKNOWN,0,0,0,0,0,0,0,0,1,0,0,0,0,,,,,,,,,,,,0.783582985,1276.18909,0,,,0,3,307.519501,267.322601,38338,DEFAULT,ADAPTIVE,CAR,
1787973284568,3.73926973,2424,unnamed,,NO_POSE,UNKNOWN,0,0,0,0,0,0,0,0,1,0,0,0,0,,,,,,,,,,,,0.822041988,1216.48291,0,,,0,3,307.570038,267.322601,38338,DEFAULT,ADAPTIVE,CAR,
1787973284568,3.73994637,2425,unnamed,,NO_POSE,UNKNOWN,0,0,0,0,0,0,0,0,1,0,0,0,0,,,,,,,,,,,,0.676667035,1477.83167,0,,,0,3,307.620544,267.322601,38338,DEFAULT,ADAPTIVE,CAR,
1787973284569,3.7407155,2426,unnamed,,NO_POSE,UNKNOWN,0,0,0,0,0,0,0,0,1,0,0,0,0,,,,,,,,,,,,0.769124985,1300.17871,0,,,0,3,307.671021,267.322601,38338,DEFAULT,ADAPTIVE,CAR,
1787973284570,3.74134159,2427,unnamed,,NO_POSE,UNKNOWN,0,0,0,0,0,0,0,0,1,0,0,0,0,,,,,,,,,,,,0.625999987,1597.44409,0,,,0,3,307.721527,267.322601,38338,DEFAULT,ADAPTIVE,CAR,
1787973284570,3.74194264,2428,unnamed,,NO_POSE,UNKNOWN,0,0,0,0,0,0,0,0,1,0,0,0,0,,,,,,,,,,,,0.601249993,1663.20166,0,,,0,3,307.772034,267.322601,38338,DEFAULT,ADAPTIVE,CAR,
1787973284571,3.7426405,2429,unnamed,,NO_POSE,UNKNOWN,0,0,0,0,0,0,0,0,1,0,0,0,0,,,,,,,,,,,,0.697666049,1433.35059,0,,,0,3,307.82254,267.322601,38338,DEFAULT,ADAPTIVE,CAR,
1787973284572,3.74327421,2430,unnamed,,NO_POSE,UNKNOWN,0,0,0,0,0,0,0,0,1,0,0,0,0,,,,,,,,,,,,0.633750021,1577.9093,0,,,0,3,307.873047,267.322601,38338,DEFAULT,ADAPTIVE,CAR,
1787973284572,3.74393702,2431,unnamed,,NO_POSE,UNKNOWN,0,0,0,0,0,0,0,0,1,0,0,0,0,,,,,,,,,,,,0.66295898,1508.38892,0,,,0,3,306.434631,267.322601,38338,DEFAULT,ADAPTIVE,CAR,
1787973284573,3.74453735,2432,unnamed,,NO_POSE,UNKNOWN,0,0,0,0,0,0,0,0,1,0,0,0,0,,,,,,,,,,,,0.600249946,1665.97253,0,,,0,3,306.485107,267.322601,38338,DEFAULT,ADAPTIVE,CAR,
1787973284574,3.74513865,2433,unnamed,,NO_POSE,UNKNOWN,0,0,0,0,0,0,0,0,1,0,0,0,0,,,,,,,,,,,,0.60116601,1663.43408,0,,,0,3,306.535645,267.322601,38338,DEFAULT,ADAPTIVE,CAR,
1787973284574,3.74575996,2434,unnamed,,NO_POSE,UNKNOWN,0,0,0,0,0,0,0,0,1,0,0,0,0,,,,,,,,,,,,0.621500015,1609.01038,0,,,0,3,306.586151,267.322601,38338,DEFAULT,ADAPTIVE,CAR,
1787973284575,3.7464273,2435,unnamed,,NO_POSE,UNKNOWN,0,0,0,0,0,0,0,0,1,0,0,0,0,,,,,,,,,,,,0.667291999,1498.59436,0,,,0,3,306.636627,267.322601,38338,DEFAULT,ADAPTIVE,CAR,
1787973284576,3.74715924,2436,unnamed,,NO_POSE,UNKNOWN,0,0,0,0,0,0,0,0,1,0,0,0,0,,,,,,,,,,,,0.731832981,1366.43201,0,,,0,3,306.687134,267.322601,38338,DEFAULT,ADAPTIVE,CAR,
1787973284576,3.74783802,2437,unnamed,,NO_POSE,UNKNOWN,0,0,0,0,0,0,0,0,1,0,0,0,0,,,,,,,,,,,,0.678792,1473.20532,0,,,0,3,306.73764,267.322601,38338,DEFAULT,ADAPTIVE,CAR,
1787973284577,3.74844098,2438,unnamed,,NO_POSE,UNKNOWN,0,0,0,0,0,0,0,0,1,0,0,0,0,,,,,,,,,,,,0.603042006,1658.25928,0,,,0,3,306.788147,267.322601,38338,DEFAULT,ADAPTIVE,CAR,
1787973284577,3.7490449,2439,unnamed,,NO_POSE,UNKNOWN,0,0,0,0,0,0,0,0,1,0,0,0,0,,,,,,,,,,,,0.603999972,1655.62915,0,,,0,3,306.838654,267.322601,38338,DEFAULT,ADAPTIVE,CAR,
1787973284578,3.74963474,2440,unnamed,,NO_POSE,UNKNOWN,0,0,0,0,0,0,0,0,1,0,0,0,0,,,,,,,,,,,,0.589666009,1695.87524,0,,,0,3,306.88916,267.322601,38338,DEFAULT,ADAPTIVE,CAR,
1787973284579,3.75024104,2441,unnamed,,NO_POSE,UNKNOWN,0,0,0,0,0,0,0,0,1,0,0,0,0,,,,,,,,,,,,0.606292009,1649.37036,0,,,0,3,306.939636,267.322601,38338,DEFAULT,ADAPTIVE,CAR,
1787973284579,3.7508471,2442,unnamed,,NO_POSE,UNKNOWN,0,0,0,0,0,0,0,0,1,0,0,0,0,,,,,,,,,,,,0.606083035,1649.93896,0,,,0,3,306.990143,267.322601,38338,DEFAULT,ADAPTIVE,CAR,
1787973284580,3.75144982,2443,unnamed,,NO_POSE,UNKNOWN,0,0,0,0,0,0,0,0,1,0,0,0,0,,,,,,,,,,,,0.602750003,1659.06262,0,,,0,3,307.040649,267.322601,38338,DEFAULT,ADAPTIVE,CAR,
1787973284581,3.75214314,2444,unnamed,,NO_POSE,UNKNOWN,0,0,0,0,0,0,0,0,1,0,0,0,0,,,,,,,,,,,,0.693459034,1442.04626,0,,,0,3,307.091156,267.322601,38338,DEFAULT,ADAPTIVE,CAR,
1787973284581,3.75274277,2445,unnamed,,NO_POSE,UNKNOWN,0,0,0,0,0,0,0,0,1,0,0,0,0,,,,,,,,,,,,0.5995,1668.05664,0,,,0,3,307.141632,267.322601,38338,DEFAULT,ADAPTIVE,CAR,
1787973284582,3.75334835,2446,unnamed,,NO_POSE,UNKNOWN,0,0,0,0,0,0,0,0,1,0,0,0,0,,,,,,,,,,,,0.605540991,1651.41589,0,,,0,3,307.192139,267.322601,38338,DEFAULT,ADAPTIVE,CAR,
1787973284582,3.75393653,2447,unnamed,,NO_POSE,UNKNOWN,0,0,0,0,0,0,0,0,1,0,0,0,0,,,,,,,,,,,,0.588167012,1700.19739,0,,,0,3,307.243256,267.322601,38338,DEFAULT,ADAPTIVE,CAR,
1787973284583,3.75443244,2448,unnamed,,NO_POSE,UNKNOWN,0,0,0,0,0,0,0,0,1,0,0,0,0,,,,,,,,,,,,0.496082991,2015.79175,0,,,0,3,307.246704,267.322601,38338,DEFAULT,ADAPTIVE,CAR,
1787973284584,3.7551465,2449,unnamed,,NO_POSE,UNKNOWN,0,0,0,0,0,0,0,0,1,0,0,0,0,,,,,,,,,,,,0.713958979,1400.64063,0,,,0,3,307.296814,267.322601,38338,DEFAULT,ADAPTIVE,CAR,
1787973284584,3.75597334,2450,unnamed,,NO_POSE,UNKNOWN,0,0,0,0,0,0,0,0,1,0,0,0,0,,,,,,,,,,,,0.82674998,1209.55542,0,,,0,3,307.347321,267.322601,38338,DEFAULT,ADAPTIVE,CAR,
1787973284585,3.75686669,2451,unnamed,,NO_POSE,UNKNOWN,0,0,0,0,0,0,0,0,1,0,0,0,0,,,,,,,,,,,,0.893458009,1119.2467,0,,,0,3,307.397827,267.322601,38338,DEFAULT,ADAPTIVE,CAR,
1787973284586,3.75767612,2452,unnamed,,NO_POSE,UNKNOWN,0,0,0,0,0,0,0,0,1,0,0,0,0,,,,,,,,,,,,0.809458017,1235.39453,0,,,0,3,307.448303,267.322601,38338,DEFAULT,ADAPTIVE,CAR,
1787973284587,3.75833702,2453,unnamed,,NO_POSE,UNKNOWN,0,0,0,0,0,0,0,0,1,0,0,0,0,,,,,,,,,,,,0.660791993,1513.33557,0,,,0,3,307.49881,267.322601,38338,DEFAULT,ADAPTIVE,CAR,
1787973284587,3.75894046,2454,unnamed,,NO_POSE,UNKNOWN,0,0,0,0,0,0,0,0,1,0,0,0,0,,,,,,,,,,,,0.603582978,1656.77295,0,,,0,3,307.549316,267.322601,38338,DEFAULT,ADAPTIVE,CAR,
1787973284588,3.75953126,2455,unnamed,,NO_POSE,UNKNOWN,0,0,0,0,0,0,0,0,1,0,0,0,0,,,,,,,,,,,,0.590624988,1693.1217,0,,,0,3,306.458252,267.322601,38338,DEFAULT,ADAPTIVE,CAR,
1787973284589,3.76013565,2456,unnamed,,NO_POSE,UNKNOWN,0,0,0,0,0,0,0,0,1,0,0,0,0,,,,,,,,,,,,0.604374945,1654.60193,0,,,0,3,306.50882,267.322601,38338,DEFAULT,ADAPTIVE,CAR,
1787973284589,3.76072931,2457,unnamed,,NO_POSE,UNKNOWN,0,0,0,0,0,0,0,0,1,0,0,0,0,,,,,,,,,,,,0.593708992,1684.32678,0,,,0,3,306.559296,267.322601,38338,DEFAULT,ADAPTIVE,CAR,
1787973284590,3.76134491,2458,unnamed,,NO_POSE,UNKNOWN,0,0,0,0,0,0,0,0,1,0,0,0,0,,,,,,,,,,,,0.615583003,1624.47632,0,,,0,3,306.609802,267.322601,38338,DEFAULT,ADAPTIVE,CAR,
1787973284590,3.76192474,2459,unnamed,,NO_POSE,UNKNOWN,0,0,0,0,0,0,0,0,1,0,0,0,0,,,,,,,,,,,,0.579874992,1724.50952,0,,,0,3,306.660339,267.322601,38338,DEFAULT,ADAPTIVE,CAR,
1787973284591,3.76255465,2460,unnamed,,NO_POSE,UNKNOWN,0,0,0,0,0,0,0,0,1,0,0,0,0,,,,,,,,,,,,0.629917026,1587.51074,0,,,0,3,306.710846,267.322601,38338,DEFAULT,ADAPTIVE,CAR,
1787973284592,3.763345,2461,unnamed,,NO_POSE,UNKNOWN,0,0,0,0,0,0,0,0,1,0,0,0,0,,,,,,,,,,,,0.790291011,1265.35669,0,,,0,3,306.761353,267.322601,38338,DEFAULT,ADAPTIVE,CAR,
1787973284593,3.76415181,2462,unnamed,,NO_POSE,UNKNOWN,0,0,0,0,0,0,0,0,1,0,0,0,0,,,,,,,,,,,,0.806792021,1239.47681,0,,,0,3,306.811829,267.322601,38338,DEFAULT,ADAPTIVE,CAR,
1787973284593,3.76492953,2463,unnamed,,NO_POSE,UNKNOWN,0,0,0,0,0,0,0,0,1,0,0,0,0,,,,,,,,,,,,0.777707994,1285.82959,0,,,0,3,306.862335,267.322601,38338,DEFAULT,ADAPTIVE,CAR,
1787973284594,3.7655375,2464,unnamed,,NO_POSE,UNKNOWN,0,0,0,0,0,0,0,0,1,0,0,0,0,,,,,,,,,,,,0.608084023,1644.50952,0,,,0,3,306.912842,267.322601,38338,DEFAULT,ADAPTIVE,CAR,
1787973284595,3.76615739,2465,unnamed,,NO_POSE,UNKNOWN,0,0,0,0,0,0,0,0,1,0,0,0,0,,,,,,,,,,,,0.619916022,1613.1217,0,,,0,3,306.963348,267.322601,38338,DEFAULT,ADAPTIVE,CAR,
1787973284595,3.76672506,2466,unnamed,,NO_POSE,UNKNOWN,0,0,0,0,0,0,0,0,1,0,0,0,0,,,,,,,,,,,,0.567624986,1761.72656,0,,,0,3,307.013824,267.322601,38338,DEFAULT,ADAPTIVE,CAR,
1787973284596,3.76733851,2467,unnamed,,NO_POSE,UNKNOWN,0,0,0,0,0,0,0,0,1,0,0,0,0,,,,,,,,,,,,0.613458991,1630.10083,0,,,0,3,307.064331,267.322601,38338,DEFAULT,ADAPTIVE,CAR,
1787973284596,3.76793289,2468,unnamed,,NO_POSE,UNKNOWN,0,0,0,0,0,0,0,0,1,0,0,0,0,,,,,,,,,,,,0.594332993,1682.55847,0,,,0,3,307.114838,267.322601,38338,DEFAULT,ADAPTIVE,CAR,
1787973284597,3.76853085,2469,unnamed,,NO_POSE,UNKNOWN,0,0,0,0,0,0,0,0,1,0,0,0,0,,,,,,,,,,,,0.598124981,1671.89136,0,,,0,3,307.165344,267.322601,38338,DEFAULT,ADAPTIVE,CAR,
1787973284597,3.7690239,2470,unnamed,,NO_POSE,UNKNOWN,0,0,0,0,0,0,0,0,1,0,0,0,0,,,,,,,,,,,,0.493041992,2028.22473,0,,,0,3,307.21582,267.322601,38338,DEFAULT,ADAPTIVE,CAR,
1787973284598,3.7696352,2471,unnamed,,NO_POSE,UNKNOWN,0,0,0,0,0,0,0,0,1,0,0,0,0,,,,,,,,,,,,0.611207962,1636.10437,0,,,0,3,307.266327,267.322601,38338,DEFAULT,ADAPTIVE,CAR,
1787973284599,3.77024698,2472,unnamed,,NO_POSE,UNKNOWN,0,0,0,0,0,0,0,0,1,0,0,0,0,,,,,,,,,,,,0.611874998,1634.3208,0,,,0,3,307.317413,267.322601,38338,DEFAULT,ADAPTIVE,CAR,
1787973284599,3.77083945,2473,unnamed,,NO_POSE,UNKNOWN,0,0,0,0,0,0,0,0,1,0,0,0,0,,,,,,,,,,,,0.59245801,1687.8833,0,,,0,3,307.36734,267.322601,38338,DEFAULT,ADAPTIVE,CAR,
1787973284601,3.77226615,2474,unnamed,,NO_POSE,UNKNOWN,0,0,0,0,0,0,0,0,1,0,0,0,0,,,,,,,,,,,,1.42662489,700.955078,0,,,0,3,307.643555,267.322601,38338,DEFAULT,ADAPTIVE,CAR,
1787973284602,3.77327228,2475,unnamed,,NO_POSE,UNKNOWN,0,0,0,0,0,0,0,0,1,0,0,0,0,,,,,,,,,,,,1.00599992,994.035828,0,,,0,3,307.694061,267.322601,38338,DEFAULT,ADAPTIVE,CAR,
1787973284603,3.77413034,2476,unnamed,,NO_POSE,UNKNOWN,0,0,0,0,0,0,0,0,1,0,0,0,0,,,,,,,,,,,,0.858291984,1165.10461,0,,,0,3,307.744568,267.322601,38338,DEFAULT,ADAPTIVE,CAR,
1787973284603,3.77484584,2477,unnamed,,NO_POSE,UNKNOWN,0,0,0,0,0,0,0,0,1,0,0,0,0,,,,,,,,,,,,0.715416968,1397.78625,0,,,0,3,307.795074,267.322601,38338,DEFAULT,ADAPTIVE,CAR,
1787973284604,3.77554321,2478,unnamed,,NO_POSE,UNKNOWN,0,0,0,0,0,0,0,0,1,0,0,0,0,,,,,,,,,,,,0.697375,1433.94873,0,,,0,3,306.654449,267.322601,38338,DEFAULT,ADAPTIVE,CAR,
1787973284605,3.77626252,2479,unnamed,,NO_POSE,UNKNOWN,0,0,0,0,0,0,0,0,1,0,0,0,0,,,,,,,,,,,,0.719374955,1390.09558,0,,,0,3,306.704956,267.322601,38338,DEFAULT,ADAPTIVE,CAR,
1787973284605,3.77694249,2480,unnamed,,NO_POSE,UNKNOWN,0,0,0,0,0,0,0,0,1,0,0,0,0,,,,,,,,,,,,0.679916024,1470.7699,0,,,0,3,306.755463,267.322601,38338,DEFAULT,ADAPTIVE,CAR,
1787973284606,3.77753806,2481,unnamed,,NO_POSE,UNKNOWN,0,0,0,0,0,0,0,0,1,0,0,0,0,,,,,,,,,,,,0.595542014,1679.1427,0,,,0,3,306.805969,267.322601,38338,DEFAULT,ADAPTIVE,CAR,
1787973284606,3.77802491,2482,unnamed,,NO_POSE,UNKNOWN,0,0,0,0,0,0,0,0,1,0,0,0,0,,,,,,,,,,,,0.486874998,2053.91528,0,,,0,3,306.808044,267.322601,38338,DEFAULT,ADAPTIVE,CAR,
1787973284607,3.7786417,2483,unnamed,,NO_POSE,UNKNOWN,0,0,0,0,0,0,0,0,1,0,0,0,0,,,,,,,,,,,,0.61670804,1621.51294,0,,,0,3,306.85733,267.322601,38338,DEFAULT,ADAPTIVE,CAR,
1787973284608,3.77923584,2484,unnamed,,NO_POSE,UNKNOWN,0,0,0,0,0,0,0,0,1,0,0,0,0,,,,,,,,,,,,0.594166994,1683.02856,0,,,0,3,306.907837,267.322601,38338,DEFAULT,ADAPTIVE,CAR,
1787973284608,3.77988815,2485,unnamed,,NO_POSE,UNKNOWN,0,0,0,0,0,0,0,0,1,0,0,0,0,,,,,,,,,,,,0.652417004,1532.76196,0,,,0,3,306.958344,267.322601,38338,DEFAULT,ADAPTIVE,CAR,
1787973284609,3.78064132,2486,unnamed,,NO_POSE,UNKNOWN,0,0,0,0,0,0,0,0,1,0,0,0,0,,,,,,,,,,,,0.752999961,1328.02124,0,,,0,3,307.00885,267.322601,38338,DEFAULT,ADAPTIVE,CAR,
1787973284610,3.78141618,2487,unnamed,,NO_POSE,UNKNOWN,0,0,0,0,0,0,0,0,1,0,0,0,0,,,,,,,,,,,,0.774833024,1290.60059,0,,,0,3,307.059326,267.322601,38338,DEFAULT,ADAPTIVE,CAR,
1787973284610,3.78203082,2488,unnamed,,NO_POSE,UNKNOWN,0,0,0,0,0,0,0,0,1,0,0,0,0,,,,,,,,,,,,0.614750028,1626.67749,0,,,0,3,307.109833,267.322601,38338,DEFAULT,ADAPTIVE,CAR,
1787973284611,3.78263974,2489,unnamed,,NO_POSE,UNKNOWN,0,0,0,0,0,0,0,0,1,0,0,0,0,,,,,,,,,,,,0.608832955,1642.48657,0,,,0,3,307.16037,267.322601,38338,DEFAULT,ADAPTIVE,CAR,
1787973284612,3.78324103,2490,unnamed,,NO_POSE,UNKNOWN,0,0,0,0,0,0,0,0,1,0,0,0,0,,,,,,,,,,,,0.601333976,1662.96936,0,,,0,3,307.210876,267.322601,38338,DEFAULT,ADAPTIVE,CAR,
1787973284612,3.78393793,2491,unnamed,,NO_POSE,UNKNOWN,0,0,0,0,0,0,0,0,1,0,0,0,0,,,,,,,,,,,,0.697000027,1434.72021,0,,,0,3,307.261383,267.322601,38338,DEFAULT,ADAPTIVE,CAR,
1787973284613,3.78453779,2492,unnamed,,NO_POSE,UNKNOWN,0,0,0,0,0,0,0,0,1,0,0,0,0,,,,,,,,,,,,0.599750042,1667.36133,0,,,0,3,307.31189,267.322601,38338,DEFAULT,ADAPTIVE,CAR,
1787973284614,3.78512812,2493,unnamed,,NO_POSE,UNKNOWN,0,0,0,0,0,0,0,0,1,0,0,0,0,,,,,,,,,,,,0.590375006,1693.83875,0,,,0,3,307.362396,267.322601,38338,DEFAULT,ADAPTIVE,CAR,
1787973284614,3.78562927,2494,unnamed,,NO_POSE,UNKNOWN,0,0,0,0,0,0,0,0,1,0,0,0,0,,,,,,,,,,,,0.501124978,1995.51013,0,,,0,3,307.412872,267.322601,38338,DEFAULT,ADAPTIVE,CAR,
1787973284615,3.78624082,2495,unnamed,,NO_POSE,UNKNOWN,0,0,0,0,0,0,0,0,1,0,0,0,0,,,,,,,,,,,,0.611624956,1634.98889,0,,,0,3,307.463379,267.322601,38338,DEFAULT,ADAPTIVE,CAR,
1787973284615,3.78684759,2496,unnamed,,NO_POSE,UNKNOWN,0,0,0,0,0,0,0,0,1,0,0,0,0,,,,,,,,,,,,0.606750011,1648.12524,0,,,0,3,307.513885,267.322601,38338,DEFAULT,ADAPTIVE,CAR,
1787973284616,3.78743625,2497,unnamed,,NO_POSE,UNKNOWN,0,0,0,0,0,0,0,0,1,0,0,0,0,,,,,,,,,,,,0.588666022,1698.7561,0,,,0,3,307.564392,267.322601,38338,DEFAULT,ADAPTIVE,CAR,
1787973284617,3.78805661,2498,unnamed,,NO_POSE,UNKNOWN,0,0,0,0,0,0,0,0,1,0,0,0,0,,,,,,,,,,,,0.620416999,1611.81909,0,,,0,3,307.614868,267.322601,38338,DEFAULT,ADAPTIVE,CAR,
1787973284617,3.78874207,2499,unnamed,,NO_POSE,UNKNOWN,0,0,0,0,0,0,0,0,1,0,0,0,0,,,,,,,,,,,,0.685416996,1458.96594,0,,,0,3,307.665375,267.322601,38338,DEFAULT,ADAPTIVE,CAR,
1787973284618,3.78945923,2500,unnamed,,NO_POSE,UNKNOWN,0,0,0,0,0,0,0,0,1,0,0,0,0,,,,,,,,,,,,0.717000008,1394.7002,0,,,0,3,307.715881,267.322601,38338,DEFAULT,ADAPTIVE,CAR,
1787973284619,3.79014277,2501,unnamed,,NO_POSE,UNKNOWN,0,0,0,0,0,0,0,0,1,0,0,0,0,,,,,,,,,,,,0.683541,1462.96997,0,,,0,3,307.766388,267.322601,38338,DEFAULT,ADAPTIVE,CAR,
1787973284619,3.79072356,2502,unnamed,,NO_POSE,UNKNOWN,0,0,0,0,0,0,0,0,1,0,0,0,0,,,,,,,,,,,,0.58099997,1721.17041,0,,,0,3,307.816864,267.322601,38338,DEFAULT,ADAPTIVE,CAR,
1787973284620,3.79139924,2503,unnamed,,NO_POSE,UNKNOWN,0,0,0,0,0,0,0,0,1,0,0,0,0,,,,,,,,,,,,0.675584018,1480.20081,0,,,0,3,307.867371,267.322601,38338,DEFAULT,ADAPTIVE,CAR,
1787973284620,3.79192066,2504,unnamed,,NO_POSE,UNKNOWN,0,0,0,0,0,0,0,0,1,0,0,0,0,,,,,,,,,,,,0.52145797,1917.70007,0,,,0,3,307.917877,267.322601,38338,DEFAULT,ADAPTIVE,CAR,
1787973284621,3.79253936,2505,unnamed,,NO_POSE,UNKNOWN,0,0,0,0,0,0,0,0,1,0,0,0,0,,,,,,,,,,,,0.618667006,1616.37842,0,,,0,3,307.968384,267.322601,38338,DEFAULT,ADAPTIVE,CAR,
1787973284622,3.79314566,2506,unnamed,,NO_POSE,UNKNOWN,0,0,0,0,0,0,0,0,1,0,0,0,0,,,,,,,,,,,,0.606290996,1649.37305,0,,,0,3,308.01886,267.322601,38338,DEFAULT,ADAPTIVE,CAR,
1787973284622,3.79383969,2507,unnamed,,NO_POSE,UNKNOWN,0,0,0,0,0,0,0,0,1,0,0,0,0,,,,,,,,,,,,0.693916976,1441.0946,0,,,0,3,308.022552,267.322601,38338,DEFAULT,ADAPTIVE,CAR,
1787973284623,3.7944355,2508,unnamed,,NO_POSE,UNKNOWN,0,0,0,0,0,0,0,0,1,0,0,0,0,,,,,,,,,,,,0.595875025,1678.20422,0,,,0,3,308.073059,267.322601,38338,DEFAULT,ADAPTIVE,CAR,
1787973284624,3.79503512,2509,unnamed,,NO_POSE,UNKNOWN,0,0,0,0,0,0,0,0,1,0,0,0,0,,,,,,,,,,,,0.599708021,1667.47815,0,,,0,3,307.031708,267.322601,38338,DEFAULT,ADAPTIVE,CAR,
1787973284624,3.79574823,2510,unnamed,,NO_POSE,UNKNOWN,0,0,0,0,0,0,0,0,1,0,0,0,0,,,,,,,,,,,,0.713083982,1402.35925,0,,,0,3,307.082214,267.322601,38338,DEFAULT,ADAPTIVE,CAR,
1787973284625,3.79646254,2511,unnamed,,NO_POSE,UNKNOWN,0,0,0,0,0,0,0,0,1,0,0,0,0,,,,,,,,,,,,0.714375019,1399.82507,0,,,0,3,307.132721,267.322601,38338,DEFAULT,ADAPTIVE,CAR,
1787973284626,3.79716325,2512,unnamed,,NO_POSE,UNKNOWN,0,0,0,0,0,0,0,0,1,0,0,0,0,,,,,,,,,,,,0.700582981,1427.38269,0,,,0,3,307.183228,267.322601,38338,DEFAULT,ADAPTIVE,CAR,
1787973284626,3.7979939,2513,unnamed,,NO_POSE,UNKNOWN,0,0,0,0,0,0,0,0,1,0,0,0,0,,,,,,,,,,,,0.830582976,1203.97363,0,,,0,3,307.233734,267.322601,38338,DEFAULT,ADAPTIVE,CAR,
1787973284627,3.79863739,2514,unnamed,,NO_POSE,UNKNOWN,0,0,0,0,0,0,0,0,1,0,0,0,0,,,,,,,,,,,,0.643709004,1553.49707,0,,,0,3,307.284241,267.322601,38338,DEFAULT,ADAPTIVE,CAR,
1787973284628,3.79923749,2515,unnamed,,NO_POSE,UNKNOWN,0,0,0,0,0,0,0,0,1,0,0,0,0,,,,,,,,,,,,0.600082994,1666.43616,0,,,0,3,307.334717,267.322601,38338,DEFAULT,ADAPTIVE,CAR,
1787973284628,3.79982448,2516,unnamed,,NO_POSE,UNKNOWN,0,0,0,0,0,0,0,0,1,0,0,0,0,,,,,,,,,,,,0.586875021,1703.94031,0,,,0,3,307.385223,267.322601,38338,DEFAULT,ADAPTIVE,CAR,
1787973284629,3.80043817,2517,unnamed,,NO_POSE,UNKNOWN,0,0,0,0,0,0,0,0,1,0,0,0,0,,,,,,,,,,,,0.61362499,1629.65979,0,,,0,3,307.43573,267.322601,38338,DEFAULT,ADAPTIVE,CAR,
1787973284629,3.80103016,2518,unnamed,,NO_POSE,UNKNOWN,0,0,0,0,0,0,0,0,1,0,0,0,0,,,,,,,,,,,,0.592124999,1688.83264,0,,,0,3,307.486237,267.322601,38338,DEFAULT,ADAPTIVE,CAR,
1787973284630,3.80152607,2519,unnamed,,NO_POSE,UNKNOWN,0,0,0,0,0,0,0,0,1,0,0,0,0,,,,,,,,,,,,0.49595803,2016.29968,0,,,0,3,307.536743,267.322601,38338,DEFAULT,ADAPTIVE,CAR,
1787973284631,3.80213761,2520,unnamed,,NO_POSE,UNKNOWN,0,0,0,0,0,0,0,0,1,0,0,0,0,,,,,,,,,,,,0.611542046,1635.21057,0,,,0,3,307.58725,267.322601,38338,DEFAULT,ADAPTIVE,CAR,
1787973284631,3.80283332,2521,unnamed,,NO_POSE,UNKNOWN,0,0,0,0,0,0,0,0,1,0,0,0,0,,,,,,,,,,,,0.695500016,1437.81458,0,,,0,3,307.63855,267.322601,38338,DEFAULT,ADAPTIVE,CAR,
1787973284632,3.80343819,2522,unnamed,,NO_POSE,UNKNOWN,0,0,0,0,0,0,0,0,1,0,0,0,0,,,,,,,,,,,,0.60491699,1653.11938,0,,,0,3,307.689056,267.322601,38338,DEFAULT,ADAPTIVE,CAR,
1787973284632,3.80404043,2523,unnamed,,NO_POSE,UNKNOWN,0,0,0,0,0,0,0,0,1,0,0,0,0,,,,,,,,,,,,0.602333009,1660.21118,0,,,0,3,307.739563,267.322601,38338,DEFAULT,ADAPTIVE,CAR,
1787973284633,3.8046968,2524,unnamed,,NO_POSE,UNKNOWN,0,0,0,0,0,0,0,0,1,0,0,0,0,,,,,,,,,,,,0.656375051,1523.51929,0,,,0,3,307.790039,267.322601,38338,DEFAULT,ADAPTIVE,CAR,
1787973284634,3.80534124,2525,unnamed,,NO_POSE,UNKNOWN,0,0,0,0,0,0,0,0,1,0,0,0,0,,,,,,,,,,,,0.644500017,1551.59033,0,,,0,3,307.840576,267.322601,38338,DEFAULT,ADAPTIVE,CAR,
1787973284635,3.80604506,2526,unnamed,,NO_POSE,UNKNOWN,0,0,0,0,0,0,0,0,1,0,0,0,0,,,,,,,,,,,,0.703624964,1421.21167,0,,,0,3,307.891113,267.322601,38338,DEFAULT,ADAPTIVE,CAR,
1787973284635,3.80677509,2527,unnamed,,NO_POSE,UNKNOWN,0,0,0,0,0,0,0,0,1,0,0,0,0,,,,,,,,,,,,0.730167031,1369.54968,0,,,0,3,307.94162,267.322601,38338,DEFAULT,ADAPTIVE,CAR,
1787973284636,3.80762887,2528,unnamed,,NO_POSE,UNKNOWN,0,0,0,0,0,0,0,0,1,0,0,0,0,,,,,,,,,,,,0.853666008,1171.41833,0,,,0,3,307.992126,267.322601,38338,DEFAULT,ADAPTIVE,CAR,
1787973284637,3.80833626,2529,unnamed,,NO_POSE,UNKNOWN,0,0,0,0,0,0,0,0,1,0,0,0,0,,,,,,,,,,,,0.707458973,1413.50952,0,,,0,3,308.042633,267.322601,38338,DEFAULT,ADAPTIVE,CAR,
1787973284637,3.80893302,2530,unnamed,,NO_POSE,UNKNOWN,0,0,0,0,0,0,0,0,1,0,0,0,0,,,,,,,,,,,,0.596874952,1675.3927,0,,,0,3,308.093109,267.322601,38338,DEFAULT,ADAPTIVE,CAR,
1787973284638,3.80953264,2531,unnamed,,NO_POSE,UNKNOWN,0,0,0,0,0,0,0,0,1,0,0,0,0,,,,,,,,,,,,0.599457979,1668.17358,0,,,0,3,308.143616,267.322601,38338,DEFAULT,ADAPTIVE,CAR,
1787973284639,3.81015158,2532,unnamed,,NO_POSE,UNKNOWN,0,0,0,0,0,0,0,0,1,0,0,0,0,,,,,,,,,,,,0.619042039,1615.39917,0,,,0,3,306.704987,267.322601,38338,DEFAULT,ADAPTIVE,CAR,
1787973284639,3.81084394,2533,unnamed,,NO_POSE,UNKNOWN,0,0,0,0,0,0,0,0,1,0,0,0,0,,,,,,,,,,,,0.692375004,1444.30408,0,,,0,3,306.752838,267.322601,38338,DEFAULT,ADAPTIVE,CAR,
1787973284640,3.81143618,2534,unnamed,,NO_POSE,UNKNOWN,0,0,0,0,0,0,0,0,1,0,0,0,0,,,,,,,,,,,,0.592165947,1688.7157,0,,,0,3,306.803345,267.322601,38338,DEFAULT,ADAPTIVE,CAR,
1787973284640,3.81203961,2535,unnamed,,NO_POSE,UNKNOWN,0,0,0,0,0,0,0,0,1,0,0,0,0,,,,,,,,,,,,0.603375018,1657.34399,0,,,0,3,306.853912,267.322601,38338,DEFAULT,ADAPTIVE,CAR,
1787973284641,3.81264472,2536,unnamed,,NO_POSE,UNKNOWN,0,0,0,0,0,0,0,0,1,0,0,0,0,,,,,,,,,,,,0.605208993,1652.32178,0,,,0,3,306.904388,267.322601,38338,DEFAULT,ADAPTIVE,CAR,
1787973284642,3.81331086,2537,unnamed,,NO_POSE,UNKNOWN,0,0,0,0,0,0,0,0,1,0,0,0,0,,,,,,,,,,,,0.666207969,1501.03271,0,,,0,3,306.954895,267.322601,38338,DEFAULT,ADAPTIVE,CAR,
1787973284642,3.8140409,2538,unnamed,,NO_POSE,UNKNOWN,0,0,0,0,0,0,0,0,1,0,0,0,0,,,,,,,,,,,,0.729832947,1370.17651,0,,,0,3,307.005402,267.322601,38338,DEFAULT,ADAPTIVE,CAR,
1787973284643,3.81479239,2539,unnamed,,NO_POSE,UNKNOWN,0,0,0,0,0,0,0,0,1,0,0,0,0,,,,,,,,,,,,0.751708984,1330.302,0,,,0,3,307.055908,267.322601,38338,DEFAULT,ADAPTIVE,CAR,
1787973284644,3.81543469,2540,unnamed,,NO_POSE,UNKNOWN,0,0,0,0,0,0,0,0,1,0,0,0,0,,,,,,,,,,,,0.64229095,1556.92676,0,,,0,3,307.106415,267.322601,38338,DEFAULT,ADAPTIVE,CAR,
1787973284644,3.81603289,2541,unnamed,,NO_POSE,UNKNOWN,0,0,0,0,0,0,0,0,1,0,0,0,0,,,,,,,,,,,,0.598208964,1671.65662,0,,,0,3,307.156921,267.322601,38338,DEFAULT,ADAPTIVE,CAR,
1787973284645,3.81663632,2542,unnamed,,NO_POSE,UNKNOWN,0,0,0,0,0,0,0,0,1,0,0,0,0,,,,,,,,,,,,0.603375018,1657.34399,0,,,0,3,307.207397,267.322601,38338,DEFAULT,ADAPTIVE,CAR,
1787973284646,3.81723166,2543,unnamed,,NO_POSE,UNKNOWN,0,0,0,0,0,0,0,0,1,0,0,0,0,,,,,,,,,,,,0.59533298,1679.73218,0,,,0,3,307.21167,267.322601,38338,DEFAULT,ADAPTIVE,CAR,
1787973284646,3.81785774,2544,unnamed,,NO_POSE,UNKNOWN,0,0,0,0,0,0,0,0,1,0,0,0,0,,,,,,,,,,,,0.626125038,1597.12512,0,,,0,3,307.261597,267.322601,38338,DEFAULT,ADAPTIVE,CAR,
1787973284647,3.818434,2545,unnamed,,NO_POSE,UNKNOWN,0,0,0,0,0,0,0,0,1,0,0,0,0,,,,,,,,,,,,0.576207995,1735.48438,0,,,0,3,307.312103,267.322601,38338,DEFAULT,ADAPTIVE,CAR,
1787973284647,3.81903148,2546,unnamed,,NO_POSE,UNKNOWN,0,0,0,0,0,0,0,0,1,0,0,0,0,,,,,,,,,,,,0.597500026,1673.64014,0,,,0,3,307.36261,267.322601,38338,DEFAULT,ADAPTIVE,CAR,
1787973284648,3.81964612,2547,unnamed,,NO_POSE,UNKNOWN,0,0,0,0,0,0,0,0,1,0,0,0,0,,,,,,,,,,,,0.614666998,1626.89709,0,,,0,3,307.413086,267.322601,38338,DEFAULT,ADAPTIVE,CAR,
1787973284649,3.82035041,2548,unnamed,,NO_POSE,UNKNOWN,0,0,0,0,0,0,0,0,1,0,0,0,0,,,,,,,,,,,,0.704124987,1420.20239,0,,,0,3,307.463593,267.322601,38338,DEFAULT,ADAPTIVE,CAR,
1787973284649,3.82104468,2549,unnamed,,NO_POSE,UNKNOWN,0,0,0,0,0,0,0,0,1,0,0,0,0,,,,,,,,,,,,0.694417,1440.05688,0,,,0,3,307.51413,267.322601,38338,DEFAULT,ADAPTIVE,CAR,
1787973284650,3.82178593,2550,unnamed,,NO_POSE,UNKNOWN,0,0,0,0,0,0,0,0,1,0,0,0,0,,,,,,,,,,,,0.741249979,1349.07251,0,,,0,3,307.564636,267.322601,38338,DEFAULT,ADAPTIVE,CAR,
1787973284651,3.82265973,2551,unnamed,,NO_POSE,UNKNOWN,0,0,0,0,0,0,0,0,1,0,0,0,0,,,,,,,,,,,,0.873666048,1144.60217,0,,,0,3,307.615173,267.322601,38338,DEFAULT,ADAPTIVE,CAR,
1787973284652,3.82335806,2552,unnamed,,NO_POSE,UNKNOWN,0,0,0,0,0,0,0,0,1,0,0,0,0,,,,,,,,,,,,0.698334038,1431.97949,0,,,0,3,307.66568,267.322601,38338,DEFAULT,ADAPTIVE,CAR,
1787973284653,3.82404017,2553,unnamed,,NO_POSE,UNKNOWN,0,0,0,0,0,0,0,0,1,0,0,0,0,,,,,,,,,,,,0.682083011,1466.09717,0,,,0,3,307.716156,267.322601,38338,DEFAULT,ADAPTIVE,CAR,
1787973284653,3.82472134,2554,unnamed,,NO_POSE,UNKNOWN,0,0,0,0,0,0,0,0,1,0,0,0,0,,,,,,,,,,,,0.681333005,1467.71106,0,,,0,3,307.766663,267.322601,38338,DEFAULT,ADAPTIVE,CAR,
1787973284654,3.82536316,2555,unnamed,,NO_POSE,UNKNOWN,0,0,0,0,0,0,0,0,1,0,0,0,0,,,,,,,,,,,,0.641791999,1558.13721,0,,,0,3,307.817169,267.322601,38338,DEFAULT,ADAPTIVE,CAR,
1787973284654,3.82593846,2556,unnamed,,NO_POSE,UNKNOWN,0,0,0,0,0,0,0,0,1,0,0,0,0,,,,,,,,,,,,0.575208008,1738.50159,0,,,0,3,306.676514,267.322601,38338,DEFAULT,ADAPTIVE,CAR,
1787973284655,3.82652521,2557,unnamed,,NO_POSE,UNKNOWN,0,0,0,0,0,0,0,0,1,0,0,0,0,,,,,,,,,,,,0.586791992,1704.1814,0,,,0,3,306.72702,267.322601,38338,DEFAULT,ADAPTIVE,CAR,
1787973284656,3.82713938,2558,unnamed,,NO_POSE,UNKNOWN,0,0,0,0,0,0,0,0,1,0,0,0,0,,,,,,,,,,,,0.614083052,1628.44434,0,,,0,3,306.777557,267.322601,38338,DEFAULT,ADAPTIVE,CAR,
1787973284656,3.82773733,2559,unnamed,,NO_POSE,UNKNOWN,0,0,0,0,0,0,0,0,1,0,0,0,0,,,,,,,,,,,,0.598041952,1672.12341,0,,,0,3,306.828064,267.322601,38338,DEFAULT,ADAPTIVE,CAR,
1787973284657,3.8283515,2560,unnamed,,NO_POSE,UNKNOWN,0,0,0,0,0,0,0,0,1,0,0,0,0,,,,,,,,,,,,0.614083052,1628.44434,0,,,0,3,306.878571,267.322601,38338,DEFAULT,ADAPTIVE,CAR,
1787973284657,3.82893705,2561,unnamed,,NO_POSE,UNKNOWN,0,0,0,0,0,0,0,0,1,0,0,0,0,,,,,,,,,,,,0.585584044,1707.6969,0,,,0,3,306.884094,267.322601,38338,DEFAULT,ADAPTIVE,CAR,
1787973284658,3.82968664,2562,unnamed,,NO_POSE,UNKNOWN,0,0,0,0,0,0,0,0,1,0,0,0,0,,,,,,,,,,,,0.749750018,1333.77795,0,,,0,3,306.932739,267.322601,38338,DEFAULT,ADAPTIVE,CAR,
1787973284659,3.83036661,2563,unnamed,,NO_POSE,UNKNOWN,0,0,0,0,0,0,0,0,1,0,0,0,0,,,,,,,,,,,,0.679957986,1470.67908,0,,,0,3,306.983246,267.322601,38338,DEFAULT,ADAPTIVE,CAR,
1787973284660,3.83119965,2564,unnamed,,NO_POSE,UNKNOWN,0,0,0,0,0,0,0,0,1,0,0,0,0,,,,,,,,,,,,0.833042026,1200.41968,0,,,0,3,307.033752,267.322601,38338,DEFAULT,ADAPTIVE,CAR,
1787973284660,3.83183384,2565,unnamed,,NO_POSE,UNKNOWN,0,0,0,0,0,0,0,0,1,0,0,0,0,,,,,,,,,,,,0.634000003,1577.28711,0,,,0,3,307.084259,267.322601,38338,DEFAULT,ADAPTIVE,CAR,
1787973284661,3.83243918,2566,unnamed,,NO_POSE,UNKNOWN,0,0,0,0,0,0,0,0,1,0,0,0,0,,,,,,,,,,,,0.605416,1651.75671,0,,,0,3,307.134766,267.322601,38338,DEFAULT,ADAPTIVE,CAR,
1787973284661,3.83304477,2567,unnamed,,NO_POSE,UNKNOWN,0,0,0,0,0,0,0,0,1,0,0,0,0,,,,,,,,,,,,0.605499983,1651.52759,0,,,0,3,307.185242,267.322601,38338,DEFAULT,ADAPTIVE,CAR,
1787973284662,3.83363843,2568,unnamed,,NO_POSE,UNKNOWN,0,0,0,0,0,0,0,0,1,0,0,0,0,,,,,,,,,,,,0.593708992,1684.32678,0,,,0,3,307.235748,267.322601,38338,DEFAULT,ADAPTIVE,CAR,
1787973284663,3.83412051,2569,unnamed,,NO_POSE,UNKNOWN,0,0,0,0,0,0,0,0,1,0,0,0,0,,,,,,,,,,,,0.482208014,2073.79395,0,,,0,3,307.240082,267.322601,38338,DEFAULT,ADAPTIVE,CAR,
1787973284663,3.83463192,2570,unnamed,,NO_POSE,UNKNOWN,0,0,0,0,0,0,0,0,1,0,0,0,0,,,,,,,,,,,,0.51129204,1955.82947,0,,,0,3,307.289917,267.322601,38338,DEFAULT,ADAPTIVE,CAR,
1787973284664,3.8352344,2571,unnamed,,NO_POSE,UNKNOWN,0,0,0,0,0,0,0,0,1,0,0,0,0,,,,,,,,,,,,0.602541029,1659.63806,0,,,0,3,307.340424,267.322601,38338,DEFAULT,ADAPTIVE,CAR,
1787973284664,3.83572555,2572,unnamed,,NO_POSE,UNKNOWN,0,0,0,0,0,0,0,0,1,0,0,0,0,,,,,,,,,,,,0.491208971,2035.79346,0,,,0,3,307.39093,267.322601,38338,DEFAULT,ADAPTIVE,CAR,
1787973284665,3.83623385,2573,unnamed,,NO_POSE,UNKNOWN,0,0,0,0,0,0,0,0,1,0,0,0,0,,,,,,,,,,,,0.508125007,1968.01965,0,,,0,3,307.441437,267.322601,38338,DEFAULT,ADAPTIVE,CAR,
1787973284665,3.83672404,2574,unnamed,,NO_POSE,UNKNOWN,0,0,0,0,0,0,0,0,1,0,0,0,0,,,,,,,,,,,,0.490333021,2039.4303,0,,,0,3,307.491943,267.322601,38338,DEFAULT,ADAPTIVE,CAR,
1787973284666,3.83748102,2575,unnamed,,NO_POSE,UNKNOWN,0,0,0,0,0,0,0,0,1,0,0,0,0,,,,,,,,,,,,0.756874979,1321.22217,0,,,0,3,307.542419,267.322601,38338,DEFAULT,ADAPTIVE,CAR,
1787973284667,3.83812857,2576,unnamed,,NO_POSE,UNKNOWN,0,0,0,0,0,0,0,0,1,0,0,0,0,,,,,,,,,,,,0.647666991,1544.00342,0,,,0,3,307.592926,267.322601,38338,DEFAULT,ADAPTIVE,CAR,
1787973284667,3.83898664,2577,unnamed,,NO_POSE,UNKNOWN,0,0,0,0,0,0,0,0,1,0,0,0,0,,,,,,,,,,,,0.857957959,1165.55823,0,,,0,3,307.643433,267.322601,38338,DEFAULT,ADAPTIVE,CAR,
1787973284668,3.83974409,2578,unnamed,,NO_POSE,UNKNOWN,0,0,0,0,0,0,0,0,1,0,0,0,0,,,,,,,,,,,,0.757417023,1320.27673,0,,,0,3,307.693939,267.322601,38338,DEFAULT,ADAPTIVE,CAR,
1787973284669,3.84044647,2579,unnamed,,NO_POSE,UNKNOWN,0,0,0,0,0,0,0,0,1,0,0,0,0,,,,,,,,,,,,0.702540994,1423.40454,0,,,0,3,307.744415,267.322601,38338,DEFAULT,ADAPTIVE,CAR,
1787973284670,3.84115434,2580,unnamed,,NO_POSE,UNKNOWN,0,0,0,0,0,0,0,0,1,0,0,0,0,,,,,,,,,,,,0.707749963,1412.92834,0,,,0,3,307.794922,267.322601,38338,DEFAULT,ADAPTIVE,CAR,
1787973284670,3.84183383,2581,unnamed,,NO_POSE,UNKNOWN,0,0,0,0,0,0,0,0,1,0,0,0,0,,,,,,,,,,,,0.679459035,1471.75916,0,,,0,3,307.845428,267.322601,38338,DEFAULT,ADAPTIVE,CAR,
1787973284671,3.84243917,2582,unnamed,,NO_POSE,UNKNOWN,0,0,0,0,0,0,0,0,1,0,0,0,0,,,,,,,,,,,,0.60533303,1651.98328,0,,,0,3,307.895935,267.322601,38338,DEFAULT,ADAPTIVE,CAR,
1787973284671,3.84304619,2583,unnamed,,NO_POSE,UNKNOWN,0,0,0,0,0,0,0,0,1,0,0,0,0,,,,,,,,,,,,0.607042015,1647.33252,0,,,0,3,307.946411,267.322601,38338,DEFAULT,ADAPTIVE,CAR,
1787973284672,3.84363461,2584,unnamed,,NO_POSE,UNKNOWN,0,0,0,0,0,0,0,0,1,0,0,0,0,,,,,,,,,,,,0.588458002,1699.35669,0,,,0,3,307.996918,267.322601,38338,DEFAULT,ADAPTIVE,CAR,
1787973284673,3.84412766,2585,unnamed,,NO_POSE,UNKNOWN,0,0,0,0,0,0,0,0,1,0,0,0,0,,,,,,,,,,,,0.493041992,2028.22473,0,,,0,3,308.047424,267.322601,38338,DEFAULT,ADAPTIVE,CAR,
1787973284673,3.84462786,2586,unnamed,,NO_POSE,UNKNOWN,0,0,0,0,0,0,0,0,1,0,0,0,0,,,,,,,,,,,,0.500250041,1999.00037,0,,,0,3,308.051666,267.322601,38338,DEFAULT,ADAPTIVE,CAR,
1787973284674,3.84512377,2587,unnamed,,NO_POSE,UNKNOWN,0,0,0,0,0,0,0,0,1,0,0,0,0,,,,,,,,,,,,0.495833009,2016.80811,0,,,0,3,308.101593,267.322601,38338,DEFAULT,ADAPTIVE,CAR,
1787973284674,3.84563231,2588,unnamed,,NO_POSE,UNKNOWN,0,0,0,0,0,0,0,0,1,0,0,0,0,,,,,,,,,,,,0.50849998,1966.56848,0,,,0,3,307.010437,267.322601,38338,DEFAULT,ADAPTIVE,CAR,
1787973284675,3.84627724,2589,unnamed,,NO_POSE,UNKNOWN,0,0,0,0,0,0,0,0,1,0,0,0,0,,,,,,,,,,,,0.645124972,1550.08716,0,,,0,3,307.058289,267.322601,38338,DEFAULT,ADAPTIVE,CAR,
1787973284675,3.84696388,2590,unnamed,,NO_POSE,UNKNOWN,0,0,0,0,0,0,0,0,1,0,0,0,0,,,,,,,,,,,,0.686457992,1456.7533,0,,,0,3,307.108795,267.322601,38338,DEFAULT,ADAPTIVE,CAR,
1787973284676,3.84775186,2591,unnamed,,NO_POSE,UNKNOWN,0,0,0,0,0,0,0,0,1,0,0,0,0,,,,,,,,,,,,0.787959039,1269.10156,0,,,0,3,307.159302,267.322601,38338,DEFAULT,ADAPTIVE,CAR,
1787973284677,3.84833145,2592,unnamed,,NO_POSE,UNKNOWN,0,0,0,0,0,0,0,0,1,0,0,0,0,,,,,,,,,,,,0.579750001,1724.88147,0,,,0,3,307.209808,267.322601,38338,DEFAULT,ADAPTIVE,CAR,
1787973284677,3.84883046,2593,unnamed,,NO_POSE,UNKNOWN,0,0,0,0,0,0,0,0,1,0,0,0,0,,,,,,,,,,,,0.499040991,2003.84338,0,,,0,3,307.260315,267.322601,38338,DEFAULT,ADAPTIVE,CAR,
1787973284678,3.84946275,2594,unnamed,,NO_POSE,UNKNOWN,0,0,0,0,0,0,0,0,1,0,0,0,0,,,,,,,,,,,,0.632209003,1581.75537,0,,,0,3,307.310791,267.322601,38338,DEFAULT,ADAPTIVE,CAR,
1787973284678,3.8500278,2595,unnamed,,NO_POSE,UNKNOWN,0,0,0,0,0,0,0,0,1,0,0,0,0,,,,,,,,,,,,0.565083027,1769.65149,0,,,0,3,307.361298,267.322601,38338,DEFAULT,ADAPTIVE,CAR,
1787973284679,3.85053039,2596,unnamed,,NO_POSE,UNKNOWN,0,0,0,0,0,0,0,0,1,0,0,0,0,,,,,,,,,,,,0.502499998,1990.0498,0,,,0,3,307.411804,267.322601,38338,DEFAULT,ADAPTIVE,CAR,
1787973284680,3.85114241,2597,unnamed,,NO_POSE,UNKNOWN,0,0,0,0,0,0,0,0,1,0,0,0,0,,,,,,,,,,,,0.612124979,1633.65332,0,,,0,3,307.462311,267.322601,38338,DEFAULT,ADAPTIVE,CAR,
1787973284680,3.85173607,2598,unnamed,,NO_POSE,UNKNOWN,0,0,0,0,0,0,0,0,1,0,0,0,0,,,,,,,,,,,,0.593582988,1684.68445,0,,,0,3,307.512817,267.322601,38338,DEFAULT,ADAPTIVE,CAR,
1787973284681,3.85233498,2599,unnamed,,NO_POSE,UNKNOWN,0,0,0,0,0,0,0,0,1,0,0,0,0,,,,,,,,,,,,0.598958969,1669.56335,0,,,0,3,307.563293,267.322601,38338,DEFAULT,ADAPTIVE,CAR,
1787973284681,3.85282922,2600,unnamed,,NO_POSE,UNKNOWN,0,0,0,0,0,0,0,0,1,0,0,0,0,,,,,,,,,,,,0.494208008,2023.43945,0,,,0,3,307.6138,267.322601,38338,DEFAULT,ADAPTIVE,CAR,
1787973284682,3.85353541,2601,unnamed,,NO_POSE,UNKNOWN,0,0,0,0,0,0,0,0,1,0,0,0,0,,,,,,,,,,,,0.706291974,1415.84497,0,,,0,3,307.664307,267.322601,38338,DEFAULT,ADAPTIVE,CAR,
1787973284683,3.85423398,2602,unnamed,,NO_POSE,UNKNOWN,0,0,0,0,0,0,0,0,1,0,0,0,0,,,,,,,,,,,,0.698458016,1431.72534,0,,,0,3,307.714813,267.322601,38338,DEFAULT,ADAPTIVE,CAR,
1787973284683,3.8548789,2603,unnamed,,NO_POSE,UNKNOWN,0,0,0,0,0,0,0,0,1,0,0,0,0,,,,,,,,,,,,0.644958019,1550.48853,0,,,0,3,307.765289,267.322601,38338,DEFAULT,ADAPTIVE,CAR,
1787973284684,3.8556819,2604,unnamed,,NO_POSE,UNKNOWN,0,0,0,0,0,0,0,0,1,0,0,0,0,,,,,,,,,,,,0.803042054,1245.26489,0,,,0,3,307.815826,267.322601,38338,DEFAULT,ADAPTIVE,CAR,
1787973284685,3.85645962,2605,unnamed,,NO_POSE,UNKNOWN,0,0,0,0,0,0,0,0,1,0,0,0,0,,,,,,,,,,,,0.777625024,1285.96692,0,,,0,3,307.866333,267.322601,38338,DEFAULT,ADAPTIVE,CAR,
1787973284686,3.85715342,2606,unnamed,,NO_POSE,UNKNOWN,0,0,0,0,0,0,0,0,1,0,0,0,0,,,,,,,,,,,,0.693749964,1441.44153,0,,,0,3,307.91684,267.322601,38338,DEFAULT,ADAPTIVE,CAR,
1787973284686,3.85774088,2607,unnamed,,NO_POSE,UNKNOWN,0,0,0,0,0,0,0,0,1,0,0,0,0,,,,,,,,,,,,0.587541997,1702.00598,0,,,0,3,307.967346,267.322601,38338,DEFAULT,ADAPTIVE,CAR,
1787973284687,3.85844183,2608,unnamed,,NO_POSE,UNKNOWN,0,0,0,0,0,0,0,0,1,0,0,0,0,,,,,,,,,,,,0.701041043,1426.45007,0,,,0,3,308.017822,267.322601,38338,DEFAULT,ADAPTIVE,CAR,
1787973284688,3.85904479,2609,unnamed,,NO_POSE,UNKNOWN,0,0,0,0,0,0,0,0,1,0,0,0,0,,,,,,,,,,,,0.602959037,1658.48755,0,,,0,3,308.068329,267.322601,38338,DEFAULT,ADAPTIVE,CAR,
1787973284688,3.85975075,2610,unnamed,,NO_POSE,UNKNOWN,0,0,0,0,0,0,0,0,1,0,0,0,0,,,,,,,,,,,,0.705958009,1416.51489,0,,,0,3,308.118835,267.322601,38338,DEFAULT,ADAPTIVE,CAR,
1787973284689,3.86032915,2611,unnamed,,NO_POSE,UNKNOWN,0,0,0,0,0,0,0,0,1,0,0,0,0,,,,,,,,,,,,0.578249991,1729.35583,0,,,0,3,308.169342,267.322601,38338,DEFAULT,ADAPTIVE,CAR,
1787973284689,3.86082625,2612,unnamed,,NO_POSE,UNKNOWN,0,0,0,0,0,0,0,0,1,0,0,0,0,,,,,,,,,,,,0.497166991,2011.39661,0,,,0,3,308.219818,267.322601,38338,DEFAULT,ADAPTIVE,CAR,
1787973284690,3.86143899,2613,unnamed,,NO_POSE,UNKNOWN,0,0,0,0,0,0,0,0,1,0,0,0,0,,,,,,,,,,,,0.612625003,1632.31995,0,,,0,3,307.005554,267.322601,38338,DEFAULT,ADAPTIVE,CAR,
1787973284691,3.86213422,2614,unnamed,,NO_POSE,UNKNOWN,0,0,0,0,0,0,0,0,1,0,0,0,0,,,,,,,,,,,,0.695290983,1438.24683,0,,,0,3,307.053436,267.322601,38338,DEFAULT,ADAPTIVE,CAR,
1787973284691,3.86273646,2615,unnamed,,NO_POSE,UNKNOWN,0,0,0,0,0,0,0,0,1,0,0,0,0,,,,,,,,,,,,0.602375031,1660.09546,0,,,0,3,307.103943,267.322601,38338,DEFAULT,ADAPTIVE,CAR,
1787973284692,3.86336493,2616,unnamed,,NO_POSE,UNKNOWN,0,0,0,0,0,0,0,0,1,0,0,0,0,,,,,,,,,,,,0.628417015,1591.30005,0,,,0,3,307.154449,267.322601,38338,DEFAULT,ADAPTIVE,CAR,
1787973284693,3.86404991,2617,unnamed,,NO_POSE,UNKNOWN,0,0,0,0,0,0,0,0,1,0,0,0,0,,,,,,,,,,,,0.685042024,1459.76453,0,,,0,3,307.204956,267.322601,38338,DEFAULT,ADAPTIVE,CAR,
1787973284693,3.86474967,2618,unnamed,,NO_POSE,UNKNOWN,0,0,0,0,0,0,0,0,1,0,0,0,0,,,,,,,,,,,,0.699749947,1429.08191,0,,,0,3,307.255463,267.322601,38338,DEFAULT,ADAPTIVE,CAR,
1787973284694,3.86543393,2619,unnamed,,NO_POSE,UNKNOWN,0,0,0,0,0,0,0,0,1,0,0,0,0,,,,,,,,,,,,0.684249997,1461.45422,0,,,0,3,307.305939,267.322601,38338,DEFAULT,ADAPTIVE,CAR,
1787973284694,3.86602855,2620,unnamed,,NO_POSE,UNKNOWN,0,0,0,0,0,0,0,0,1,0,0,0,0,,,,,,,,,,,,0.594500005,1682.08582,0,,,0,3,307.356445,267.322601,38338,DEFAULT,ADAPTIVE,CAR,
1787973284695,3.86652732,2621,unnamed,,NO_POSE,UNKNOWN,0,0,0,0,0,0,0,0,1,0,0,0,0,,,,,,,,,,,,0.49883303,2004.67883,0,,,0,3,307.406952,267.322601,38338,DEFAULT,ADAPTIVE,CAR,
1787973284696,3.86714458,2622,unnamed,,NO_POSE,UNKNOWN,0,0,0,0,0,0,0,0,1,0,0,0,0,,,,,,,,,,,,0.617208004,1620.19934,0,,,0,3,307.457458,267.322601,38338,DEFAULT,ADAPTIVE,CAR,
1787973284696,3.86773109,2623,unnamed,,NO_POSE,UNKNOWN,0,0,0,0,0,0,0,0,1,0,0,0,0,,,,,,,,,,,,0.586667001,1704.54456,0,,,0,3,307.507935,267.322601,38338,DEFAULT,ADAPTIVE,CAR,
1787973284697,3.8683219,2624,unnamed,,NO_POSE,UNKNOWN,0,0,0,0,0,0,0,0,1,0,0,0,0,,,,,,,,,,,,0.590708017,1692.88379,0,,,0,3,307.558441,267.322601,38338,DEFAULT,ADAPTIVE,CAR,
1787973284697,3.86893702,2625,unnamed,,NO_POSE,UNKNOWN,0,0,0,0,0,0,0,0,1,0,0,0,0,,,,,,,,,,,,0.615125,1625.68579,0,,,0,3,307.608948,267.322601,38338,DEFAULT,ADAPTIVE,CAR,
1787973284698,3.86953664,2626,unnamed,,NO_POSE,UNKNOWN,0,0,0,0,0,0,0,0,1,0,0,0,0,,,,,,,,,,,,0.599667013,1667.59216,0,,,0,3,307.659454,267.322601,38338,DEFAULT,ADAPTIVE,CAR,
1787973284699,3.87025642,2627,unnamed,,NO_POSE,UNKNOWN,0,0,0,0,0,0,0,0,1,0,0,0,0,,,,,,,,,,,,0.719707966,1389.45239,0,,,0,3,307.70993,267.322601,38338,DEFAULT,ADAPTIVE,CAR,
1787973284699,3.87083125,2628,unnamed,,NO_POSE,UNKNOWN,0,0,0,0,0,0,0,0,1,0,0,0,0,,,,,,,,,,,,0.574874997,1739.50867,0,,,0,3,307.760437,267.322601,38338,DEFAULT,ADAPTIVE,CAR,
1787973284700,3.87145805,2629,unnamed,,NO_POSE,UNKNOWN,0,0,0,0,0,0,0,0,1,0,0,0,0,,,,,,,,,,,,0.626667023,1595.7439,0,,,0,3,307.810944,267.322601,38338,DEFAULT,ADAPTIVE,CAR,
1787973284701,3.87216234,2630,unnamed,,NO_POSE,UNKNOWN,0,0,0,0,0,0,0,0,1,0,0,0,0,,,,,,,,,,,,0.70450002,1419.44641,0,,,0,3,307.86145,267.322601,38338,DEFAULT,ADAPTIVE,CAR,
1787973284701,3.87294841,2631,unnamed,,NO_POSE,UNKNOWN,0,0,0,0,0,0,0,0,1,0,0,0,0,,,,,,,,,,,,0.786000013,1272.26465,0,,,0,3,307.911926,267.322601,38338,DEFAULT,ADAPTIVE,CAR,
1787973284702,3.87364888,2632,unnamed,,NO_POSE,UNKNOWN,0,0,0,0,0,0,0,0,1,0,0,0,0,,,,,,,,,,,,0.700416982,1427.72095,0,,,0,3,307.962433,267.322601,38338,DEFAULT,ADAPTIVE,CAR,
1787973284703,3.87433672,2633,unnamed,,NO_POSE,UNKNOWN,0,0,0,0,0,0,0,0,1,0,0,0,0,,,,,,,,,,,,0.68779099,1453.93005,0,,,0,3,308.012939,267.322601,38338,DEFAULT,ADAPTIVE,CAR,
1787973284703,3.87493896,2634,unnamed,,NO_POSE,UNKNOWN,0,0,0,0,0,0,0,0,1,0,0,0,0,,,,,,,,,,,,0.602209032,1660.55298,0,,,0,3,308.063446,267.322601,38338,DEFAULT,ADAPTIVE,CAR,
1787973284704,3.87553239,2635,unnamed,,NO_POSE,UNKNOWN,0,0,0,0,0,0,0,0,1,0,0,0,0,,,,,,,,,,,,0.593457997,1685.03918,0,,,0,3,308.113922,267.322601,38338,DEFAULT,ADAPTIVE,CAR,
1787973284705,3.87614131,2636,unnamed,,NO_POSE,UNKNOWN,0,0,0,0,0,0,0,0,1,0,0,0,0,,,,,,,,,,,,0.609041989,1641.92285,0,,,0,3,308.164429,267.322601,38338,DEFAULT,ADAPTIVE,CAR,
1787973284705,3.87673545,2637,unnamed,,NO_POSE,UNKNOWN,0,0,0,0,0,0,0,0,1,0,0,0,0,,,,,,,,,,,,0.594165981,1683.03137,0,,,0,3,306.676117,267.322601,38338,DEFAULT,ADAPTIVE,CAR,
1787973284706,3.87734222,2638,unnamed,,NO_POSE,UNKNOWN,0,0,0,0,0,0,0,0,1,0,0,0,0,,,,,,,,,,,,0.606709003,1648.23669,0,,,0,3,306.721313,267.322601,38338,DEFAULT,ADAPTIVE,CAR,
1787973284706,3.87801218,2639,unnamed,,NO_POSE,UNKNOWN,0,0,0,0,0,0,0,0,1,0,0,0,0,,,,,,,,,,,,0.669999957,1492.53735,0,,,0,3,306.77182,267.322601,38338,DEFAULT,ADAPTIVE,CAR,
1787973284707,3.87864852,2640,unnamed,,NO_POSE,UNKNOWN,0,0,0,0,0,0,0,0,1,0,0,0,0,,,,,,,,,,,,0.636207998,1571.81299,0,,,0,3,306.822296,267.322601,38338,DEFAULT,ADAPTIVE,CAR,
1787973284708,3.87945342,2641,unnamed,,NO_POSE,UNKNOWN,0,0,0,0,0,0,0,0,1,0,0,0,0,,,,,,,,,,,,0.804957986,1242.3009,0,,,0,3,306.873657,267.322601,38338,DEFAULT,ADAPTIVE,CAR,
1787973284709,3.88014793,2642,unnamed,,NO_POSE,UNKNOWN,0,0,0,0,0,0,0,0,1,0,0,0,0,,,,,,,,,,,,0.694584012,1439.71069,0,,,0,3,306.924133,267.322601,38338,DEFAULT,ADAPTIVE,CAR,
1787973284709,3.88086486,2643,unnamed,,NO_POSE,UNKNOWN,0,0,0,0,0,0,0,0,1,0,0,0,0,,,,,,,,,,,,0.716791034,1395.10681,0,,,0,3,306.97464,267.322601,38338,DEFAULT,ADAPTIVE,CAR,
1787973284710,3.88154149,2644,unnamed,,NO_POSE,UNKNOWN,0,0,0,0,0,0,0,0,1,0,0,0,0,,,,,,,,,,,,0.676625013,1477.92346,0,,,0,3,307.025146,267.322601,38338,DEFAULT,ADAPTIVE,CAR,
1787973284711,3.88213825,2645,unnamed,,NO_POSE,UNKNOWN,0,0,0,0,0,0,0,0,1,0,0,0,0,,,,,,,,,,,,0.596874952,1675.3927,0,,,0,3,307.075653,267.322601,38338,DEFAULT,ADAPTIVE,CAR,
1787973284711,3.88274431,2646,unnamed,,NO_POSE,UNKNOWN,0,0,0,0,0,0,0,0,1,0,0,0,0,,,,,,,,,,,,0.606083989,1649.93628,0,,,0,3,307.079956,267.322601,38338,DEFAULT,ADAPTIVE,CAR,
1787973284712,3.88333154,2647,unnamed,,NO_POSE,UNKNOWN,0,0,0,0,0,0,0,0,1,0,0,0,0,,,,,,,,,,,,0.587125003,1703.21472,0,,,0,3,307.129822,267.322601,38338,DEFAULT,ADAPTIVE,CAR,
1787973284712,3.88393402,2648,unnamed,,NO_POSE,UNKNOWN,0,0,0,0,0,0,0,0,1,0,0,0,0,,,,,,,,,,,,0.602625012,1659.40674,0,,,0,3,307.180328,267.322601,38338,DEFAULT,ADAPTIVE,CAR,
1787973284713,3.88453627,2649,unnamed,,NO_POSE,UNKNOWN,0,0,0,0,0,0,0,0,1,0,0,0,0,,,,,,,,,,,,0.602082968,1660.90063,0,,,0,3,307.230835,267.322601,38338,DEFAULT,ADAPTIVE,CAR,
1787973284714,3.88513756,2650,unnamed,,NO_POSE,UNKNOWN,0,0,0,0,0,0,0,0,1,0,0,0,0,,,,,,,,,,,,0.601374984,1662.85596,0,,,0,3,307.281311,267.322601,38338,DEFAULT,ADAPTIVE,CAR,
1787973284714,3.88587976,2651,unnamed,,NO_POSE,UNKNOWN,0,0,0,0,0,0,0,0,1,0,0,0,0,,,,,,,,,,,,0.742166996,1347.40564,0,,,0,3,307.331818,267.322601,38338,DEFAULT,ADAPTIVE,CAR,
1787973284715,3.88663769,2652,unnamed,,NO_POSE,UNKNOWN,0,0,0,0,0,0,0,0,1,0,0,0,0,,,,,,,,,,,,0.757874966,1319.47888,0,,,0,3,307.382324,267.322601,38338,DEFAULT,ADAPTIVE,CAR,
1787973284716,3.8872323,2653,unnamed,,NO_POSE,UNKNOWN,0,0,0,0,0,0,0,0,1,0,0,0,0,,,,,,,,,,,,0.594708025,1681.49744,0,,,0,3,307.432831,267.322601,38338,DEFAULT,ADAPTIVE,CAR,
1787973284716,3.88793302,2654,unnamed,,NO_POSE,UNKNOWN,0,0,0,0,0,0,0,0,1,0,0,0,0,,,,,,,,,,,,0.700582981,1427.38269,0,,,0,3,307.483337,267.322601,38338,DEFAULT,ADAPTIVE,CAR,
1787973284717,3.88865542,2655,unnamed,,NO_POSE,UNKNOWN,0,0,0,0,0,0,0,0,1,0,0,0,0,,,,,,,,,,,,0.722541988,1384.00256,0,,,0,3,307.487061,267.322601,38338,DEFAULT,ADAPTIVE,CAR,
1787973284718,3.88935137,2656,unnamed,,NO_POSE,UNKNOWN,0,0,0,0,0,0,0,0,1,0,0,0,0,,,,,,,,,,,,0.69591701,1436.953,0,,,0,3,307.537567,267.322601,38338,DEFAULT,ADAPTIVE,CAR,
1787973284719,3.89015388,2657,unnamed,,NO_POSE,UNKNOWN,0,0,0,0,0,0,0,0,1,0,0,0,0,,,,,,,,,,,,0.80250001,1246.10596,0,,,0,3,307.588623,267.322601,38338,DEFAULT,ADAPTIVE,CAR,
1787973284719,3.89084458,2658,unnamed,,NO_POSE,UNKNOWN,0,0,0,0,0,0,0,0,1,0,0,0,0,,,,,,,,,,,,0.690707982,1447.78979,0,,,0,3,307.63855,267.322601,38338,DEFAULT,ADAPTIVE,CAR,
1787973284720,3.89144564,2659,unnamed,,NO_POSE,UNKNOWN,0,0,0,0,0,0,0,0,1,0,0,0,0,,,,,,,,,,,,0.60095799,1664.00977,0,,,0,3,307.689056,267.322601,38338,DEFAULT,ADAPTIVE,CAR,
1787973284721,3.89213896,2660,unnamed,,NO_POSE,UNKNOWN,0,0,0,0,0,0,0,0,1,0,0,0,0,,,,,,,,,,,,0.693374991,1442.22095,0,,,0,3,307.739563,267.322601,38338,DEFAULT,ADAPTIVE,CAR,
1787973284721,3.89272547,2661,unnamed,,NO_POSE,UNKNOWN,0,0,0,0,0,0,0,0,1,0,0,0,0,,,,,,,,,,,,0.58654201,1704.90771,0,,,0,3,306.698212,267.322601,38338,DEFAULT,ADAPTIVE,CAR,
1787973284722,3.89336443,2662,unnamed,,NO_POSE,UNKNOWN,0,0,0,0,0,0,0,0,1,0,0,0,0,,,,,,,,,,,,0.638875008,1565.25146,0,,,0,3,306.748718,267.322601,38338,DEFAULT,ADAPTIVE,CAR,
1787973284723,3.89406133,2663,unnamed,,NO_POSE,UNKNOWN,0,0,0,0,0,0,0,0,1,0,0,0,0,,,,,,,,,,,,0.697082996,1434.54932,0,,,0,3,306.799225,267.322601,38338,DEFAULT,ADAPTIVE,CAR,
1787973284723,3.89463043,2664,unnamed,,NO_POSE,UNKNOWN,0,0,0,0,0,0,0,0,1,0,0,0,0,,,,,,,,,,,,0.568917036,1757.72559,0,,,0,3,306.849731,267.322601,38338,DEFAULT,ADAPTIVE,CAR,
1787973284724,3.89523911,2665,unnamed,,NO_POSE,UNKNOWN,0,0,0,0,0,0,0,0,1,0,0,0,0,,,,,,,,,,,,0.608708024,1642.82373,0,,,0,3,306.900208,267.322601,38338,DEFAULT,ADAPTIVE,CAR,
1787973284724,3.89583659,2666,unnamed,,NO_POSE,UNKNOWN,0,0,0,0,0,0,0,0,1,0,0,0,0,,,,,,,,,,,,0.597541988,1673.52258,0,,,0,3,306.950714,267.322601,38338,DEFAULT,ADAPTIVE,CAR,
1787973284725,3.89647865,2667,unnamed,,NO_POSE,UNKNOWN,0,0,0,0,0,0,0,0,1,0,0,0,0,,,,,,,,,,,,0.642124951,1557.32922,0,,,0,3,307.001221,267.322601,38338,DEFAULT,ADAPTIVE,CAR,
1787973284726,3.89713335,2668,unnamed,,NO_POSE,UNKNOWN,0,0,0,0,0,0,0,0,1,0,0,0,0,,,,,,,,,,,,0.65474999,1527.30054,0,,,0,3,307.051727,267.322601,38338,DEFAULT,ADAPTIVE,CAR,
1787973284726,3.89783597,2669,unnamed,,NO_POSE,UNKNOWN,0,0,0,0,0,0,0,0,1,0,0,0,0,,,,,,,,,,,,0.702458024,1423.57263,0,,,0,3,307.102234,267.322601,38338,DEFAULT,ADAPTIVE,CAR,
1787973284727,3.89844227,2670,unnamed,,NO_POSE,UNKNOWN,0,0,0,0,0,0,0,0,1,0,0,0,0,,,,,,,,,,,,0.606458962,1648.91614,0,,,0,3,307.15271,267.322601,38338,DEFAULT,ADAPTIVE,CAR,
1787973284728,3.89915252,2671,unnamed,,NO_POSE,UNKNOWN,0,0,0,0,0,0,0,0,1,0,0,0,0,,,,,,,,,,,,0.710165977,1408.12146,0,,,0,3,307.203217,267.322601,38338,DEFAULT,ADAPTIVE,CAR,
1787973284728,3.89984059,2672,unnamed,,NO_POSE,UNKNOWN,0,0,0,0,0,0,0,0,1,0,0,0,0,,,,,,,,,,,,0.688124955,1453.22437,0,,,0,3,307.253723,267.322601,38338,DEFAULT,ADAPTIVE,CAR,
1787973284729,3.90043736,2673,unnamed,,NO_POSE,UNKNOWN,0,0,0,0,0,0,0,0,1,0,0,0,0,,,,,,,,,,,,0.596584022,1676.20996,0,,,0,3,307.30423,267.322601,38338,DEFAULT,ADAPTIVE,CAR,
1787973284729,3.90103436,2674,unnamed,,NO_POSE,UNKNOWN,0,0,0,0,0,0,0,0,1,0,0,0,0,,,,,,,,,,,,0.597000003,1675.04187,0,,,0,3,307.354736,267.322601,38338,DEFAULT,ADAPTIVE,CAR,
1787973284730,3.90165567,2675,unnamed,,NO_POSE,UNKNOWN,0,0,0,0,0,0,0,0,1,0,0,0,0,,,,,,,,,,,,0.621333003,1609.44287,0,,,0,3,307.405212,267.322601,38338,DEFAULT,ADAPTIVE,CAR,
1787973284731,3.90234113,2676,unnamed,,NO_POSE,UNKNOWN,0,0,0,0,0,0,0,0,1,0,0,0,0,,,,,,,,,,,,0.685458004,1458.87854,0,,,0,3,307.45575,267.322601,38338,DEFAULT,ADAPTIVE,CAR,
1787973284731,3.90294194,2677,unnamed,,NO_POSE,UNKNOWN,0,0,0,0,0,0,0,0,1,0,0,0,0,,,,,,,,,,,,0.60087502,1664.23962,0,,,0,3,307.506226,267.322601,38338,DEFAULT,ADAPTIVE,CAR,
1787973284732,3.90353179,2678,unnamed,,NO_POSE,UNKNOWN,0,0,0,0,0,0,0,0,1,0,0,0,0,,,,,,,,,,,,0.589833975,1695.39221,0,,,0,3,307.556732,267.322601,38338,DEFAULT,ADAPTIVE,CAR,
1787973284733,3.90413523,2679,unnamed,,NO_POSE,UNKNOWN,0,0,0,0,0,0,0,0,1,0,0,0,0,,,,,,,,,,,,0.603416026,1657.23145,0,,,0,3,307.607239,267.322601,38338,DEFAULT,ADAPTIVE,CAR,
1787973284733,3.9047668,2680,unnamed,,NO_POSE,UNKNOWN,0,0,0,0,0,0,0,0,1,0,0,0,0,,,,,,,,,,,,0.631749988,1582.90466,0,,,0,3,307.657715,267.322601,38338,DEFAULT,ADAPTIVE,CAR,
1787973284734,3.90545201,2681,unnamed,,NO_POSE,UNKNOWN,0,0,0,0,0,0,0,0,1,0,0,0,0,,,,,,,,,,,,0.685000002,1459.854,0,,,0,3,307.708221,267.322601,38338,DEFAULT,ADAPTIVE,CAR,
1787973284735,3.9061501,2682,unnamed,,NO_POSE,UNKNOWN,0,0,0,0,0,0,0,0,1,0,0,0,0,,,,,,,,,,,,0.698292017,1432.06567,0,,,0,3,307.758728,267.322601,38338,DEFAULT,ADAPTIVE,CAR,
1787973284735,3.9068377,2683,unnamed,,NO_POSE,UNKNOWN,0,0,0,0,0,0,0,0,1,0,0,0,0,,,,,,,,,,,,0.687458038,1454.63428,0,,,0,3,307.809235,267.322601,38338,DEFAULT,ADAPTIVE,CAR,
1787973284736,3.90742779,2684,unnamed,,NO_POSE,UNKNOWN,0,0,0,0,0,0,0,0,1,0,0,0,0,,,,,,,,,,,,0.590084016,1694.67395,0,,,0,3,307.859741,267.322601,38338,DEFAULT,ADAPTIVE,CAR,
1787973284737,3.9080472,2685,unnamed,,NO_POSE,UNKNOWN,0,0,0,0,0,0,0,0,1,0,0,0,0,,,,,,,,,,,,0.61945796,1614.31445,0,,,0,3,307.910217,267.322601,38338,DEFAULT,ADAPTIVE,CAR,
1787973284737,3.90874028,2686,unnamed,,NO_POSE,UNKNOWN,0,0,0,0,0,0,0,0,1,0,0,0,0,,,,,,,,,,,,0.69312501,1442.74121,0,,,0,3,307.960724,267.322601,38338,DEFAULT,ADAPTIVE,CAR,
1787973284738,3.90933633,2687,unnamed,,NO_POSE,UNKNOWN,0,0,0,0,0,0,0,0,1,0,0,0,0,,,,,,,,,,,,0.595916986,1678.08606,0,,,0,3,308.01123,267.322601,38338,DEFAULT,ADAPTIVE,CAR,
1787973284738,3.91004205,2688,unnamed,,NO_POSE,UNKNOWN,0,0,0,0,0,0,0,0,1,0,0,0,0,,,,,,,,,,,,0.705916047,1416.59912,0,,,0,3,308.061707,267.322601,38338,DEFAULT,ADAPTIVE,CAR,
1787973284739,3.91066575,2689,unnamed,,NO_POSE,UNKNOWN,0,0,0,0,0,0,0,0,1,0,0,0,0,,,,,,,,,,,,0.623584032,1603.63318,0,,,0,3,308.112213,267.322601,38338,DEFAULT,ADAPTIVE,CAR,
1787973284740,3.91124105,2690,unnamed,,NO_POSE,UNKNOWN,0,0,0,0,0,0,0,0,1,0,0,0,0,,,,,,,,,,,,0.575416028,1737.87305,0,,,0,3,308.1633,267.322601,38338,DEFAULT,ADAPTIVE,CAR,
1787973284740,3.91184402,2691,unnamed,,NO_POSE,UNKNOWN,0,0,0,0,0,0,0,0,1,0,0,0,0,,,,,,,,,,,,0.602792025,1658.94702,0,,,0,3,307.121185,267.322601,38338,DEFAULT,ADAPTIVE,CAR,
1787973284741,3.91242361,2692,unnamed,,NO_POSE,UNKNOWN,0,0,0,0,0,0,0,0,1,0,0,0,0,,,,,,,,,,,,0.579750001,1724.88147,0,,,0,3,307.169006,267.322601,38338,DEFAULT,ADAPTIVE,CAR,
1787973284741,3.91304564,2693,unnamed,,NO_POSE,UNKNOWN,0,0,0,0,0,0,0,0,1,0,0,0,0,,,,,,,,,,,,0.621874988,1608.04028,0,,,0,3,307.172699,267.322601,38338,DEFAULT,ADAPTIVE,CAR,
1787973284742,3.91374731,2694,unnamed,,NO_POSE,UNKNOWN,0,0,0,0,0,0,0,0,1,0,0,0,0,,,,,,,,,,,,0.70162499,1425.2627,0,,,0,3,307.223206,267.322601,38338,DEFAULT,ADAPTIVE,CAR,
1787973284743,3.9144578,2695,unnamed,,NO_POSE,UNKNOWN,0,0,0,0,0,0,0,0,1,0,0,0,0,,,,,,,,,,,,0.710625052,1407.21191,0,,,0,3,307.273743,267.322601,38338,DEFAULT,ADAPTIVE,CAR,
1787973284744,3.91513157,2696,unnamed,,NO_POSE,UNKNOWN,0,0,0,0,0,0,0,0,1,0,0,0,0,,,,,,,,,,,,0.673667014,1484.41296,0,,,0,3,307.324249,267.322601,38338,DEFAULT,ADAPTIVE,CAR,
1787973284744,3.91573143,2697,unnamed,,NO_POSE,UNKNOWN,0,0,0,0,0,0,0,0,1,0,0,0,0,,,,,,,,,,,,0.599958003,1666.78333,0,,,0,3,307.374756,267.322601,38338,DEFAULT,ADAPTIVE,CAR,
1787973284745,3.91633749,2698,unnamed,,NO_POSE,UNKNOWN,0,0,0,0,0,0,0,0,1,0,0,0,0,,,,,,,,,,,,0.606041968,1650.05066,0,,,0,3,307.425232,267.322601,38338,DEFAULT,ADAPTIVE,CAR,
1787973284745,3.91694212,2699,unnamed,,NO_POSE,UNKNOWN,0,0,0,0,0,0,0,0,1,0,0,0,0,,,,,,,,,,,,0.604583025,1654.03259,0,,,0,3,307.475739,267.322601,38338,DEFAULT,ADAPTIVE,CAR,
1787973284746,3.9175365,2700,unnamed,,NO_POSE,UNKNOWN,0,0,0,0,0,0,0,0,1,0,0,0,0,,,,,,,,,,,,0.594500005,1682.08582,0,,,0,3,307.526245,267.322601,38338,DEFAULT,ADAPTIVE,CAR,
1787973284747,3.91825175,2701,unnamed,,NO_POSE,UNKNOWN,0,0,0,0,0,0,0,0,1,0,0,0,0,,,,,,,,,,,,0.715125024,1398.35693,0,,,0,3,307.530579,267.322601,38338,DEFAULT,ADAPTIVE,CAR,
1787973284747,3.91883016,2702,unnamed,,NO_POSE,UNKNOWN,0,0,0,0,0,0,0,0,1,0,0,0,0,,,,,,,,,,,,0.578499973,1728.60852,0,,,0,3,307.580444,267.322601,38338,DEFAULT,ADAPTIVE,CAR,
1787973284748,3.91943645,2703,unnamed,,NO_POSE,UNKNOWN,0,0,0,0,0,0,0,0,1,0,0,0,0,,,,,,,,,,,,0.606167018,1649.71033,0,,,0,3,307.630951,267.322601,38338,DEFAULT,ADAPTIVE,CAR,
1787973284748,3.92003727,2704,unnamed,,NO_POSE,UNKNOWN,0,0,0,0,0,0,0,0,1,0,0,0,0,,,,,,,,,,,,0.60095799,1664.00977,0,,,0,3,307.681458,267.322601,38338,DEFAULT,ADAPTIVE,CAR,
1787973284749,3.92052102,2705,unnamed,,NO_POSE,UNKNOWN,0,0,0,0,0,0,0,0,1,0,0,0,0,,,,,,,,,,,,0.483667016,2067.53809,0,,,0,3,307.68576,267.322601,38338,DEFAULT,ADAPTIVE,CAR,
1787973284750,3.92115903,2706,unnamed,,NO_POSE,UNKNOWN,0,0,0,0,0,0,0,0,1,0,0,0,0,,,,,,,,,,,,0.638000011,1567.39807,0,,,0,3,307.735626,267.322601,38338,DEFAULT,ADAPTIVE,CAR,
1787973284750,3.92190218,2707,unnamed,,NO_POSE,UNKNOWN,0,0,0,0,0,0,0,0,1,0,0,0,0,,,,,,,,,,,,0.743124962,1345.6687,0,,,0,3,307.786133,267.322601,38338,DEFAULT,ADAPTIVE,CAR,
1787973284751,3.9226501,2708,unnamed,,NO_POSE,UNKNOWN,0,0,0,0,0,0,0,0,1,0,0,0,0,,,,,,,,,,,,0.747958004,1336.97339,0,,,0,3,307.836639,267.322601,38338,DEFAULT,ADAPTIVE,CAR,
1787973284752,3.9233408,2709,unnamed,,NO_POSE,UNKNOWN,0,0,0,0,0,0,0,0,1,0,0,0,0,,,,,,,,,,,,0.690707982,1447.78979,0,,,0,3,307.887146,267.322601,38338,DEFAULT,ADAPTIVE,CAR,
1787973284752,3.92393517,2710,unnamed,,NO_POSE,UNKNOWN,0,0,0,0,0,0,0,0,1,0,0,0,0,,,,,,,,,,,,0.594500005,1682.08582,0,,,0,3,307.890808,267.322601,38338,DEFAULT,ADAPTIVE,CAR,
1787973284753,3.92454886,2711,unnamed,,NO_POSE,UNKNOWN,0,0,0,0,0,0,0,0,1,0,0,0,0,,,,,,,,,,,,0.613499999,1629.99182,0,,,0,3,307.892822,267.322601,38338,DEFAULT,ADAPTIVE,CAR,
1787973284754,3.9252398,2712,unnamed,,NO_POSE,UNKNOWN,0,0,0,0,0,0,0,0,1,0,0,0,0,,,,,,,,,,,,0.691084027,1447.00208,0,,,0,3,307.942169,267.322601,38338,DEFAULT,ADAPTIVE,CAR,
1787973284754,3.92584085,2713,unnamed,,NO_POSE,UNKNOWN,0,0,0,0,0,0,0,0,1,0,0,0,0,,,,,,,,,,,,0.601082981,1663.66382,0,,,0,3,307.992676,267.322601,38338,DEFAULT,ADAPTIVE,CAR,
1787973284755,3.9265492,2714,unnamed,,NO_POSE,UNKNOWN,0,0,0,0,0,0,0,0,1,0,0,0,0,,,,,,,,,,,,0.708166957,1412.09631,0,,,0,3,308.043213,267.322601,38338,DEFAULT,ADAPTIVE,CAR,
1787973284756,3.92713547,2715,unnamed,,NO_POSE,UNKNOWN,0,0,0,0,0,0,0,0,1,0,0,0,0,,,,,,,,,,,,0.586291015,1705.63757,0,,,0,3,308.093719,267.322601,38338,DEFAULT,ADAPTIVE,CAR,
1787973284756,3.92773747,2716,unnamed,,NO_POSE,UNKNOWN,0,0,0,0,0,0,0,0,1,0,0,0,0,,,,,,,,,,,,0.60195899,1661.24268,0,,,0,3,306.605225,267.322601,38338,DEFAULT,ADAPTIVE,CAR,
1787973284757,3.92833447,2717,unnamed,,NO_POSE,UNKNOWN,0,0,0,0,0,0,0,0,1,0,0,0,0,,,,,,,,,,,,0.597083032,1674.80896,0,,,0,3,306.647766,267.322601,38338,DEFAULT,ADAPTIVE,CAR,
1787973284757,3.92893815,2718,unnamed,,NO_POSE,UNKNOWN,0,0,0,0,0,0,0,0,1,0,0,0,0,,,,,,,,,,,,0.603707969,1656.43005,0,,,0,3,306.698273,267.322601,38338,DEFAULT,ADAPTIVE,CAR,
1787973284758,3.9296999,2719,unnamed,,NO_POSE,UNKNOWN,0,0,0,0,0,0,0,0,1,0,0,0,0,,,,,,,,,,,,0.761833966,1312.62195,0,,,0,3,306.748779,267.322601,38338,DEFAULT,ADAPTIVE,CAR,
1787973284759,3.93045974,2720,unnamed,,NO_POSE,UNKNOWN,0,0,0,0,0,0,0,0,1,0,0,0,0,,,,,,,,,,,,0.759666026,1316.36792,0,,,0,3,306.799286,267.322601,38338,DEFAULT,ADAPTIVE,CAR,
1787973284760,3.93114018,2721,unnamed,,NO_POSE,UNKNOWN,0,0,0,0,0,0,0,0,1,0,0,0,0,,,,,,,,,,,,0.680417001,1469.68701,0,,,0,3,306.849823,267.322601,38338,DEFAULT,ADAPTIVE,CAR,
1787973284760,3.93173671,2722,unnamed,,NO_POSE,UNKNOWN,0,0,0,0,0,0,0,0,1,0,0,0,0,,,,,,,,,,,,0.596583009,1676.21265,0,,,0,3,306.90033,267.322601,38338,DEFAULT,ADAPTIVE,CAR,
1787973284761,3.93223882,2723,unnamed,,NO_POSE,UNKNOWN,0,0,0,0,0,0,0,0,1,0,0,0,0,,,,,,,,,,,,0.502083957,1991.69873,0,,,0,3,306.904602,267.322601,38338,DEFAULT,ADAPTIVE,CAR,
1787973284761,3.93273878,2724,unnamed,,NO_POSE,UNKNOWN,0,0,0,0,0,0,0,0,1,0,0,0,0,,,,,,,,,,,,0.5,1999.99988,0,,,0,3,306.954498,267.322601,38338,DEFAULT,ADAPTIVE,CAR,
1787973284762,3.9333334,2725,unnamed,,NO_POSE,UNKNOWN,0,0,0,0,0,0,0,0,1,0,0,0,0,,,,,,,,,,,,0.594624996,1681.73218,0,,,0,3,307.005005,267.322601,38338,DEFAULT,ADAPTIVE,CAR,
1787973284762,3.93383026,2726,unnamed,,NO_POSE,UNKNOWN,0,0,0,0,0,0,0,0,1,0,0,0,0,,,,,,,,,,,,0.496832997,2012.74878,0,,,0,3,307.055481,267.322601,38338,DEFAULT,ADAPTIVE,CAR,
1787973284763,3.9344995,2727,unnamed,,NO_POSE,UNKNOWN,0,0,0,0,0,0,0,0,1,0,0,0,0,,,,,,,,,,,,0.669375002,1493.93091,0,,,0,3,307.105988,267.322601,38338,DEFAULT,ADAPTIVE,CAR,
1787973284763,3.9350338,2728,unnamed,,NO_POSE,UNKNOWN,0,0,0,0,0,0,0,0,1,0,0,0,0,,,,,,,,,,,,0.534166992,1872.07373,0,,,0,3,307.156494,267.322601,38338,DEFAULT,ADAPTIVE,CAR,
1787973284764,3.935637,2729,unnamed,,NO_POSE,UNKNOWN,0,0,0,0,0,0,0,0,1,0,0,0,0,,,,,,,,,,,,0.603290975,1657.57495,0,,,0,3,307.20697,267.322601,38338,DEFAULT,ADAPTIVE,CAR,
1787973284765,3.936234,2730,unnamed,,NO_POSE,UNKNOWN,0,0,0,0,0,0,0,0,1,0,0,0,0,,,,,,,,,,,,0.596959054,1675.15686,0,,,0,3,307.257477,267.322601,38338,DEFAULT,ADAPTIVE,CAR,
1787973284765,3.93685555,2731,unnamed,,NO_POSE,UNKNOWN,0,0,0,0,0,0,0,0,1,0,0,0,0,,,,,,,,,,,,0.621541023,1608.9043,0,,,0,3,307.307983,267.322601,38338,DEFAULT,ADAPTIVE,CAR,
1787973284766,3.9375453,2732,unnamed,,NO_POSE,UNKNOWN,0,0,0,0,0,0,0,0,1,0,0,0,0,,,,,,,,,,,,0.689708948,1449.88684,0,,,0,3,307.35849,267.322601,38338,DEFAULT,ADAPTIVE,CAR,
1787973284767,3.93823957,2733,unnamed,,NO_POSE,UNKNOWN,0,0,0,0,0,0,0,0,1,0,0,0,0,,,,,,,,,,,,0.694333017,1440.2312,0,,,0,3,307.408997,267.322601,38338,DEFAULT,ADAPTIVE,CAR,
1787973284767,3.93895125,2734,unnamed,,NO_POSE,UNKNOWN,0,0,0,0,0,0,0,0,1,0,0,0,0,,,,,,,,,,,,0.711708009,1405.07068,0,,,0,3,307.459503,267.322601,38338,DEFAULT,ADAPTIVE,CAR,
1787973284768,3.93964934,2735,unnamed,,NO_POSE,UNKNOWN,0,0,0,0,0,0,0,0,1,0,0,0,0,,,,,,,,,,,,0.698083997,1432.49231,0,,,0,3,307.51001,267.322601,38338,DEFAULT,ADAPTIVE,CAR,
1787973284769,3.94035292,2736,unnamed,,NO_POSE,UNKNOWN,0,0,0,0,0,0,0,0,1,0,0,0,0,,,,,,,,,,,,0.703499973,1421.46411,0,,,0,3,307.561066,267.322601,38338,DEFAULT,ADAPTIVE,CAR,
1787973284769,3.94104481,2737,unnamed,,NO_POSE,UNKNOWN,0,0,0,0,0,0,0,0,1,0,0,0,0,,,,,,,,,,,,0.691999972,1445.08679,0,,,0,3,307.610992,267.322601,38338,DEFAULT,ADAPTIVE,CAR,
1787973284770,3.94163561,2738,unnamed,,NO_POSE,UNKNOWN,0,0,0,0,0,0,0,0,1,0,0,0,0,,,,,,,,,,,,0.590624988,1693.1217,0,,,0,3,307.661499,267.322601,38338,DEFAULT,ADAPTIVE,CAR,
1787973284771,3.94235277,2739,unnamed,,NO_POSE,UNKNOWN,0,0,0,0,0,0,0,0,1,0,0,0,0,,,,,,,,,,,,0.717208028,1394.29565,0,,,0,3,307.711975,267.322601,38338,DEFAULT,ADAPTIVE,CAR,
1787973284771,3.94296026,2740,unnamed,,NO_POSE,UNKNOWN,0,0,0,0,0,0,0,0,1,0,0,0,0,,,,,,,,,,,,0.607625008,1645.75195,0,,,0,3,306.57135,267.322601,38338,DEFAULT,ADAPTIVE,CAR,
1787973284772,3.9435308,2741,unnamed,,NO_POSE,UNKNOWN,0,0,0,0,0,0,0,0,1,0,0,0,0,,,,,,,,,,,,0.570416987,1753.10352,0,,,0,3,306.621857,267.322601,38338,DEFAULT,ADAPTIVE,CAR,
1787973284772,3.94403338,2742,unnamed,,NO_POSE,UNKNOWN,0,0,0,0,0,0,0,0,1,0,0,0,0,,,,,,,,,,,,0.502624989,1989.55481,0,,,0,3,306.672363,267.322601,38338,DEFAULT,ADAPTIVE,CAR,
1787973284773,3.94463587,2743,unnamed,,NO_POSE,UNKNOWN,0,0,0,0,0,0,0,0,1,0,0,0,0,,,,,,,,,,,,0.602375031,1660.09546,0,,,0,3,306.72287,267.322601,38338,DEFAULT,ADAPTIVE,CAR,
1787973284774,3.94523478,2744,unnamed,,NO_POSE,UNKNOWN,0,0,0,0,0,0,0,0,1,0,0,0,0,,,,,,,,,,,,0.599083006,1669.21777,0,,,0,3,306.726532,267.322601,38338,DEFAULT,ADAPTIVE,CAR,
1787973284774,3.94587994,2745,unnamed,,NO_POSE,UNKNOWN,0,0,0,0,0,0,0,0,1,0,0,0,0,,,,,,,,,,,,0.64508301,1550.18811,0,,,0,3,306.777039,267.322601,38338,DEFAULT,ADAPTIVE,CAR,
1787973284775,3.94657254,2746,unnamed,,NO_POSE,UNKNOWN,0,0,0,0,0,0,0,0,1,0,0,0,0,,,,,,,,,,,,0.692666948,1443.69519,0,,,0,3,306.827545,267.322601,38338,DEFAULT,ADAPTIVE,CAR,
1787973284776,3.94735146,2747,unnamed,,NO_POSE,UNKNOWN,0,0,0,0,0,0,0,0,1,0,0,0,0,,,,,,,,,,,,0.778832972,1283.97229,0,,,0,3,306.878052,267.322601,38338,DEFAULT,ADAPTIVE,CAR,
1787973284776,3.94793367,2748,unnamed,,NO_POSE,UNKNOWN,0,0,0,0,0,0,0,0,1,0,0,0,0,,,,,,,,,,,,0.582208991,1717.59631,0,,,0,3,306.928528,267.322601,38338,DEFAULT,ADAPTIVE,CAR,
1787973284777,3.94853973,2749,unnamed,,NO_POSE,UNKNOWN,0,0,0,0,0,0,0,0,1,0,0,0,0,,,,,,,,,,,,0.606041014,1650.05334,0,,,0,3,306.979065,267.322601,38338,DEFAULT,ADAPTIVE,CAR,
1787973284777,3.94902372,2750,unnamed,,NO_POSE,UNKNOWN,0,0,0,0,0,0,0,0,1,0,0,0,0,,,,,,,,,,,,0.484041989,2065.93652,0,,,0,3,306.983368,267.322601,38338,DEFAULT,ADAPTIVE,CAR,
1787973284778,3.94953561,2751,unnamed,,NO_POSE,UNKNOWN,0,0,0,0,0,0,0,0,1,0,0,0,0,,,,,,,,,,,,0.512000024,1953.125,0,,,0,3,307.033264,267.322601,38338,DEFAULT,ADAPTIVE,CAR,
1787973284779,3.95014071,2752,unnamed,,NO_POSE,UNKNOWN,0,0,0,0,0,0,0,0,1,0,0,0,0,,,,,,,,,,,,0.60512495,1652.55115,0,,,0,3,307.08374,267.322601,38338,DEFAULT,ADAPTIVE,CAR,
1787973284779,3.95081973,2753,unnamed,,NO_POSE,UNKNOWN,0,0,0,0,0,0,0,0,1,0,0,0,0,,,,,,,,,,,,0.678792,1473.20532,0,,,0,3,307.134247,267.322601,38338,DEFAULT,ADAPTIVE,CAR,
1787973284780,3.95143962,2754,unnamed,,NO_POSE,UNKNOWN,0,0,0,0,0,0,0,0,1,0,0,0,0,,,,,,,,,,,,0.620000005,1612.9032,0,,,0,3,307.184753,267.322601,38338,DEFAULT,ADAPTIVE,CAR,
1787973284780,3.95204353,2755,unnamed,,NO_POSE,UNKNOWN,0,0,0,0,0,0,0,0,1,0,0,0,0,,,,,,,,,,,,0.603999972,1655.62915,0,,,0,3,307.235229,267.322601,38338,DEFAULT,ADAPTIVE,CAR,
1787973284781,3.95265222,2756,unnamed,,NO_POSE,UNKNOWN,0,0,0,0,0,0,0,0,1,0,0,0,0,,,,,,,,,,,,0.608624995,1643.04785,0,,,0,3,307.285736,267.322601,38338,DEFAULT,ADAPTIVE,CAR,
1787973284782,3.95323634,2757,unnamed,,NO_POSE,UNKNOWN,0,0,0,0,0,0,0,0,1,0,0,0,0,,,,,,,,,,,,0.584208012,1711.71912,0,,,0,3,307.336243,267.322601,38338,DEFAULT,ADAPTIVE,CAR,
1787973284782,3.95374298,2758,unnamed,,NO_POSE,UNKNOWN,0,0,0,0,0,0,0,0,1,0,0,0,0,,,,,,,,,,,,0.506500006,1974.33362,0,,,0,3,307.386749,267.322601,38338,DEFAULT,ADAPTIVE,CAR,
1787973284783,3.95434141,2759,unnamed,,NO_POSE,UNKNOWN,0,0,0,0,0,0,0,0,1,0,0,0,0,,,,,,,,,,,,0.598500013,1670.84375,0,,,0,3,307.437256,267.322601,38338,DEFAULT,ADAPTIVE,CAR,
1787973284783,3.95500255,2760,unnamed,,NO_POSE,UNKNOWN,0,0,0,0,0,0,0,0,1,0,0,0,0,,,,,,,,,,,,0.661041975,1512.76318,0,,,0,3,307.487762,267.322601,38338,DEFAULT,ADAPTIVE,CAR,
1787973284784,3.9559648,2761,unnamed,,NO_POSE,UNKNOWN,0,0,0,0,0,0,0,0,1,0,0,0,0,,,,,,,,,,,,0.962290943,1039.18677,0,,,0,3,307.539063,267.322601,38338,DEFAULT,ADAPTIVE,CAR,
1787973284785,3.95666671,2762,unnamed,,NO_POSE,UNKNOWN,0,0,0,0,0,0,0,0,1,0,0,0,0,,,,,,,,,,,,0.701833963,1424.83838,0,,,0,3,307.590149,267.322601,38338,DEFAULT,ADAPTIVE,CAR,
1787973284786,3.95734906,2763,unnamed,,NO_POSE,UNKNOWN,0,0,0,0,0,0,0,0,1,0,0,0,0,,,,,,,,,,,,0.682457983,1465.29163,0,,,0,3,307.640076,267.322601,38338,DEFAULT,ADAPTIVE,CAR,
1787973284786,3.9579289,2764,unnamed,,NO_POSE,UNKNOWN,0,0,0,0,0,0,0,0,1,0,0,0,0,,,,,,,,,,,,0.579874992,1724.50952,0,,,0,3,307.690613,267.322601,38338,DEFAULT,ADAPTIVE,CAR,
1787973284787,3.95861197,2765,unnamed,,NO_POSE,UNKNOWN,0,0,0,0,0,0,0,0,1,0,0,0,0,,,,,,,,,,,,0.68304199,1464.03882,0,,,0,3,306.6492,267.322601,38338,DEFAULT,ADAPTIVE,CAR,
1787973284788,3.9593358,2766,unnamed,,NO_POSE,UNKNOWN,0,0,0,0,0,0,0,0,1,0,0,0,0,,,,,,,,,,,,0.723708034,1381.77271,0,,,0,3,306.699738,267.322601,38338,DEFAULT,ADAPTIVE,CAR,
1787973284788,3.95994091,2767,unnamed,,NO_POSE,UNKNOWN,0,0,0,0,0,0,0,0,1,0,0,0,0,,,,,,,,,,,,0.605291963,1652.09521,0,,,0,3,306.750244,267.322601,38338,DEFAULT,ADAPTIVE,CAR,
1787973284789,3.96053243,2768,unnamed,,NO_POSE,UNKNOWN,0,0,0,0,0,0,0,0,1,0,0,0,0,,,,,,,,,,,,0.591458023,1690.73718,0,,,0,3,306.800751,267.322601,38338,DEFAULT,ADAPTIVE,CAR,
1787973284789,3.96103668,2769,unnamed,,NO_POSE,UNKNOWN,0,0,0,0,0,0,0,0,1,0,0,0,0,,,,,,,,,,,,0.50416702,1983.46973,0,,,0,3,306.851288,267.322601,38338,DEFAULT,ADAPTIVE,CAR,
1787973284790,3.9616363,2770,unnamed,,NO_POSE,UNKNOWN,0,0,0,0,0,0,0,0,1,0,0,0,0,,,,,,,,,,,,0.599665999,1667.59497,0,,,0,3,306.901764,267.322601,38338,DEFAULT,ADAPTIVE,CAR,
1787973284791,3.96212196,2771,unnamed,,NO_POSE,UNKNOWN,0,0,0,0,0,0,0,0,1,0,0,0,0,,,,,,,,,,,,0.485583991,2059.37598,0,,,0,3,306.95285,267.322601,38338,DEFAULT,ADAPTIVE,CAR,
1787973284791,3.96265292,2772,unnamed,,NO_POSE,UNKNOWN,0,0,0,0,0,0,0,0,1,0,0,0,0,,,,,,,,,,,,0.531000018,1883.23914,0,,,0,3,307.002808,267.322601,38338,DEFAULT,ADAPTIVE,CAR,
1787973284792,3.96328187,2773,unnamed,,NO_POSE,UNKNOWN,0,0,0,0,0,0,0,0,1,0,0,0,0,,,,,,,,,,,,0.628957987,1589.93127,0,,,0,3,307.053314,267.322601,38338,DEFAULT,ADAPTIVE,CAR,
1787973284792,3.96404099,2774,unnamed,,NO_POSE,UNKNOWN,0,0,0,0,0,0,0,0,1,0,0,0,0,,,,,,,,,,,,0.759250045,1317.08923,0,,,0,3,307.103821,267.322601,38338,DEFAULT,ADAPTIVE,CAR,
1787973284793,3.96473742,2775,unnamed,,NO_POSE,UNKNOWN,0,0,0,0,0,0,0,0,1,0,0,0,0,,,,,,,,,,,,0.696332991,1436.09448,0,,,0,3,307.154297,267.322601,38338,DEFAULT,ADAPTIVE,CAR,
1787973284794,3.96534729,2776,unnamed,,NO_POSE,UNKNOWN,0,0,0,0,0,0,0,0,1,0,0,0,0,,,,,,,,,,,,0.609875023,1639.68018,0,,,0,3,307.204803,267.322601,38338,DEFAULT,ADAPTIVE,CAR,
1787973284794,3.96603608,2777,unnamed,,NO_POSE,UNKNOWN,0,0,0,0,0,0,0,0,1,0,0,0,0,,,,,,,,,,,,0.68887496,1451.64221,0,,,0,3,307.25531,267.322601,38338,DEFAULT,ADAPTIVE,CAR,
1787973284795,3.9666729,2778,unnamed,,NO_POSE,UNKNOWN,0,0,0,0,0,0,0,0,1,0,0,0,0,,,,,,,,,,,,0.636792004,1570.37158,0,,,0,3,307.306396,267.322601,38338,DEFAULT,ADAPTIVE,CAR,
1787973284796,3.96724153,2779,unnamed,,NO_POSE,UNKNOWN,0,0,0,0,0,0,0,0,1,0,0,0,0,,,,,,,,,,,,0.568583012,1758.75806,0,,,0,3,307.356293,267.322601,38338,DEFAULT,ADAPTIVE,CAR,
1787973284796,3.96782923,2780,unnamed,,NO_POSE,UNKNOWN,0,0,0,0,0,0,0,0,1,0,0,0,0,,,,,,,,,,,,0.587583959,1701.8844,0,,,0,3,307.406799,267.322601,38338,DEFAULT,ADAPTIVE,CAR,
1787973284797,3.96844268,2781,unnamed,,NO_POSE,UNKNOWN,0,0,0,0,0,0,0,0,1,0,0,0,0,,,,,,,,,,,,0.613583028,1629.77136,0,,,0,3,307.457367,267.322601,38338,DEFAULT,ADAPTIVE,CAR,
1787973284797,3.96902728,2782,unnamed,,NO_POSE,UNKNOWN,0,0,0,0,0,0,0,0,1,0,0,0,0,,,,,,,,,,,,0.584667027,1710.37524,0,,,0,3,307.507843,267.322601,38338,DEFAULT,ADAPTIVE,CAR,
1787973284798,3.96963477,2783,unnamed,,NO_POSE,UNKNOWN,0,0,0,0,0,0,0,0,1,0,0,0,0,,,,,,,,,,,,0.607332945,1646.54321,0,,,0,3,307.55835,267.322601,38338,DEFAULT,ADAPTIVE,CAR,
1787973284799,3.97025323,2784,unnamed,,NO_POSE,UNKNOWN,0,0,0,0,0,0,0,0,1,0,0,0,0,,,,,,,,,,,,0.618625045,1616.48816,0,,,0,3,307.608856,267.322601,38338,DEFAULT,ADAPTIVE,CAR,
1787973284799,3.97084785,2785,unnamed,,NO_POSE,UNKNOWN,0,0,0,0,0,0,0,0,1,0,0,0,0,,,,,,,,,,,,0.594542027,1681.96692,0,,,0,3,307.659363,267.322601,38338,DEFAULT,ADAPTIVE,CAR,
1787973284801,3.97231317,2786,unnamed,,NO_POSE,UNKNOWN,0,0,0,0,0,0,0,0,1,0,0,0,0,,,,,,,,,,,,1.46520805,682.496948,0,,,0,3,307.935577,267.322601,38338,DEFAULT,ADAPTIVE,CAR,
1787973284802,3.97328067,2787,unnamed,,NO_POSE,UNKNOWN,0,0,0,0,0,0,0,0,1,0,0,0,0,,,,,,,,,,,,0.967583001,1033.50305,0,,,0,3,307.986084,267.322601,38338,DEFAULT,ADAPTIVE,CAR,
1787973284803,3.97405457,2788,unnamed,,NO_POSE,UNKNOWN,0,0,0,0,0,0,0,0,1,0,0,0,0,,,,,,,,,,,,0.773874998,1292.19836,0,,,0,3,308.036591,267.322601,38338,DEFAULT,ADAPTIVE,CAR,
1787973284803,3.97478127,2789,unnamed,,NO_POSE,UNKNOWN,0,0,0,0,0,0,0,0,1,0,0,0,0,,,,,,,,,,,,0.726709008,1376.06653,0,,,0,3,308.087067,267.322601,38338,DEFAULT,ADAPTIVE,CAR,
1787973284804,3.97543883,2790,unnamed,,NO_POSE,UNKNOWN,0,0,0,0,0,0,0,0,1,0,0,0,0,,,,,,,,,,,,0.657582998,1520.72058,0,,,0,3,308.137573,267.322601,38338,DEFAULT,ADAPTIVE,CAR,
1787973284805,3.97614264,2791,unnamed,,NO_POSE,UNKNOWN,0,0,0,0,0,0,0,0,1,0,0,0,0,,,,,,,,,,,,0.703791976,1420.87439,0,,,0,3,308.18811,267.322601,38338,DEFAULT,ADAPTIVE,CAR,
1787973284805,3.97673678,2792,unnamed,,NO_POSE,UNKNOWN,0,0,0,0,0,0,0,0,1,0,0,0,0,,,,,,,,,,,,0.594125032,1683.14746,0,,,0,3,308.238617,267.322601,38338,DEFAULT,ADAPTIVE,CAR,
1787973284806,3.97733617,2793,unnamed,,NO_POSE,UNKNOWN,0,0,0,0,0,0,0,0,1,0,0,0,0,,,,,,,,,,,,0.59937501,1668.40466,0,,,0,3,308.289124,267.322601,38338,DEFAULT,ADAPTIVE,CAR,
1787973284806,3.97793889,2794,unnamed,,NO_POSE,UNKNOWN,0,0,0,0,0,0,0,0,1,0,0,0,0,,,,,,,,,,,,0.602750003,1659.06262,0,,,0,3,308.3396,267.322601,38338,DEFAULT,ADAPTIVE,CAR,
1787973284807,3.97853255,2795,unnamed,,NO_POSE,UNKNOWN,0,0,0,0,0,0,0,0,1,0,0,0,0,,,,,,,,,,,,0.593665957,1684.44885,0,,,0,3,307.297943,267.322601,38338,DEFAULT,ADAPTIVE,CAR,
1787973284808,3.97914076,2796,unnamed,,NO_POSE,UNKNOWN,0,0,0,0,0,0,0,0,1,0,0,0,0,,,,,,,,,,,,0.608249962,1644.06091,0,,,0,3,307.34314,267.322601,38338,DEFAULT,ADAPTIVE,CAR,
1787973284808,3.97984385,2797,unnamed,,NO_POSE,UNKNOWN,0,0,0,0,0,0,0,0,1,0,0,0,0,,,,,,,,,,,,0.703167021,1422.13733,0,,,0,3,307.394226,267.322601,38338,DEFAULT,ADAPTIVE,CAR,
1787973284809,3.9805758,2798,unnamed,,NO_POSE,UNKNOWN,0,0,0,0,0,0,0,0,1,0,0,0,0,,,,,,,,,,,,0.731832981,1366.43201,0,,,0,3,307.444153,267.322601,38338,DEFAULT,ADAPTIVE,CAR,
1787973284810,3.98124576,2799,unnamed,,NO_POSE,UNKNOWN,0,0,0,0,0,0,0,0,1,0,0,0,0,,,,,,,,,,,,0.669916987,1492.72229,0,,,0,3,307.494629,267.322601,38338,DEFAULT,ADAPTIVE,CAR,
1787973284810,3.98183393,2800,unnamed,,NO_POSE,UNKNOWN,0,0,0,0,0,0,0,0,1,0,0,0,0,,,,,,,,,,,,0.588249981,1699.95752,0,,,0,3,307.545135,267.322601,38338,DEFAULT,ADAPTIVE,CAR,
1787973284811,3.98243928,2801,unnamed,,NO_POSE,UNKNOWN,0,0,0,0,0,0,0,0,1,0,0,0,0,,,,,,,,,,,,0.60520798,1652.32458,0,,,0,3,307.595642,267.322601,38338,DEFAULT,ADAPTIVE,CAR,
1787973284812,3.98381114,2802,unnamed,,NO_POSE,UNKNOWN,0,0,0,0,0,0,0,0,1,0,0,0,0,,,,,,,,,,,,1.37195897,728.884766,0,,,0,3,307.646149,267.322601,38338,DEFAULT,ADAPTIVE,CAR,
1787973284814,3.98525667,2803,unnamed,,NO_POSE,UNKNOWN,0,0,0,0,0,0,0,0,1,0,0,0,0,,,,,,,,,,,,1.44558299,691.762451,0,,,0,3,307.697662,267.322601,38338,DEFAULT,ADAPTIVE,CAR,
1787973284815,3.98633218,2804,unnamed,,NO_POSE,UNKNOWN,0,0,0,0,0,0,0,0,1,0,0,0,0,,,,,,,,,,,,1.07554197,929.763855,0,,,0,3,307.748169,267.322601,38338,DEFAULT,ADAPTIVE,CAR,
1787973284816,3.98744345,2805,unnamed,,NO_POSE,UNKNOWN,0,0,0,0,0,0,0,0,1,0,0,0,0,,,,,,,,,,,,1.11108291,900.022827,0,,,0,3,307.798645,267.322601,38338,DEFAULT,ADAPTIVE,CAR,
1787973284820,3.99171805,2806,unnamed,,NO_POSE,UNKNOWN,0,0,0,0,0,0,0,0,1,0,0,0,0,,,,,,,,,,,,4.27466679,233.936371,0,,,0,3,307.849152,267.322601,38338,DEFAULT,ADAPTIVE,CAR,
1787973284822,3.99316764,2807,unnamed,,NO_POSE,UNKNOWN,0,0,0,0,0,0,0,0,1,0,0,0,0,,,,,,,,,,,,1.44966602,689.814087,0,,,0,3,307.899658,267.322601,38338,DEFAULT,ADAPTIVE,CAR,
1787973284823,3.99446726,2808,unnamed,,NO_POSE,UNKNOWN,0,0,0,0,0,0,0,0,1,0,0,0,0,,,,,,,,,,,,1.29958403,769.47699,0,,,0,3,306.510895,267.322601,38338,DEFAULT,ADAPTIVE,CAR,
1787973284824,3.99553823,2809,unnamed,,NO_POSE,UNKNOWN,0,0,0,0,0,0,0,0,1,0,0,0,0,,,,,,,,,,,,1.07087493,933.815796,0,,,0,3,306.561401,267.322601,38338,DEFAULT,ADAPTIVE,CAR,
1787973284827,3.99864912,2810,unnamed,,NO_POSE,UNKNOWN,0,0,0,0,0,0,0,0,1,0,0,0,0,,,,,,,,,,,,3.1109159,321.44873,0,,,0,3,306.611908,267.322601,38338,DEFAULT,ADAPTIVE,CAR,
1787973284828,3.99990797,2811,unnamed,,NO_POSE,UNKNOWN,0,0,0,0,0,0,0,0,1,0,0,0,0,,,,,,,,,,,,1.25891709,794.333496,0,,,0,3,306.662415,267.322601,38338,DEFAULT,ADAPTIVE,CAR,
1787973284830,4.00114632,2812,unnamed,,NO_POSE,UNKNOWN,0,0,0,0,0,0,0,0,1,0,0,0,0,,,,,,,,,,,,1.23829198,807.563965,0,,,0,3,306.712952,267.322601,38338,DEFAULT,ADAPTIVE,CAR,
1787973284831,4.00224304,2813,unnamed,,NO_POSE,UNKNOWN,0,0,0,0,0,0,0,0,1,0,0,0,0,,,,,,,,,,,,1.09695792,911.612,0,,,0,3,306.763458,267.322601,38338,DEFAULT,ADAPTIVE,CAR,
1787973284832,4.0033555,2814,unnamed,,NO_POSE,UNKNOWN,0,0,0,0,0,0,0,0,1,0,0,0,0,,,,,,,,,,,,1.112167,899.145508,0,,,0,3,306.813965,267.322601,38338,DEFAULT,ADAPTIVE,CAR,
1787973284833,4.00445461,2815,unnamed,,NO_POSE,UNKNOWN,0,0,0,0,0,0,0,0,1,0,0,0,0,,,,,,,,,,,,1.09941602,909.573792,0,,,0,3,306.864441,267.322601,38338,DEFAULT,ADAPTIVE,CAR,
1787973284837,4.00825214,2816,unnamed,,NO_POSE,UNKNOWN,0,0,0,0,0,0,0,0,1,0,0,0,0,,,,,,,,,,,,3.7975421,263.328217,0,,,0,3,306.914948,267.322601,38338,DEFAULT,ADAPTIVE,CAR,
1787973284838,4.00958872,2817,unnamed,,NO_POSE,UNKNOWN,0,0,0,0,0,0,0,0,1,0,0,0,0,,,,,,,,,,,,1.33645797,748.24646,0,,,0,3,305.823334,267.322601,38338,DEFAULT,ADAPTIVE,CAR,
1787973284839,4.01074076,2818,unnamed,,NO_POSE,UNKNOWN,0,0,0,0,0,0,0,0,1,0,0,0,0,,,,,,,,,,,,1.15183401,868.180603,0,,,0,3,305.86322,267.322601,38338,DEFAULT,ADAPTIVE,CAR,
1787973284840,4.01185942,2819,unnamed,,NO_POSE,UNKNOWN,0,0,0,0,0,0,0,0,1,0,0,0,0,,,,,,,,,,,,1.11858296,893.988159,0,,,0,3,305.913757,267.322601,38338,DEFAULT,ADAPTIVE,CAR,
1787973284844,4.01508474,2820,unnamed,,NO_POSE,UNKNOWN,0,0,0,0,0,0,0,0,1,0,0,0,0,,,,,,,,,,,,3.22554183,310.025421,0,,,0,3,305.964813,267.322601,38338,DEFAULT,ADAPTIVE,CAR,
1787973284845,4.01637173,2821,unnamed,,NO_POSE,UNKNOWN,0,0,0,0,0,0,0,0,1,0,0,0,0,,,,,,,,,,,,1.28700006,777.000793,0,,,0,3,306.01474,267.322601,38338,DEFAULT,ADAPTIVE,CAR,
1787973284846,4.01744366,2822,unnamed,,NO_POSE,UNKNOWN,0,0,0,0,0,0,0,0,1,0,0,0,0,,,,,,,,,,,,1.07179105,933.0177,0,,,0,3,306.065277,267.322601,38338,DEFAULT,ADAPTIVE,CAR,
1787973284847,4.01844883,2823,unnamed,,NO_POSE,UNKNOWN,0,0,0,0,0,0,0,0,1,0,0,0,0,,,,,,,,,,,,1.00512505,994.901123,0,,,0,3,306.115784,267.322601,38338,DEFAULT,ADAPTIVE,CAR,
1787973284848,4.0194416,2824,unnamed,,NO_POSE,UNKNOWN,0,0,0,0,0,0,0,0,1,0,0,0,0,,,,,,,,,,,,0.993084073,1006.96411,0,,,0,3,306.166321,267.322601,38338,DEFAULT,ADAPTIVE,CAR,
1787973284849,4.02053356,2825,unnamed,,NO_POSE,UNKNOWN,0,0,0,0,0,0,0,0,1,0,0,0,0,,,,,,,,,,,,1.09162498,916.065552,0,,,0,3,306.216797,267.322601,38338,DEFAULT,ADAPTIVE,CAR,
1787973284854,4.02504492,2826,unnamed,,NO_POSE,UNKNOWN,0,0,0,0,0,0,0,0,1,0,0,0,0,,,,,,,,,,,,4.51133299,221.663971,0,,,0,3,305.026398,267.322601,38338,DEFAULT,ADAPTIVE,CAR,
1787973284855,4.02638769,2827,unnamed,,NO_POSE,UNKNOWN,0,0,0,0,0,0,0,0,1,0,0,0,0,,,,,,,,,,,,1.34312499,744.532349,0,,,0,3,305.074249,267.322601,38338,DEFAULT,ADAPTIVE,CAR,
1787973284856,4.02754736,2828,unnamed,,NO_POSE,UNKNOWN,0,0,0,0,0,0,0,0,1,0,0,0,0,,,,,,,,,,,,1.15966702,862.316467,0,,,0,3,305.124756,267.322601,38338,DEFAULT,ADAPTIVE,CAR,
1787973284857,4.02855301,2829,unnamed,,NO_POSE,UNKNOWN,0,0,0,0,0,0,0,0,1,0,0,0,0,,,,,,,,,,,,1.00554097,994.489563,0,,,0,3,305.175262,267.322601,38338,DEFAULT,ADAPTIVE,CAR,
1787973284860,4.031672,2830,unnamed,,NO_POSE,UNKNOWN,0,0,0,0,0,0,0,0,1,0,0,0,0,,,,,,,,,,,,3.11883402,320.63266,0,,,0,3,305.225769,267.322601,38338,DEFAULT,ADAPTIVE,CAR,
1787973284861,4.03299665,2831,unnamed,,NO_POSE,UNKNOWN,0,0,0,0,0,0,0,0,1,0,0,0,0,,,,,,,,,,,,1.32483304,754.812134,0,,,0,3,305.276306,267.322601,38338,DEFAULT,ADAPTIVE,CAR,
1787973284863,4.03415203,2832,unnamed,,NO_POSE,UNKNOWN,0,0,0,0,0,0,0,0,1,0,0,0,0,,,,,,,,,,,,1.15524995,865.613525,0,,,0,3,305.326782,267.322601,38338,DEFAULT,ADAPTIVE,CAR,
1787973284864,4.03515053,2833,unnamed,,NO_POSE,UNKNOWN,0,0,0,0,0,0,0,0,1,0,0,0,0,,,,,,,,,,,,0.998583019,1001.41895,0,,,0,3,305.377319,267.322601,38338,DEFAULT,ADAPTIVE,CAR,
1787973284865,4.03624964,2834,unnamed,,NO_POSE,UNKNOWN,0,0,0,0,0,0,0,0,1,0,0,0,0,,,,,,,,,,,,1.09908402,909.848511,0,,,0,3,305.427795,267.322601,38338,DEFAULT,ADAPTIVE,CAR,
1787973284866,4.0372467,2835,unnamed,,NO_POSE,UNKNOWN,0,0,0,0,0,0,0,0,1,0,0,0,0,,,,,,,,,,,,0.996874988,1003.13483,0,,,0,3,305.478302,267.322601,38338,DEFAULT,ADAPTIVE,CAR,
1787973284870,4.04165554,2836,unnamed,,NO_POSE,UNKNOWN,0,0,0,0,0,0,0,0,1,0,0,0,0,,,,,,,,,,,,4.40899992,226.808807,0,,,0,3,305.528809,267.322601,38338,DEFAULT,ADAPTIVE,CAR,
1787973284871,4.04299212,2837,unnamed,,NO_POSE,UNKNOWN,0,0,0,0,0,0,0,0,1,0,0,0,0,,,,,,,,,,,,1.33654106,748.200012,0,,,0,3,305.579285,267.322601,38338,DEFAULT,ADAPTIVE,CAR,
1787973284873,4.04407215,2838,unnamed,,NO_POSE,UNKNOWN,0,0,0,0,0,0,0,0,1,0,0,0,0,,,,,,,,,,,,1.07999992,925.925964,0,,,0,3,305.582977,267.322601,38338,DEFAULT,ADAPTIVE,CAR,
1787973284874,4.04525232,2839,unnamed,,NO_POSE,UNKNOWN,0,0,0,0,0,0,0,0,1,0,0,0,0,,,,,,,,,,,,1.180125,847.367798,0,,,0,3,304.392426,267.322601,38338,DEFAULT,ADAPTIVE,CAR,
1787973284877,4.04856443,2840,unnamed,,NO_POSE,UNKNOWN,0,0,0,0,0,0,0,0,1,0,0,0,0,,,,,,,,,,,,3.312042,301.928528,0,,,0,3,304.437622,267.322601,38338,DEFAULT,ADAPTIVE,CAR,
1787973284878,4.04979515,2841,unnamed,,NO_POSE,UNKNOWN,0,0,0,0,0,0,0,0,1,0,0,0,0,,,,,,,,,,,,1.2309171,812.402405,0,,,0,3,304.488159,267.322601,38338,DEFAULT,ADAPTIVE,CAR,
1787973284879,4.0509491,2842,unnamed,,NO_POSE,UNKNOWN,0,0,0,0,0,0,0,0,1,0,0,0,0,,,,,,,,,,,,1.15404105,866.520325,0,,,0,3,304.538635,267.322601,38338,DEFAULT,ADAPTIVE,CAR,
1787973284880,4.05195475,2843,unnamed,,NO_POSE,UNKNOWN,0,0,0,0,0,0,0,0,1,0,0,0,0,,,,,,,,,,,,1.00554204,994.488525,0,,,0,3,304.589142,267.322601,38338,DEFAULT,ADAPTIVE,CAR,
1787973284881,4.05283737,2844,unnamed,,NO_POSE,UNKNOWN,0,0,0,0,0,0,0,0,1,0,0,0,0,,,,,,,,,,,,0.882542014,1133.09058,0,,,0,3,304.593475,267.322601,38338,DEFAULT,ADAPTIVE,CAR,
1787973284882,4.05385494,2845,unnamed,,NO_POSE,UNKNOWN,0,0,0,0,0,0,0,0,1,0,0,0,0,,,,,,,,,,,,1.01775002,982.55957,0,,,0,3,304.643921,267.322601,38338,DEFAULT,ADAPTIVE,CAR,
1787973284887,4.05810118,2846,unnamed,,NO_POSE,UNKNOWN,0,0,0,0,0,0,0,0,1,0,0,0,0,,,,,,,,,,,,4.24616575,235.506577,0,,,0,3,304.693848,267.322601,38338,DEFAULT,ADAPTIVE,CAR,
1787973284888,4.05935669,2847,unnamed,,NO_POSE,UNKNOWN,0,0,0,0,0,0,0,0,1,0,0,0,0,,,,,,,,,,,,1.25537503,796.574768,0,,,0,3,304.744324,267.322601,38338,DEFAULT,ADAPTIVE,CAR,
1787973284889,4.06033897,2848,unnamed,,NO_POSE,UNKNOWN,0,0,0,0,0,0,0,0,1,0,0,0,0,,,,,,,,,,,,0.982375026,1017.94122,0,,,0,3,303.133026,267.322601,38338,DEFAULT,ADAPTIVE,CAR,
1787973284890,4.06134844,2849,unnamed,,NO_POSE,UNKNOWN,0,0,0,0,0,0,0,0,1,0,0,0,0,,,,,,,,,,,,1.009709,990.384399,0,,,0,3,303.180908,267.322601,38338,DEFAULT,ADAPTIVE,CAR,
1787973284891,4.06236458,2850,unnamed,,NO_POSE,UNKNOWN,0,0,0,0,0,0,0,0,1,0,0,0,0,,,,,,,,,,,,1.01591599,984.333374,0,,,0,3,303.231384,267.322601,38338,DEFAULT,ADAPTIVE,CAR,
1787973284894,4.0655098,2851,unnamed,,NO_POSE,UNKNOWN,0,0,0,0,0,0,0,0,1,0,0,0,0,,,,,,,,,,,,3.14537501,317.927124,0,,,0,3,303.281891,267.322601,38338,DEFAULT,ADAPTIVE,CAR,
1787973284895,4.06678867,2852,unnamed,,NO_POSE,UNKNOWN,0,0,0,0,0,0,0,0,1,0,0,0,0,,,,,,,,,,,,1.27854204,782.14093,0,,,0,3,303.332397,267.322601,38338,DEFAULT,ADAPTIVE,CAR,
1787973284896,4.06784821,2853,unnamed,,NO_POSE,UNKNOWN,0,0,0,0,0,0,0,0,1,0,0,0,0,,,,,,,,,,,,1.05987501,943.507507,0,,,0,3,303.382904,267.322601,38338,DEFAULT,ADAPTIVE,CAR,
1787973284897,4.06894112,2854,unnamed,,NO_POSE,UNKNOWN,0,0,0,0,0,0,0,0,1,0,0,0,0,,,,,,,,,,,,1.09274995,915.122375,0,,,0,3,303.433411,267.322601,38338,DEFAULT,ADAPTIVE,CAR,
1787973284898,4.06993389,2855,unnamed,,NO_POSE,UNKNOWN,0,0,0,0,0,0,0,0,1,0,0,0,0,,,,,,,,,,,,0.992708027,1007.34552,0,,,0,3,303.483887,267.322601,38338,DEFAULT,ADAPTIVE,CAR,
1787973284900,4.07105589,2856,unnamed,,NO_POSE,UNKNOWN,0,0,0,0,0,0,0,0,1,0,0,0,0,,,,,,,,,,,,1.12187505,891.364868,0,,,0,3,303.534393,267.322601,38338,DEFAULT,ADAPTIVE,CAR,
1787973284903,4.07500219,2857,unnamed,,NO_POSE,UNKNOWN,0,0,0,0,0,0,0,0,1,0,0,0,0,,,,,,,,,,,,3.94633412,253.399734,0,,,0,3,303.5849,267.322601,38338,DEFAULT,ADAPTIVE,CAR,
1787973284905,4.076262,2858,unnamed,,NO_POSE,UNKNOWN,0,0,0,0,0,0,0,0,1,0,0,0,0,,,,,,,,,,,,1.26012492,793.572083,0,,,0,3,302.989197,267.322601,38338,DEFAULT,ADAPTIVE,CAR,
1787973284906,4.07746077,2859,unnamed,,NO_POSE,UNKNOWN,0,0,0,0,0,0,0,0,1,0,0,0,0,,,,,,,,,,,,1.19841599,834.434814,0,,,0,3,303.039673,267.322601,38338,DEFAULT,ADAPTIVE,CAR,
1787973284907,4.07854748,2860,unnamed,,NO_POSE,UNKNOWN,0,0,0,0,0,0,0,0,1,0,0,0,0,,,,,,,,,,,,1.08687496,920.069031,0,,,0,3,303.090179,267.322601,38338,DEFAULT,ADAPTIVE,CAR,
1787973284910,4.08182287,2861,unnamed,,NO_POSE,UNKNOWN,0,0,0,0,0,0,0,0,1,0,0,0,0,,,,,,,,,,,,3.27558398,305.289063,0,,,0,3,303.140686,267.322601,38338,DEFAULT,ADAPTIVE,CAR,
1787973284912,4.08309031,2862,unnamed,,NO_POSE,UNKNOWN,0,0,0,0,0,0,0,0,1,0,0,0,0,,,,,,,,,,,,1.26716602,789.162598,0,,,0,3,303.191193,267.322601,38338,DEFAULT,ADAPTIVE,CAR,
1787973284913,4.0842514,2863,unnamed,,NO_POSE,UNKNOWN,0,0,0,0,0,0,0,0,1,0,0,0,0,,,,,,,,,,,,1.16108406,861.264099,0,,,0,3,303.241699,267.322601,38338,DEFAULT,ADAPTIVE,CAR,
1787973284914,4.08526707,2864,unnamed,,NO_POSE,UNKNOWN,0,0,0,0,0,0,0,0,1,0,0,0,0,,,,,,,,,,,,1.01587498,984.373047,0,,,0,3,303.292206,267.322601,38338,DEFAULT,ADAPTIVE,CAR,
1787973284915,4.08634853,2865,unnamed,,NO_POSE,UNKNOWN,0,0,0,0,0,0,0,0,1,0,0,0,0,,,,,,,,,,,,1.08129096,924.820435,0,,,0,3,303.342682,267.322601,38338,DEFAULT,ADAPTIVE,CAR,
1787973284916,4.08756351,2866,unnamed,,NO_POSE,UNKNOWN,0,0,0,0,0,0,0,0,1,0,0,0,0,,,,,,,,,,,,1.21487498,823.129944,0,,,0,3,303.393188,267.322601,38338,DEFAULT,ADAPTIVE,CAR,
1787973284920,4.09145308,2867,unnamed,,NO_POSE,UNKNOWN,0,0,0,0,0,0,0,0,1,0,0,0,0,,,,,,,,,,,,3.8899169,257.07489,0,,,0,3,303.443695,267.322601,38338,DEFAULT,ADAPTIVE,CAR,
1787973284921,4.0927639,2868,unnamed,,NO_POSE,UNKNOWN,0,0,0,0,0,0,0,0,1,0,0,0,0,,,,,,,,,,,,1.31054199,763.043091,0,,,0,3,303.494202,267.322601,38338,DEFAULT,ADAPTIVE,CAR,
1787973284923,4.09407616,2869,unnamed,,NO_POSE,UNKNOWN,0,0,0,0,0,0,0,0,1,0,0,0,0,,,,,,,,,,,,1.31254101,761.880981,0,,,0,3,303.544678,267.322601,38338,DEFAULT,ADAPTIVE,CAR,
1787973284924,4.0952611,2870,unnamed,,NO_POSE,UNKNOWN,0,0,0,0,0,0,0,0,1,0,0,0,0,,,,,,,,,,,,1.18487501,843.970886,0,,,0,3,303.595184,267.322601,38338,DEFAULT,ADAPTIVE,CAR,
1787973284927,4.0987134,2871,unnamed,,NO_POSE,UNKNOWN,0,0,0,0,0,0,0,0,1,0,0,0,0,,,,,,,,,,,,3.45204186,289.683624,0,,,0,3,303.199036,267.322601,38338,DEFAULT,ADAPTIVE,CAR,
1787973284934,4.10550117,2872,unnamed,,NO_POSE,UNKNOWN,0,0,0,0,0,0,0,0,1,0,0,0,0,,,,,,,,,,,,6.78787518,147.321503,0,,,0,3,303.42868,267.385101,38338,DEFAULT,ADAPTIVE,CAR,
1787973284978,4.14949512,2873,unnamed,,NO_POSE,UNKNOWN,0,0,0,0,0,0,0,0,1,0,0,0,0,,,,,,,,,,,,43.9940834,22.7303295,0,,,1,4,302.653137,379.433929,38338,DEFAULT,ADAPTIVE,CAR,
1787973284979,4.15098906,2874,unnamed,,NO_POSE,UNKNOWN,0,0,0,0,0,0,0,0,1,0,0,0,0,,,,,,,,,,,,1.494084,669.306396,0,,,0,4,302.637726,379.371429,38338,DEFAULT,ADAPTIVE,CAR,
1787973284980,4.15186977,2875,unnamed,,NO_POSE,UNKNOWN,0,0,0,0,0,0,0,0,1,0,0,0,0,,,,,,,,,,,,0.880457997,1135.77258,0,,,0,4,302.626434,379.371429,38338,DEFAULT,ADAPTIVE,CAR,
1787973284981,4.15266848,2876,unnamed,,NO_POSE,UNKNOWN,0,0,0,0,0,0,0,0,1,0,0,0,0,,,,,,,,,,,,0.798792005,1251.89038,0,,,0,4,302.614838,383.371429,38338,DEFAULT,ADAPTIVE,CAR,
1787973284982,4.15377188,2877,unnamed,,NO_POSE,UNKNOWN,0,0,0,0,0,0,0,0,1,0,0,0,0,,,,,,,,,,,,1.10345805,906.242004,0,,,0,4,302.598877,383.371429,38338,DEFAULT,ADAPTIVE,CAR,
1787973284984,4.1553278,2878,unnamed,,NO_POSE,UNKNOWN,0,0,0,0,0,0,0,0,1,0,0,0,0,,,,,,,,,,,,1.55583298,642.742493,0,,,0,4,302.577972,356.192291,38338,DEFAULT,ADAPTIVE,CAR,
1787973284987,4.15819645,2879,unnamed,,NO_POSE,UNKNOWN,0,0,0,0,0,0,0,0,1,0,0,0,0,,,,,,,,,,,,2.86854196,348.609161,0,,,0,4,302.566101,356.192291,38338,DEFAULT,ADAPTIVE,CAR,
1787973284988,4.1591754,2880,unnamed,,NO_POSE,UNKNOWN,0,0,0,0,0,0,0,0,1,0,0,0,0,,,,,,,,,,,,0.979249954,1021.18976,0,,,0,4,302.55481,356.192291,38338,DEFAULT,ADAPTIVE,CAR,
1787973284989,4.16056442,2881,unnamed,,NO_POSE,UNKNOWN,0,0,0,0,0,0,0,0,1,0,0,0,0,,,,,,,,,,,,1.38875008,720.07196,0,,,0,4,302.54425,356.192291,38338,DEFAULT,ADAPTIVE,CAR,
1787973284990,4.1618433,2882,unnamed,,NO_POSE,UNKNOWN,0,0,0,0,0,0,0,0,1,0,0,0,0,,,,,,,,,,,,1.27899992,781.86084,0,,,0,4,302.036652,356.192291,38338,DEFAULT,ADAPTIVE,CAR,
1787973284992,4.16330051,2883,unnamed,,NO_POSE,UNKNOWN,0,0,0,0,0,0,0,0,1,0,0,0,0,,,,,,,,,,,,1.45704198,686.322021,0,,,0,4,302.024933,356.192291,38338,DEFAULT,ADAPTIVE,CAR,
1787973284993,4.16445303,2884,unnamed,,NO_POSE,UNKNOWN,0,0,0,0,0,0,0,0,1,0,0,0,0,,,,,,,,,,,,1.15270793,867.5224,0,,,0,4,302.013092,356.192291,38338,DEFAULT,ADAPTIVE,CAR,
1787973284994,4.16565418,2885,unnamed,,NO_POSE,UNKNOWN,0,0,0,0,0,0,0,0,1,0,0,0,0,,,,,,,,,,,,1.20108294,832.58197,0,,,0,4,302.00177,356.192291,38338,DEFAULT,ADAPTIVE,CAR,
1787973284995,4.16663599,2886,unnamed,,NO_POSE,UNKNOWN,0,0,0,0,0,0,0,0,1,0,0,0,0,,,,,,,,,,,,0.981959045,1018.37244,0,,,0,4,301.990479,356.192291,38338,DEFAULT,ADAPTIVE,CAR,
1787973284996,4.16774654,2887,unnamed,,NO_POSE,UNKNOWN,0,0,0,0,0,0,0,0,1,0,0,0,0,,,,,,,,,,,,1.11020803,900.732117,0,,,0,4,301.979187,356.192291,38338,DEFAULT,ADAPTIVE,CAR,
1787973284997,4.16887569,2888,unnamed,,NO_POSE,UNKNOWN,0,0,0,0,0,0,0,0,1,0,0,0,0,,,,,,,,,,,,1.12925005,885.543457,0,,,0,4,301.967499,356.192291,38338,DEFAULT,ADAPTIVE,CAR,
1787973284998,4.16986465,2889,unnamed,,NO_POSE,UNKNOWN,0,0,0,0,0,0,0,0,1,0,0,0,0,,,,,,,,,,,,0.988999963,1011.12238,0,,,0,4,301.956207,356.192291,38338,DEFAULT,ADAPTIVE,CAR,
1787973284999,4.17075539,2890,unnamed,,NO_POSE,UNKNOWN,0,0,0,0,0,0,0,0,1,0,0,0,0,,,,,,,,,,,,0.890582979,1122.85999,0,,,0,4,301.944763,356.192291,38338,DEFAULT,ADAPTIVE,CAR,
1787973285000,4.17159605,2891,unnamed,,NO_POSE,UNKNOWN,0,0,0,0,0,0,0,0,1,0,0,0,0,,,,,,,,,,,,0.840749979,1189.41418,0,,,0,4,301.933105,356.192291,38338,DEFAULT,ADAPTIVE,CAR,
1787973285003,4.17410326,2892,unnamed,,NO_POSE,UNKNOWN,0,0,0,0,0,0,0,0,1,0,0,0,0,,,,,,,,,,,,2.50720906,398.849854,0,,,0,4,302.146973,356.192291,38338,DEFAULT,ADAPTIVE,CAR,
1787973285004,4.17567062,2893,unnamed,,NO_POSE,UNKNOWN,0,0,0,0,0,0,0,0,1,0,0,0,0,,,,,,,,,,,,1.56729102,638.04364,0,,,0,4,302.14798,356.192291,38338,DEFAULT,ADAPTIVE,CAR,
1787973285005,4.17654657,2894,unnamed,,NO_POSE,UNKNOWN,0,0,0,0,0,0,0,0,1,0,0,0,0,,,,,,,,,,,,0.876124978,1141.38965,0,,,0,4,302.149078,356.192291,38338,DEFAULT,ADAPTIVE,CAR,
1787973285006,4.17745256,2895,unnamed,,NO_POSE,UNKNOWN,0,0,0,0,0,0,0,0,1,0,0,0,0,,,,,,,,,,,,0.906208992,1103.49817,0,,,0,4,301.504974,356.192291,38338,DEFAULT,ADAPTIVE,CAR,
1787973285007,4.17815685,2896,unnamed,,NO_POSE,UNKNOWN,0,0,0,0,0,0,0,0,1,0,0,0,0,,,,,,,,,,,,0.703999996,1420.45459,0,,,0,4,301.506073,356.192291,38338,DEFAULT,ADAPTIVE,CAR,
1787973285007,4.17894936,2897,unnamed,,NO_POSE,UNKNOWN,0,0,0,0,0,0,0,0,1,0,0,0,0,,,,,,,,,,,,0.792791009,1261.36646,0,,,0,4,301.507172,356.192291,38338,DEFAULT,ADAPTIVE,CAR,
1787973285008,4.17982578,2898,unnamed,,NO_POSE,UNKNOWN,0,0,0,0,0,0,0,0,1,0,0,0,0,,,,,,,,,,,,0.87608403,1141.44299,0,,,0,4,301.50824,356.192291,38338,DEFAULT,ADAPTIVE,CAR,
1787973285009,4.18079376,2899,unnamed,,NO_POSE,UNKNOWN,0,0,0,0,0,0,0,0,1,0,0,0,0,,,,,,,,,,,,0.968375027,1032.65784,0,,,0,4,301.509338,356.192291,38338,DEFAULT,ADAPTIVE,CAR,
1787973285010,4.18176317,2900,unnamed,,NO_POSE,UNKNOWN,0,0,0,0,0,0,0,0,1,0,0,0,0,,,,,,,,,,,,0.968999982,1031.9917,0,,,0,4,301.510437,356.192291,38338,DEFAULT,ADAPTIVE,CAR,
1787973285011,4.18254566,2901,unnamed,,NO_POSE,UNKNOWN,0,0,0,0,0,0,0,0,1,0,0,0,0,,,,,,,,,,,,0.782707989,1277.61572,0,,,0,4,301.511505,356.192291,38338,DEFAULT,ADAPTIVE,CAR,
1787973285012,4.18324518,2902,unnamed,,NO_POSE,UNKNOWN,0,0,0,0,0,0,0,0,1,0,0,0,0,,,,,,,,,,,,0.699707985,1429.1676,0,,,0,4,301.512604,356.192291,38338,DEFAULT,ADAPTIVE,CAR,
1787973285012,4.18395138,2903,unnamed,,NO_POSE,UNKNOWN,0,0,0,0,0,0,0,0,1,0,0,0,0,,,,,,,,,,,,0.70600003,1416.43054,0,,,0,4,301.513702,356.192291,38338,DEFAULT,ADAPTIVE,CAR,
1787973285013,4.18470144,2904,unnamed,,NO_POSE,UNKNOWN,0,0,0,0,0,0,0,0,1,0,0,0,0,,,,,,,,,,,,0.74991703,1333.48096,0,,,0,4,301.514771,356.192291,38338,DEFAULT,ADAPTIVE,CAR,
1787973285014,4.18544769,2905,unnamed,,NO_POSE,UNKNOWN,0,0,0,0,0,0,0,0,1,0,0,0,0,,,,,,,,,,,,0.746541977,1339.5094,0,,,0,4,301.515869,356.192291,38338,DEFAULT,ADAPTIVE,CAR,
1787973285015,4.18614674,2906,unnamed,,NO_POSE,UNKNOWN,0,0,0,0,0,0,0,0,1,0,0,0,0,,,,,,,,,,,,0.698665977,1431.29907,0,,,0,4,301.516968,356.192291,38338,DEFAULT,ADAPTIVE,CAR,
1787973285015,4.18685102,2907,unnamed,,NO_POSE,UNKNOWN,0,0,0,0,0,0,0,0,1,0,0,0,0,,,,,,,,,,,,0.70441699,1419.61365,0,,,0,4,301.518036,356.192291,38338,DEFAULT,ADAPTIVE,CAR,
1787973285016,4.18755293,2908,unnamed,,NO_POSE,UNKNOWN,0,0,0,0,0,0,0,0,1,0,0,0,0,,,,,,,,,,,,0.702125013,1424.2478,0,,,0,4,301.519135,356.192291,38338,DEFAULT,ADAPTIVE,CAR,
1787973285017,4.18830919,2909,unnamed,,NO_POSE,UNKNOWN,0,0,0,0,0,0,0,0,1,0,0,0,0,,,,,,,,,,,,0.756250024,1322.31409,0,,,0,4,301.520233,356.192291,38338,DEFAULT,ADAPTIVE,CAR,
1787973285018,4.18937206,2910,unnamed,,NO_POSE,UNKNOWN,0,0,0,0,0,0,0,0,1,0,0,0,0,,,,,,,,,,,,1.06266701,941.028564,0,,,0,4,301.521301,356.192291,38338,DEFAULT,ADAPTIVE,CAR,
1787973285019,4.19036245,2911,unnamed,,NO_POSE,UNKNOWN,0,0,0,0,0,0,0,0,1,0,0,0,0,,,,,,,,,,,,0.990290999,1009.8042,0,,,0,4,301.5224,356.192291,38338,DEFAULT,ADAPTIVE,CAR,
1787973285020,4.19128275,2912,unnamed,,NO_POSE,UNKNOWN,0,0,0,0,0,0,0,0,1,0,0,0,0,,,,,,,,,,,,0.92029202,1086.61169,0,,,0,4,301.523499,356.192291,38338,DEFAULT,ADAPTIVE,CAR,
1787973285021,4.19205093,2913,unnamed,,NO_POSE,UNKNOWN,0,0,0,0,0,0,0,0,1,0,0,0,0,,,,,,,,,,,,0.768208027,1301.73083,0,,,0,4,301.524597,356.192291,38338,DEFAULT,ADAPTIVE,CAR,
1787973285021,4.19277334,2914,unnamed,,NO_POSE,UNKNOWN,0,0,0,0,0,0,0,0,1,0,0,0,0,,,,,,,,,,,,0.722334027,1384.40112,0,,,0,4,301.525665,356.192291,38338,DEFAULT,ADAPTIVE,CAR,
1787973285022,4.19344044,2915,unnamed,,NO_POSE,UNKNOWN,0,0,0,0,0,0,0,0,1,0,0,0,0,,,,,,,,,,,,0.667457998,1498.22168,0,,,0,4,301.420502,356.192291,38338,DEFAULT,ADAPTIVE,CAR,
1787973285022,4.19403696,2916,unnamed,,NO_POSE,UNKNOWN,0,0,0,0,0,0,0,0,1,0,0,0,0,,,,,,,,,,,,0.596457958,1676.56409,0,,,0,4,301.41095,356.192291,38338,DEFAULT,ADAPTIVE,CAR,
1787973285023,4.19466734,2917,unnamed,,NO_POSE,UNKNOWN,0,0,0,0,0,0,0,0,1,0,0,0,0,,,,,,,,,,,,0.630250037,1586.67188,0,,,0,4,301.412048,356.192291,38338,DEFAULT,ADAPTIVE,CAR,
1787973285024,4.19534016,2918,unnamed,,NO_POSE,UNKNOWN,0,0,0,0,0,0,0,0,1,0,0,0,0,,,,,,,,,,,,0.672833979,1486.25073,0,,,0,4,301.413147,356.192291,38338,DEFAULT,ADAPTIVE,CAR,
1787973285024,4.19593811,2919,unnamed,,NO_POSE,UNKNOWN,0,0,0,0,0,0,0,0,1,0,0,0,0,,,,,,,,,,,,0.598083019,1672.00867,0,,,0,4,301.414215,356.192291,38338,DEFAULT,ADAPTIVE,CAR,
1787973285025,4.19665909,2920,unnamed,,NO_POSE,UNKNOWN,0,0,0,0,0,0,0,0,1,0,0,0,0,,,,,,,,,,,,0.721083045,1386.80286,0,,,0,4,301.415314,356.192291,38338,DEFAULT,ADAPTIVE,CAR,
1787973285026,4.19744873,2921,unnamed,,NO_POSE,UNKNOWN,0,0,0,0,0,0,0,0,1,0,0,0,0,,,,,,,,,,,,0.789417028,1266.75757,0,,,0,4,301.416412,356.192291,38338,DEFAULT,ADAPTIVE,CAR,
1787973285027,4.19814873,2922,unnamed,,NO_POSE,UNKNOWN,0,0,0,0,0,0,0,0,1,0,0,0,0,,,,,,,,,,,,0.699916959,1428.74084,0,,,0,4,301.41748,356.192291,38338,DEFAULT,ADAPTIVE,CAR,
1787973285027,4.19883728,2923,unnamed,,NO_POSE,UNKNOWN,0,0,0,0,0,0,0,0,1,0,0,0,0,,,,,,,,,,,,0.688750029,1451.90564,0,,,0,4,301.418579,356.192291,38338,DEFAULT,ADAPTIVE,CAR,
1787973285028,4.19943523,2924,unnamed,,NO_POSE,UNKNOWN,0,0,0,0,0,0,0,0,1,0,0,0,0,,,,,,,,,,,,0.597750008,1672.94019,0,,,0,4,301.419678,356.192291,38338,DEFAULT,ADAPTIVE,CAR,
1787973285028,4.20004416,2925,unnamed,,NO_POSE,UNKNOWN,0,0,0,0,0,0,0,0,1,0,0,0,0,,,,,,,,,,,,0.608958006,1642.14929,0,,,0,4,301.420746,356.192291,38338,DEFAULT,ADAPTIVE,CAR,
1787973285029,4.20074701,2926,unnamed,,NO_POSE,UNKNOWN,0,0,0,0,0,0,0,0,1,0,0,0,0,,,,,,,,,,,,0.703167021,1422.13733,0,,,0,4,301.421844,356.192291,38338,DEFAULT,ADAPTIVE,CAR,
1787973285030,4.20145607,2927,unnamed,,NO_POSE,UNKNOWN,0,0,0,0,0,0,0,0,1,0,0,0,0,,,,,,,,,,,,0.709040999,1410.35559,0,,,0,4,301.422943,356.192291,38338,DEFAULT,ADAPTIVE,CAR,
1787973285030,4.20204687,2928,unnamed,,NO_POSE,UNKNOWN,0,0,0,0,0,0,0,0,1,0,0,0,0,,,,,,,,,,,,0.590541959,1693.35974,0,,,0,4,301.424011,356.192291,38338,DEFAULT,ADAPTIVE,CAR,
1787973285031,4.20273685,2929,unnamed,,NO_POSE,UNKNOWN,0,0,0,0,0,0,0,0,1,0,0,0,0,,,,,,,,,,,,0.690083027,1449.10095,0,,,0,4,301.42511,356.192291,38338,DEFAULT,ADAPTIVE,CAR,
1787973285032,4.20333815,2930,unnamed,,NO_POSE,UNKNOWN,0,0,0,0,0,0,0,0,1,0,0,0,0,,,,,,,,,,,,0.601459026,1662.62366,0,,,0,4,301.426208,356.192291,38338,DEFAULT,ADAPTIVE,CAR,
1787973285032,4.20392895,2931,unnamed,,NO_POSE,UNKNOWN,0,0,0,0,0,0,0,0,1,0,0,0,0,,,,,,,,,,,,0.590790987,1692.646,0,,,0,4,301.427307,356.192291,38338,DEFAULT,ADAPTIVE,CAR,
1787973285033,4.2046752,2932,unnamed,,NO_POSE,UNKNOWN,0,0,0,0,0,0,0,0,1,0,0,0,0,,,,,,,,,,,,0.745834053,1340.78088,0,,,0,4,301.428375,356.192291,38338,DEFAULT,ADAPTIVE,CAR,
1787973285034,4.20557451,2933,unnamed,,NO_POSE,UNKNOWN,0,0,0,0,0,0,0,0,1,0,0,0,0,,,,,,,,,,,,0.899708033,1111.47168,0,,,0,4,301.429474,356.192291,38338,DEFAULT,ADAPTIVE,CAR,
1787973285035,4.20643282,2934,unnamed,,NO_POSE,UNKNOWN,0,0,0,0,0,0,0,0,1,0,0,0,0,,,,,,,,,,,,0.857957959,1165.55823,0,,,0,4,301.430573,356.192291,38338,DEFAULT,ADAPTIVE,CAR,
1787973285036,4.20726061,2935,unnamed,,NO_POSE,UNKNOWN,0,0,0,0,0,0,0,0,1,0,0,0,0,,,,,,,,,,,,0.828041971,1207.66821,0,,,0,4,301.431641,356.192291,38338,DEFAULT,ADAPTIVE,CAR,
1787973285037,4.20810318,2936,unnamed,,NO_POSE,UNKNOWN,0,0,0,0,0,0,0,0,1,0,0,0,0,,,,,,,,,,,,0.842583001,1186.82666,0,,,0,4,301.432739,356.192291,38338,DEFAULT,ADAPTIVE,CAR,
1787973285037,4.20884037,2937,unnamed,,NO_POSE,UNKNOWN,0,0,0,0,0,0,0,0,1,0,0,0,0,,,,,,,,,,,,0.736874998,1357.08228,0,,,0,4,301.434143,356.192291,38338,DEFAULT,ADAPTIVE,CAR,
1787973285038,4.20954704,2938,unnamed,,NO_POSE,UNKNOWN,0,0,0,0,0,0,0,0,1,0,0,0,0,,,,,,,,,,,,0.706667006,1415.09363,0,,,0,4,301.434845,352.192291,38338,DEFAULT,ADAPTIVE,CAR,
1787973285039,4.2101202,2939,unnamed,,NO_POSE,UNKNOWN,0,0,0,0,0,0,0,0,1,0,0,0,0,,,,,,,,,,,,0.573457956,1743.80688,0,,,0,4,301.435944,352.192291,38338,DEFAULT,ADAPTIVE,CAR,
1787973285039,4.21074677,2940,unnamed,,NO_POSE,UNKNOWN,0,0,0,0,0,0,0,0,1,0,0,0,0,,,,,,,,,,,,0.626416981,1596.38074,0,,,0,4,301.438232,352.192291,38338,DEFAULT,ADAPTIVE,CAR,
1787973285040,4.21143198,2941,unnamed,,NO_POSE,UNKNOWN,0,0,0,0,0,0,0,0,1,0,0,0,0,,,,,,,,,,,,0.685124993,1459.58765,0,,,0,4,301.439301,352.192291,38338,DEFAULT,ADAPTIVE,CAR,
1787973285043,4.21438599,2942,unnamed,,NO_POSE,UNKNOWN,0,0,0,0,0,0,0,0,1,0,0,0,0,,,,,,,,,,,,2.954,338.524048,0,,,0,4,301.44162,352.192291,38338,DEFAULT,ADAPTIVE,CAR,
1787973285045,4.21605682,2943,unnamed,,NO_POSE,UNKNOWN,0,0,0,0,0,0,0,0,1,0,0,0,0,,,,,,,,,,,,1.67095804,598.459106,0,,,0,4,301.442719,352.192291,38338,DEFAULT,ADAPTIVE,CAR,
1787973285046,4.21768427,2944,unnamed,,NO_POSE,UNKNOWN,0,0,0,0,0,0,0,0,1,0,0,0,0,,,,,,,,,,,,1.62724996,614.533752,0,,,0,4,301.443787,352.192291,38338,DEFAULT,ADAPTIVE,CAR,
1787973285048,4.21905851,2945,unnamed,,NO_POSE,UNKNOWN,0,0,0,0,0,0,0,0,1,0,0,0,0,,,,,,,,,,,,1.3742919,727.6474,0,,,0,4,301.444885,352.192291,38338,DEFAULT,ADAPTIVE,CAR,
1787973285049,4.2203927,2946,unnamed,,NO_POSE,UNKNOWN,0,0,0,0,0,0,0,0,1,0,0,0,0,,,,,,,,,,,,1.33454192,749.320801,0,,,0,4,301.445984,352.192291,38338,DEFAULT,ADAPTIVE,CAR,
1787973285053,4.22492981,2947,unnamed,,NO_POSE,UNKNOWN,0,0,0,0,0,0,0,0,1,0,0,0,0,,,,,,,,,,,,4.53683329,220.418076,0,,,0,4,301.447052,352.192291,38338,DEFAULT,ADAPTIVE,CAR,
1787973285055,4.22647667,2948,unnamed,,NO_POSE,UNKNOWN,0,0,0,0,0,0,0,0,1,0,0,0,0,,,,,,,,,,,,1.54700005,646.412415,0,,,0,4,301.448151,352.192291,38338,DEFAULT,ADAPTIVE,CAR,
1787973285056,4.22775507,2949,unnamed,,NO_POSE,UNKNOWN,0,0,0,0,0,0,0,0,1,0,0,0,0,,,,,,,,,,,,1.27849996,782.166626,0,,,0,4,301.449249,352.192291,38338,DEFAULT,ADAPTIVE,CAR,
1787973285058,4.22906685,2950,unnamed,,NO_POSE,UNKNOWN,0,0,0,0,0,0,0,0,1,0,0,0,0,,,,,,,,,,,,1.31145799,762.510132,0,,,0,4,301.450317,352.192291,38338,DEFAULT,ADAPTIVE,CAR,
1787973285061,4.23239565,2951,unnamed,,NO_POSE,UNKNOWN,0,0,0,0,0,0,0,0,1,0,0,0,0,,,,,,,,,,,,3.32891703,300.39798,0,,,0,4,301.451416,352.192291,38338,DEFAULT,ADAPTIVE,CAR,
1787973285062,4.23397303,2952,unnamed,,NO_POSE,UNKNOWN,0,0,0,0,0,0,0,0,1,0,0,0,0,,,,,,,,,,,,1.57749999,633.914429,0,,,0,4,301.452515,352.192291,38338,DEFAULT,ADAPTIVE,CAR,
1787973285064,4.23526573,2953,unnamed,,NO_POSE,UNKNOWN,0,0,0,0,0,0,0,0,1,0,0,0,0,,,,,,,,,,,,1.29279208,773.519592,0,,,0,4,301.453583,352.192291,38338,DEFAULT,ADAPTIVE,CAR,
1787973285065,4.23645115,2954,unnamed,,NO_POSE,UNKNOWN,0,0,0,0,0,0,0,0,1,0,0,0,0,,,,,,,,,,,,1.18545806,843.555786,0,,,0,4,301.454681,352.192291,38338,DEFAULT,ADAPTIVE,CAR,
1787973285066,4.23765707,2955,unnamed,,NO_POSE,UNKNOWN,0,0,0,0,0,0,0,0,1,0,0,0,0,,,,,,,,,,,,1.20583308,829.302185,0,,,0,4,301.45578,352.192291,38338,DEFAULT,ADAPTIVE,CAR,
1787973285070,4.24170017,2956,unnamed,,NO_POSE,UNKNOWN,0,0,0,0,0,0,0,0,1,0,0,0,0,,,,,,,,,,,,4.04299974,247.341095,0,,,0,4,301.456879,352.192291,38338,DEFAULT,ADAPTIVE,CAR,
1787973285072,4.24305964,2957,unnamed,,NO_POSE,UNKNOWN,0,0,0,0,0,0,0,0,1,0,0,0,0,,,,,,,,,,,,1.35962498,735.496887,0,,,0,4,301.457947,352.192291,38338,DEFAULT,ADAPTIVE,CAR,
1787973285073,4.24424887,2958,unnamed,,NO_POSE,UNKNOWN,0,0,0,0,0,0,0,0,1,0,0,0,0,,,,,,,,,,,,1.18904197,841.013184,0,,,0,4,301.457062,352.192291,38338,DEFAULT,ADAPTIVE,CAR,
1787973285074,4.24566555,2959,unnamed,,NO_POSE,UNKNOWN,0,0,0,0,0,0,0,0,1,0,0,0,0,,,,,,,,,,,,1.41666698,705.882202,0,,,0,4,301.45816,352.192291,38338,DEFAULT,ADAPTIVE,CAR,
1787973285077,4.24877262,2960,unnamed,,NO_POSE,UNKNOWN,0,0,0,0,0,0,0,0,1,0,0,0,0,,,,,,,,,,,,3.10729098,321.82373,0,,,0,4,301.459259,352.192291,38338,DEFAULT,ADAPTIVE,CAR,
1787973285079,4.25017357,2961,unnamed,,NO_POSE,UNKNOWN,0,0,0,0,0,0,0,0,1,0,0,0,0,,,,,,,,,,,,1.40070903,713.924133,0,,,0,4,301.460327,352.192291,38338,DEFAULT,ADAPTIVE,CAR,
1787973285080,4.25145197,2962,unnamed,,NO_POSE,UNKNOWN,0,0,0,0,0,0,0,0,1,0,0,0,0,,,,,,,,,,,,1.27858293,782.115845,0,,,0,4,301.461426,352.192291,38338,DEFAULT,ADAPTIVE,CAR,
1787973285081,4.25254345,2963,unnamed,,NO_POSE,UNKNOWN,0,0,0,0,0,0,0,0,1,0,0,0,0,,,,,,,,,,,,1.09158301,916.100708,0,,,0,4,301.462555,352.192291,38338,DEFAULT,ADAPTIVE,CAR,
1787973285082,4.2537837,2964,unnamed,,NO_POSE,UNKNOWN,0,0,0,0,0,0,0,0,1,0,0,0,0,,,,,,,,,,,,1.24000001,806.451599,0,,,0,4,301.463654,352.192291,38338,DEFAULT,ADAPTIVE,CAR,
1787973285087,4.25813293,2965,unnamed,,NO_POSE,UNKNOWN,0,0,0,0,0,0,0,0,1,0,0,0,0,,,,,,,,,,,,4.34920883,229.92688,0,,,0,4,301.464722,352.192291,38338,DEFAULT,ADAPTIVE,CAR,
1787973285088,4.25957394,2966,unnamed,,NO_POSE,UNKNOWN,0,0,0,0,0,0,0,0,1,0,0,0,0,,,,,,,,,,,,1.44112492,693.902344,0,,,0,4,301.240265,352.192291,38338,DEFAULT,ADAPTIVE,CAR,
1787973285089,4.26085424,2967,unnamed,,NO_POSE,UNKNOWN,0,0,0,0,0,0,0,0,1,0,0,0,0,,,,,,,,,,,,1.28041601,780.996155,0,,,0,4,301.238678,352.192291,38338,DEFAULT,ADAPTIVE,CAR,
1787973285091,4.26209784,2968,unnamed,,NO_POSE,UNKNOWN,0,0,0,0,0,0,0,0,1,0,0,0,0,,,,,,,,,,,,1.24345899,804.208313,0,,,0,4,301.239777,352.192291,38338,DEFAULT,ADAPTIVE,CAR,
1787973285094,4.26531219,2969,unnamed,,NO_POSE,UNKNOWN,0,0,0,0,0,0,0,0,1,0,0,0,0,,,,,,,,,,,,3.21412516,311.126648,0,,,0,4,301.240875,352.192291,38338,DEFAULT,ADAPTIVE,CAR,
1787973285095,4.26666498,2970,unnamed,,NO_POSE,UNKNOWN,0,0,0,0,0,0,0,0,1,0,0,0,0,,,,,,,,,,,,1.35320795,738.98468,0,,,0,4,301.241943,352.192291,38338,DEFAULT,ADAPTIVE,CAR,
1787973285096,4.26796389,2971,unnamed,,NO_POSE,UNKNOWN,0,0,0,0,0,0,0,0,1,0,0,0,0,,,,,,,,,,,,1.298792,769.946228,0,,,0,4,301.243042,352.192291,38338,DEFAULT,ADAPTIVE,CAR,
1787973285098,4.26926661,2972,unnamed,,NO_POSE,UNKNOWN,0,0,0,0,0,0,0,0,1,0,0,0,0,,,,,,,,,,,,1.30241597,767.803833,0,,,0,4,301.244141,352.192291,38338,DEFAULT,ADAPTIVE,CAR,
1787973285099,4.27045488,2973,unnamed,,NO_POSE,UNKNOWN,0,0,0,0,0,0,0,0,1,0,0,0,0,,,,,,,,,,,,1.18825006,841.57373,0,,,0,4,301.245209,352.192291,38338,DEFAULT,ADAPTIVE,CAR,
1787973285103,4.2749424,2974,unnamed,,NO_POSE,UNKNOWN,0,0,0,0,0,0,0,0,1,0,0,0,0,,,,,,,,,,,,4.48758411,222.837067,0,,,0,4,301.246307,352.192291,38338,DEFAULT,ADAPTIVE,CAR,
1787973285105,4.27647829,2975,unnamed,,NO_POSE,UNKNOWN,0,0,0,0,0,0,0,0,1,0,0,0,0,,,,,,,,,,,,1.53587508,651.094666,0,,,0,4,301.243225,352.192291,38338,DEFAULT,ADAPTIVE,CAR,
1787973285106,4.27787209,2976,unnamed,,NO_POSE,UNKNOWN,0,0,0,0,0,0,0,0,1,0,0,0,0,,,,,,,,,,,,1.39374995,717.488831,0,,,0,4,301.244324,352.192291,38338,DEFAULT,ADAPTIVE,CAR,
1787973285108,4.27915764,2977,unnamed,,NO_POSE,UNKNOWN,0,0,0,0,0,0,0,0,1,0,0,0,0,,,,,,,,,,,,1.28587496,777.680603,0,,,0,4,301.245422,352.192291,38338,DEFAULT,ADAPTIVE,CAR,
1787973285110,4.28193521,2978,unnamed,,NO_POSE,UNKNOWN,0,0,0,0,0,0,0,0,1,0,0,0,0,,,,,,,,,,,,2.77750015,360.03598,0,,,0,4,301.24649,352.192291,38338,DEFAULT,ADAPTIVE,CAR,
1787973285112,4.28335905,2979,unnamed,,NO_POSE,UNKNOWN,0,0,0,0,0,0,0,0,1,0,0,0,0,,,,,,,,,,,,1.42379105,702.35022,0,,,0,4,301.247589,352.192291,38338,DEFAULT,ADAPTIVE,CAR,
1787973285113,4.28465319,2980,unnamed,,NO_POSE,UNKNOWN,0,0,0,0,0,0,0,0,1,0,0,0,0,,,,,,,,,,,,1.294209,772.672729,0,,,0,4,301.248688,352.192291,38338,DEFAULT,ADAPTIVE,CAR,
1787973285114,4.2859664,2981,unnamed,,NO_POSE,UNKNOWN,0,0,0,0,0,0,0,0,1,0,0,0,0,,,,,,,,,,,,1.31304097,761.590881,0,,,0,4,301.249756,352.192291,38338,DEFAULT,ADAPTIVE,CAR,
1787973285116,4.28714371,2982,unnamed,,NO_POSE,UNKNOWN,0,0,0,0,0,0,0,0,1,0,0,0,0,,,,,,,,,,,,1.17729199,849.406982,0,,,0,4,301.250854,352.192291,38338,DEFAULT,ADAPTIVE,CAR,
1787973285120,4.2914257,2983,unnamed,,NO_POSE,UNKNOWN,0,0,0,0,0,0,0,0,1,0,0,0,0,,,,,,,,,,,,4.2823329,233.517578,0,,,0,4,301.251953,352.192291,38338,DEFAULT,ADAPTIVE,CAR,
1787973285121,4.29300261,2984,unnamed,,NO_POSE,UNKNOWN,0,0,0,0,0,0,0,0,1,0,0,0,0,,,,,,,,,,,,1.57666695,634.249329,0,,,0,4,301.253021,352.192291,38338,DEFAULT,ADAPTIVE,CAR,
1787973285123,4.29446173,2985,unnamed,,NO_POSE,UNKNOWN,0,0,0,0,0,0,0,0,1,0,0,0,0,,,,,,,,,,,,1.459167,685.32251,0,,,0,4,301.25412,352.192291,38338,DEFAULT,ADAPTIVE,CAR,
1787973285124,4.29574537,2986,unnamed,,NO_POSE,UNKNOWN,0,0,0,0,0,0,0,0,1,0,0,0,0,,,,,,,,,,,,1.28341591,779.170593,0,,,0,4,301.250397,352.192291,38338,DEFAULT,ADAPTIVE,CAR,
1787973285127,4.29862165,2987,unnamed,,NO_POSE,UNKNOWN,0,0,0,0,0,0,0,0,1,0,0,0,0,,,,,,,,,,,,2.87662482,347.629608,0,,,0,4,301.251465,352.192291,38338,DEFAULT,ADAPTIVE,CAR,
1787973285128,4.29997396,2988,unnamed,,NO_POSE,UNKNOWN,0,0,0,0,0,0,0,0,1,0,0,0,0,,,,,,,,,,,,1.35216701,739.55365,0,,,0,4,301.252563,352.192291,38338,DEFAULT,ADAPTIVE,CAR,
1787973285130,4.30177498,2989,unnamed,,NO_POSE,UNKNOWN,0,0,0,0,0,0,0,0,1,0,0,0,0,,,,,,,,,,,,1.80083299,555.298584,0,,,0,4,301.255768,352.192291,38338,DEFAULT,ADAPTIVE,CAR,
1787973285133,4.30418158,2990,unnamed,,NO_POSE,UNKNOWN,0,0,0,0,0,0,0,0,1,0,0,0,0,,,,,,,,,,,,2.40695906,415.462006,0,,,0,4,301.25473,352.192291,38338,DEFAULT,ADAPTIVE,CAR,
1787973285137,4.30809689,2991,unnamed,,NO_POSE,UNKNOWN,0,0,0,0,0,0,0,0,1,0,0,0,0,,,,,,,,,,,,3.91529083,255.408875,0,,,0,4,301.255829,352.192291,38338,DEFAULT,ADAPTIVE,CAR,
1787973285138,4.30955315,2992,unnamed,,NO_POSE,UNKNOWN,0,0,0,0,0,0,0,0,1,0,0,0,0,,,,,,,,,,,,1.45629203,686.675476,0,,,0,4,301.256927,352.192291,38338,DEFAULT,ADAPTIVE,CAR,
1787973285139,4.31075239,2993,unnamed,,NO_POSE,UNKNOWN,0,0,0,0,0,0,0,0,1,0,0,0,0,,,,,,,,,,,,1.19908309,833.970581,0,,,0,4,301.25531,352.192291,38338,DEFAULT,ADAPTIVE,CAR,
1787973285140,4.31183577,2994,unnamed,,NO_POSE,UNKNOWN,0,0,0,0,0,0,0,0,1,0,0,0,0,,,,,,,,,,,,1.08358407,922.863342,0,,,0,4,301.256256,352.192291,38338,DEFAULT,ADAPTIVE,CAR,
1787973285143,4.31488705,2995,unnamed,,NO_POSE,UNKNOWN,0,0,0,0,0,0,0,0,1,0,0,0,0,,,,,,,,,,,,3.05112505,327.747955,0,,,0,4,301.257324,352.192291,38338,DEFAULT,ADAPTIVE,CAR,
1787973285145,4.31614304,2996,unnamed,,NO_POSE,UNKNOWN,0,0,0,0,0,0,0,0,1,0,0,0,0,,,,,,,,,,,,1.25587499,796.257568,0,,,0,4,301.258423,352.192291,38338,DEFAULT,ADAPTIVE,CAR,
1787973285146,4.31735182,2997,unnamed,,NO_POSE,UNKNOWN,0,0,0,0,0,0,0,0,1,0,0,0,0,,,,,,,,,,,,1.209041,827.101807,0,,,0,4,301.259521,352.192291,38338,DEFAULT,ADAPTIVE,CAR,
1787973285147,4.31843328,2998,unnamed,,NO_POSE,UNKNOWN,0,0,0,0,0,0,0,0,1,0,0,0,0,,,,,,,,,,,,1.08129203,924.819519,0,,,0,4,301.26178,352.192291,38338,DEFAULT,ADAPTIVE,CAR,
1787973285148,4.31954145,2999,unnamed,,NO_POSE,UNKNOWN,0,0,0,0,0,0,0,0,1,0,0,0,0,,,,,,,,,,,,1.10808289,902.459534,0,,,0,4,301.262878,352.192291,38338,DEFAULT,ADAPTIVE,CAR,
1787973285149,4.32063866,3000,unnamed,,NO_POSE,UNKNOWN,0,0,0,0,0,0,0,0,1,0,0,0,0,,,,,,,,,,,,1.09724998,911.369324,0,,,0,4,301.263977,352.192291,38338,DEFAULT,ADAPTIVE,CAR,
1787973285153,4.3243289,3001,unnamed,,NO_POSE,UNKNOWN,0,0,0,0,0,0,0,0,1,0,0,0,0,,,,,,,,,,,,3.69024992,270.984344,0,,,0,4,301.267059,352.192291,38338,DEFAULT,ADAPTIVE,CAR,
1787973285154,4.32556629,3002,unnamed,,NO_POSE,UNKNOWN,0,0,0,0,0,0,0,0,1,0,0,0,0,,,,,,,,,,,,1.23749995,808.080811,0,,,0,4,301.268158,352.192291,38338,DEFAULT,ADAPTIVE,CAR,
1787973285155,4.32674694,3003,unnamed,,NO_POSE,UNKNOWN,0,0,0,0,0,0,0,0,1,0,0,0,0,,,,,,,,,,,,1.18050003,847.098694,0,,,0,4,301.267487,352.192291,38338,DEFAULT,ADAPTIVE,CAR,
1787973285156,4.32794189,3004,unnamed,,NO_POSE,UNKNOWN,0,0,0,0,0,0,0,0,1,0,0,0,0,,,,,,,,,,,,1.194875,836.907654,0,,,0,4,301.268585,352.192291,38338,DEFAULT,ADAPTIVE,CAR,
1787973285157,4.32893801,3005,unnamed,,NO_POSE,UNKNOWN,0,0,0,0,0,0,0,0,1,0,0,0,0,,,,,,,,,,,,0.996417046,1003.59589,0,,,0,4,301.270844,352.192291,38338,DEFAULT,ADAPTIVE,CAR,
1787973285160,4.33186197,3006,unnamed,,NO_POSE,UNKNOWN,0,0,0,0,0,0,0,0,1,0,0,0,0,,,,,,,,,,,,2.92391706,342.006958,0,,,0,4,301.271942,352.192291,38338,DEFAULT,ADAPTIVE,CAR,
1787973285161,4.33293867,3007,unnamed,,NO_POSE,UNKNOWN,0,0,0,0,0,0,0,0,1,0,0,0,0,,,,,,,,,,,,1.07641602,929.00885,0,,,0,4,301.27301,352.192291,38338,DEFAULT,ADAPTIVE,CAR,
1787973285162,4.33393669,3008,unnamed,,NO_POSE,UNKNOWN,0,0,0,0,0,0,0,0,1,0,0,0,0,,,,,,,,,,,,0.998292029,1001.71094,0,,,0,4,301.274109,352.192291,38338,DEFAULT,ADAPTIVE,CAR,
1787973285163,4.33494902,3009,unnamed,,NO_POSE,UNKNOWN,0,0,0,0,0,0,0,0,1,0,0,0,0,,,,,,,,,,,,1.01204205,988.101257,0,,,0,4,301.276398,352.192291,38338,DEFAULT,ADAPTIVE,CAR,
1787973285165,4.33606148,3010,unnamed,,NO_POSE,UNKNOWN,0,0,0,0,0,0,0,0,1,0,0,0,0,,,,,,,,,,,,1.11270797,898.708374,0,,,0,4,301.277466,352.192291,38338,DEFAULT,ADAPTIVE,CAR,
1787973285166,4.33705616,3011,unnamed,,NO_POSE,UNKNOWN,0,0,0,0,0,0,0,0,1,0,0,0,0,,,,,,,,,,,,0.994749963,1005.27777,0,,,0,4,301.278564,352.192291,38338,DEFAULT,ADAPTIVE,CAR,
1787973285170,4.34125519,3012,unnamed,,NO_POSE,UNKNOWN,0,0,0,0,0,0,0,0,1,0,0,0,0,,,,,,,,,,,,4.19875002,238.166122,0,,,0,4,301.280823,352.192291,38338,DEFAULT,ADAPTIVE,CAR,
1787973285171,4.34265995,3013,unnamed,,NO_POSE,UNKNOWN,0,0,0,0,0,0,0,0,1,0,0,0,0,,,,,,,,,,,,1.40466702,711.912476,0,,,0,4,301.281921,352.192291,38338,DEFAULT,ADAPTIVE,CAR,
1787973285172,4.34375048,3014,unnamed,,NO_POSE,UNKNOWN,0,0,0,0,0,0,0,0,1,0,0,0,0,,,,,,,,,,,,1.09058309,916.940735,0,,,0,4,301.28302,352.192291,38338,DEFAULT,ADAPTIVE,CAR,
1787973285173,4.34486771,3015,unnamed,,NO_POSE,UNKNOWN,0,0,0,0,0,0,0,0,1,0,0,0,0,,,,,,,,,,,,1.11741698,894.921021,0,,,0,4,301.285278,352.192291,38338,DEFAULT,ADAPTIVE,CAR,
1787973285174,4.34595013,3016,unnamed,,NO_POSE,UNKNOWN,0,0,0,0,0,0,0,0,1,0,0,0,0,,,,,,,,,,,,1.08216596,924.072693,0,,,0,4,301.284637,352.192291,38338,DEFAULT,ADAPTIVE,CAR,
1787973285177,4.34836102,3017,unnamed,,NO_POSE,UNKNOWN,0,0,0,0,0,0,0,0,1,0,0,0,0,,,,,,,,,,,,2.41087484,414.78717,0,,,0,4,301.286896,352.192291,38338,DEFAULT,ADAPTIVE,CAR,
1787973285178,4.34946108,3018,unnamed,,NO_POSE,UNKNOWN,0,0,0,0,0,0,0,0,1,0,0,0,0,,,,,,,,,,,,1.10041702,908.746399,0,,,0,4,301.287994,352.192291,38338,DEFAULT,ADAPTIVE,CAR,
1787973285179,4.35054016,3019,unnamed,,NO_POSE,UNKNOWN,0,0,0,0,0,0,0,0,1,0,0,0,0,,,,,,,,,,,,1.07891691,926.855408,0,,,0,4,301.289063,352.192291,38338,DEFAULT,ADAPTIVE,CAR,
1787973285180,4.35153818,3020,unnamed,,NO_POSE,UNKNOWN,0,0,0,0,0,0,0,0,1,0,0,0,0,,,,,,,,,,,,0.998124957,1001.8786,0,,,0,4,301.291351,352.192291,38338,DEFAULT,ADAPTIVE,CAR,
1787973285181,4.35264826,3021,unnamed,,NO_POSE,UNKNOWN,0,0,0,0,0,0,0,0,1,0,0,0,0,,,,,,,,,,,,1.1099999,900.90094,0,,,0,4,301.29245,352.192291,38338,DEFAULT,ADAPTIVE,CAR,
1787973285182,4.35364246,3022,unnamed,,NO_POSE,UNKNOWN,0,0,0,0,0,0,0,0,1,0,0,0,0,,,,,,,,,,,,0.994166017,1005.86823,0,,,0,4,301.294739,352.192291,38338,DEFAULT,ADAPTIVE,CAR,
1787973285186,4.35751724,3023,unnamed,,NO_POSE,UNKNOWN,0,0,0,0,0,0,0,0,1,0,0,0,0,,,,,,,,,,,,3.87483382,258.075562,0,,,0,4,301.295593,352.192291,38338,DEFAULT,ADAPTIVE,CAR,
1787973285187,4.35877085,3024,unnamed,,NO_POSE,UNKNOWN,0,0,0,0,0,0,0,0,1,0,0,0,0,,,,,,,,,,,,1.25341594,797.819763,0,,,0,4,301.296692,352.192291,38338,DEFAULT,ADAPTIVE,CAR,
1787973285188,4.35983944,3025,unnamed,,NO_POSE,UNKNOWN,0,0,0,0,0,0,0,0,1,0,0,0,0,,,,,,,,,,,,1.06900001,935.453674,0,,,0,4,301.29776,352.192291,38338,DEFAULT,ADAPTIVE,CAR,
1787973285189,4.36083651,3026,unnamed,,NO_POSE,UNKNOWN,0,0,0,0,0,0,0,0,1,0,0,0,0,,,,,,,,,,,,0.996917009,1003.09253,0,,,0,4,301.300049,352.192291,38338,DEFAULT,ADAPTIVE,CAR,
1787973285190,4.36185503,3027,unnamed,,NO_POSE,UNKNOWN,0,0,0,0,0,0,0,0,1,0,0,0,0,,,,,,,,,,,,1.01824999,982.077087,0,,,0,4,301.29895,352.192291,38338,DEFAULT,ADAPTIVE,CAR,
1787973285193,4.36476374,3028,unnamed,,NO_POSE,UNKNOWN,0,0,0,0,0,0,0,0,1,0,0,0,0,,,,,,,,,,,,2.90904188,343.755798,0,,,0,4,301.300018,352.192291,38338,DEFAULT,ADAPTIVE,CAR,
1787973285194,4.36584425,3029,unnamed,,NO_POSE,UNKNOWN,0,0,0,0,0,0,0,0,1,0,0,0,0,,,,,,,,,,,,1.08058298,925.426392,0,,,0,4,301.301117,352.192291,38338,DEFAULT,ADAPTIVE,CAR,
1787973285195,4.36684513,3030,unnamed,,NO_POSE,UNKNOWN,0,0,0,0,0,0,0,0,1,0,0,0,0,,,,,,,,,,,,1.00083303,999.167725,0,,,0,4,301.303406,352.192291,38338,DEFAULT,ADAPTIVE,CAR,
1787973285196,4.36794329,3031,unnamed,,NO_POSE,UNKNOWN,0,0,0,0,0,0,0,0,1,0,0,0,0,,,,,,,,,,,,1.09779191,910.919434,0,,,0,4,301.304474,352.192291,38338,DEFAULT,ADAPTIVE,CAR,
1787973285197,4.36884689,3032,unnamed,,NO_POSE,UNKNOWN,0,0,0,0,0,0,0,0,1,0,0,0,0,,,,,,,,,,,,0.904000044,1106.1947,0,,,0,4,301.306763,352.192291,38338,DEFAULT,ADAPTIVE,CAR,
1787973285198,4.36973572,3033,unnamed,,NO_POSE,UNKNOWN,0,0,0,0,0,0,0,0,1,0,0,0,0,,,,,,,,,,,,0.888750017,1125.17578,0,,,0,4,301.307617,352.192291,38338,DEFAULT,ADAPTIVE,CAR,
1787973285199,4.37084961,3034,unnamed,,NO_POSE,UNKNOWN,0,0,0,0,0,0,0,0,1,0,0,0,0,,,,,,,,,,,,1.11362505,897.968323,0,,,0,4,301.308716,352.192291,38338,DEFAULT,ADAPTIVE,CAR,
1787973285203,4.37475491,3035,unnamed,,NO_POSE,UNKNOWN,0,0,0,0,0,0,0,0,1,0,0,0,0,,,,,,,,,,,,3.90549994,256.049164,0,,,0,4,301.311005,352.192291,38338,DEFAULT,ADAPTIVE,CAR,
1787973285205,4.37697458,3036,unnamed,,NO_POSE,UNKNOWN,0,0,0,0,0,0,0,0,1,0,0,0,0,,,,,,,,,,,,2.2198329,450.484344,0,,,0,4,301.535431,352.192291,38338,DEFAULT,ADAPTIVE,CAR,
1787973285207,4.37825394,3037,unnamed,,NO_POSE,UNKNOWN,0,0,0,0,0,0,0,0,1,0,0,0,0,,,,,,,,,,,,1.27891695,781.911621,0,,,0,4,301.53653,352.192291,38338,DEFAULT,ADAPTIVE,CAR,
1787973285208,4.37947655,3038,unnamed,,NO_POSE,UNKNOWN,0,0,0,0,0,0,0,0,1,0,0,0,0,,,,,,,,,,,,1.22262502,817.912231,0,,,0,4,301.538818,352.192291,38338,DEFAULT,ADAPTIVE,CAR,
1787973285211,4.38203573,3039,unnamed,,NO_POSE,UNKNOWN,0,0,0,0,0,0,0,0,1,0,0,0,0,,,,,,,,,,,,2.55916715,390.752136,0,,,0,4,301.539886,352.192291,38338,DEFAULT,ADAPTIVE,CAR,
1787973285212,4.38325357,3040,unnamed,,NO_POSE,UNKNOWN,0,0,0,0,0,0,0,0,1,0,0,0,0,,,,,,,,,,,,1.21804106,820.990417,0,,,0,4,301.540985,352.192291,38338,DEFAULT,ADAPTIVE,CAR,
1787973285213,4.3845439,3041,unnamed,,NO_POSE,UNKNOWN,0,0,0,0,0,0,0,0,1,0,0,0,0,,,,,,,,,,,,1.29050004,774.893433,0,,,0,4,301.543243,352.192291,38338,DEFAULT,ADAPTIVE,CAR,
1787973285214,4.38574123,3042,unnamed,,NO_POSE,UNKNOWN,0,0,0,0,0,0,0,0,1,0,0,0,0,,,,,,,,,,,,1.19725001,835.247437,0,,,0,4,301.544128,352.192291,38338,DEFAULT,ADAPTIVE,CAR,
1787973285215,4.38684368,3043,unnamed,,NO_POSE,UNKNOWN,0,0,0,0,0,0,0,0,1,0,0,0,0,,,,,,,,,,,,1.10249996,907.02948,0,,,0,4,301.545227,352.192291,38338,DEFAULT,ADAPTIVE,CAR,
1787973285219,4.39091635,3044,unnamed,,NO_POSE,UNKNOWN,0,0,0,0,0,0,0,0,1,0,0,0,0,,,,,,,,,,,,4.07270908,245.536819,0,,,0,4,301.547485,352.192291,38338,DEFAULT,ADAPTIVE,CAR,
1787973285221,4.39225292,3045,unnamed,,NO_POSE,UNKNOWN,0,0,0,0,0,0,0,0,1,0,0,0,0,,,,,,,,,,,,1.33654106,748.200012,0,,,0,4,301.547058,352.192291,38338,DEFAULT,ADAPTIVE,CAR,
1787973285222,4.39343834,3046,unnamed,,NO_POSE,UNKNOWN,0,0,0,0,0,0,0,0,1,0,0,0,0,,,,,,,,,,,,1.18525004,843.703857,0,,,0,4,301.548126,352.192291,38338,DEFAULT,ADAPTIVE,CAR,
1787973285223,4.39443207,3047,unnamed,,NO_POSE,UNKNOWN,0,0,0,0,0,0,0,0,1,0,0,0,0,,,,,,,,,,,,0.993667066,1006.37329,0,,,0,4,301.550415,352.192291,38338,DEFAULT,ADAPTIVE,CAR,
1787973285224,4.39543152,3048,unnamed,,NO_POSE,UNKNOWN,0,0,0,0,0,0,0,0,1,0,0,0,0,,,,,,,,,,,,0.999500036,1000.50018,0,,,0,4,301.55127,352.192291,38338,DEFAULT,ADAPTIVE,CAR,
1787973285227,4.39816999,3049,unnamed,,NO_POSE,UNKNOWN,0,0,0,0,0,0,0,0,1,0,0,0,0,,,,,,,,,,,,2.73866701,365.141144,0,,,0,4,301.552155,352.192291,38338,DEFAULT,ADAPTIVE,CAR,
1787973285228,4.3994441,3050,unnamed,,NO_POSE,UNKNOWN,0,0,0,0,0,0,0,0,1,0,0,0,0,,,,,,,,,,,,1.27374995,785.083435,0,,,0,4,301.553223,352.192291,38338,DEFAULT,ADAPTIVE,CAR,
1787973285229,4.40063763,3051,unnamed,,NO_POSE,UNKNOWN,0,0,0,0,0,0,0,0,1,0,0,0,0,,,,,,,,,,,,1.19366598,837.755249,0,,,0,4,301.555511,352.192291,38338,DEFAULT,ADAPTIVE,CAR,
1787973285230,4.40163755,3052,unnamed,,NO_POSE,UNKNOWN,0,0,0,0,0,0,0,0,1,0,0,0,0,,,,,,,,,,,,1.00004196,999.958069,0,,,0,4,301.55661,352.192291,38338,DEFAULT,ADAPTIVE,CAR,
1787973285231,4.40262651,3053,unnamed,,NO_POSE,UNKNOWN,0,0,0,0,0,0,0,0,1,0,0,0,0,,,,,,,,,,,,0.988792062,1011.33502,0,,,0,4,301.558868,352.192291,38338,DEFAULT,ADAPTIVE,CAR,
1787973285232,4.4037528,3054,unnamed,,NO_POSE,UNKNOWN,0,0,0,0,0,0,0,0,1,0,0,0,0,,,,,,,,,,,,1.12641597,887.771484,0,,,0,4,301.559753,352.192291,38338,DEFAULT,ADAPTIVE,CAR,
1787973285236,4.40771437,3055,unnamed,,NO_POSE,UNKNOWN,0,0,0,0,0,0,0,0,1,0,0,0,0,,,,,,,,,,,,3.96154213,252.426956,0,,,0,4,301.560822,352.192291,38338,DEFAULT,ADAPTIVE,CAR,
1787973285237,4.40895081,3056,unnamed,,NO_POSE,UNKNOWN,0,0,0,0,0,0,0,0,1,0,0,0,0,,,,,,,,,,,,1.23662496,808.652588,0,,,0,4,301.56311,352.192291,38338,DEFAULT,ADAPTIVE,CAR,
1787973285238,4.4100337,3057,unnamed,,NO_POSE,UNKNOWN,0,0,0,0,0,0,0,0,1,0,0,0,0,,,,,,,,,,,,1.08262503,923.680847,0,,,0,4,301.564178,352.192291,38338,DEFAULT,ADAPTIVE,CAR,
1787973285240,4.41123724,3058,unnamed,,NO_POSE,UNKNOWN,0,0,0,0,0,0,0,0,1,0,0,0,0,,,,,,,,,,,,1.20383298,830.679993,0,,,0,4,301.566467,352.192291,38338,DEFAULT,ADAPTIVE,CAR,
1787973285241,4.41235971,3059,unnamed,,NO_POSE,UNKNOWN,0,0,0,0,0,0,0,0,1,0,0,0,0,,,,,,,,,,,,1.12250006,890.86853,0,,,0,4,301.565582,352.192291,38338,DEFAULT,ADAPTIVE,CAR,
1787973285244,4.41524553,3060,unnamed,,NO_POSE,UNKNOWN,0,0,0,0,0,0,0,0,1,0,0,0,0,,,,,,,,,,,,2.88570905,346.535278,0,,,0,4,301.562469,352.192291,38338,DEFAULT,ADAPTIVE,CAR,
1787973285245,4.4166646,3061,unnamed,,NO_POSE,UNKNOWN,0,0,0,0,0,0,0,0,1,0,0,0,0,,,,,,,,,,,,1.419083,704.68042,0,,,0,4,301.563538,352.192291,38338,DEFAULT,ADAPTIVE,CAR,
1787973285246,4.4178381,3062,unnamed,,NO_POSE,UNKNOWN,0,0,0,0,0,0,0,0,1,0,0,0,0,,,,,,,,,,,,1.17354202,852.121216,0,,,0,4,301.565826,352.192291,38338,DEFAULT,ADAPTIVE,CAR,
1787973285247,4.41894245,3063,unnamed,,NO_POSE,UNKNOWN,0,0,0,0,0,0,0,0,1,0,0,0,0,,,,,,,,,,,,1.10429096,905.558472,0,,,0,4,301.566925,352.192291,38338,DEFAULT,ADAPTIVE,CAR,
1787973285249,4.42013788,3064,unnamed,,NO_POSE,UNKNOWN,0,0,0,0,0,0,0,0,1,0,0,0,0,,,,,,,,,,,,1.19541705,836.528137,0,,,0,4,301.569183,352.192291,38338,DEFAULT,ADAPTIVE,CAR,
1787973285253,4.4245491,3065,unnamed,,NO_POSE,UNKNOWN,0,0,0,0,0,0,0,0,1,0,0,0,0,,,,,,,,,,,,4.41099977,226.705978,0,,,0,4,301.570068,352.192291,38338,DEFAULT,ADAPTIVE,CAR,
1787973285254,4.42595482,3066,unnamed,,NO_POSE,UNKNOWN,0,0,0,0,0,0,0,0,1,0,0,0,0,,,,,,,,,,,,1.40575004,711.364014,0,,,0,4,301.571167,352.192291,38338,DEFAULT,ADAPTIVE,CAR,
1787973285256,4.42724037,3067,unnamed,,NO_POSE,UNKNOWN,0,0,0,0,0,0,0,0,1,0,0,0,0,,,,,,,,,,,,1.28587496,777.680603,0,,,0,4,301.573456,352.192291,38338,DEFAULT,ADAPTIVE,CAR,
1787973285257,4.42832708,3068,unnamed,,NO_POSE,UNKNOWN,0,0,0,0,0,0,0,0,1,0,0,0,0,,,,,,,,,,,,1.08662498,920.28064,0,,,0,4,301.572052,352.192291,38338,DEFAULT,ADAPTIVE,CAR,
1787973285258,4.42945194,3069,unnamed,,NO_POSE,UNKNOWN,0,0,0,0,0,0,0,0,1,0,0,0,0,,,,,,,,,,,,1.12491691,888.954529,0,,,0,4,301.56781,352.192291,38338,DEFAULT,ADAPTIVE,CAR,
1787973285260,4.43167162,3070,unnamed,,NO_POSE,UNKNOWN,0,0,0,0,0,0,0,0,1,0,0,0,0,,,,,,,,,,,,2.21933317,450.585815,0,,,0,4,301.570099,352.192291,38338,DEFAULT,ADAPTIVE,CAR,
1787973285261,4.43273401,3071,unnamed,,NO_POSE,UNKNOWN,0,0,0,0,0,0,0,0,1,0,0,0,0,,,,,,,,,,,,1.06266701,941.028564,0,,,0,4,301.570953,352.192291,38338,DEFAULT,ADAPTIVE,CAR,
1787973285262,4.43375921,3072,unnamed,,NO_POSE,UNKNOWN,0,0,0,0,0,0,0,0,1,0,0,0,0,,,,,,,,,,,,1.02508307,975.530762,0,,,0,4,301.571838,352.192291,38338,DEFAULT,ADAPTIVE,CAR,
1787973285263,4.43474388,3073,unnamed,,NO_POSE,UNKNOWN,0,0,0,0,0,0,0,0,1,0,0,0,0,,,,,,,,,,,,0.984875023,1015.35724,0,,,0,4,301.572693,352.192291,38338,DEFAULT,ADAPTIVE,CAR,
1787973285264,4.43573618,3074,unnamed,,NO_POSE,UNKNOWN,0,0,0,0,0,0,0,0,1,0,0,0,0,,,,,,,,,,,,0.992125034,1007.9375,0,,,0,4,301.573792,352.192291,38338,DEFAULT,ADAPTIVE,CAR,
1787973285265,4.43663406,3075,unnamed,,NO_POSE,UNKNOWN,0,0,0,0,0,0,0,0,1,0,0,0,0,,,,,,,,,,,,0.89783299,1113.79297,0,,,0,4,301.57608,352.192291,38338,DEFAULT,ADAPTIVE,CAR,
1787973285266,4.43764114,3076,unnamed,,NO_POSE,UNKNOWN,0,0,0,0,0,0,0,0,1,0,0,0,0,,,,,,,,,,,,1.00725007,992.802124,0,,,0,4,301.576935,352.192291,38338,DEFAULT,ADAPTIVE,CAR,
1787973285270,4.44109201,3077,unnamed,,NO_POSE,UNKNOWN,0,0,0,0,0,0,0,0,1,0,0,0,0,,,,,,,,,,,,3.4506669,289.799042,0,,,0,4,301.57782,352.192291,38338,DEFAULT,ADAPTIVE,CAR,
1787973285271,4.44236183,3078,unnamed,,NO_POSE,UNKNOWN,0,0,0,0,0,0,0,0,1,0,0,0,0,,,,,,,,,,,,1.27008307,787.350098,0,,,0,4,301.578888,352.192291,38338,DEFAULT,ADAPTIVE,CAR,
1787973285272,4.44344854,3079,unnamed,,NO_POSE,UNKNOWN,0,0,0,0,0,0,0,0,1,0,0,0,0,,,,,,,,,,,,1.08662498,920.28064,0,,,0,4,301.579834,352.192291,38338,DEFAULT,ADAPTIVE,CAR,
1787973285273,4.4444437,3080,unnamed,,NO_POSE,UNKNOWN,0,0,0,0,0,0,0,0,1,0,0,0,0,,,,,,,,,,,,0.995083928,1004.94037,0,,,0,4,301.576721,352.192291,38338,DEFAULT,ADAPTIVE,CAR,
1787973285274,4.44545698,3081,unnamed,,NO_POSE,UNKNOWN,0,0,0,0,0,0,0,0,1,0,0,0,0,,,,,,,,,,,,1.01345801,986.720703,0,,,0,4,301.577606,352.192291,38338,DEFAULT,ADAPTIVE,CAR,
1787973285277,4.44816113,3082,unnamed,,NO_POSE,UNKNOWN,0,0,0,0,0,0,0,0,1,0,0,0,0,,,,,,,,,,,,2.70404196,369.816742,0,,,0,4,301.578461,352.192291,38338,DEFAULT,ADAPTIVE,CAR,
1787973285278,4.44934893,3083,unnamed,,NO_POSE,UNKNOWN,0,0,0,0,0,0,0,0,1,0,0,0,0,,,,,,,,,,,,1.18766594,841.98761,0,,,0,4,301.579559,352.192291,38338,DEFAULT,ADAPTIVE,CAR,
1787973285279,4.45034552,3084,unnamed,,NO_POSE,UNKNOWN,0,0,0,0,0,0,0,0,1,0,0,0,0,,,,,,,,,,,,0.996417046,1003.59589,0,,,0,4,301.581848,352.192291,38338,DEFAULT,ADAPTIVE,CAR,
1787973285280,4.45144987,3085,unnamed,,NO_POSE,UNKNOWN,0,0,0,0,0,0,0,0,1,0,0,0,0,,,,,,,,,,,,1.10441697,905.455078,0,,,0,4,301.582733,352.192291,38338,DEFAULT,ADAPTIVE,CAR,
1787973285281,4.45243931,3086,unnamed,,NO_POSE,UNKNOWN,0,0,0,0,0,0,0,0,1,0,0,0,0,,,,,,,,,,,,0.989665985,1010.44196,0,,,0,4,301.583588,352.192291,38338,DEFAULT,ADAPTIVE,CAR,
1787973285282,4.45344353,3087,unnamed,,NO_POSE,UNKNOWN,0,0,0,0,0,0,0,0,1,0,0,0,0,,,,,,,,,,,,1.00429201,995.726318,0,,,0,4,301.584473,352.192291,38338,DEFAULT,ADAPTIVE,CAR,
1787973285283,4.45445538,3088,unnamed,,NO_POSE,UNKNOWN,0,0,0,0,0,0,0,0,1,0,0,0,0,,,,,,,,,,,,1.01162505,988.508545,0,,,0,4,301.585327,352.192291,38338,DEFAULT,ADAPTIVE,CAR,
1787973285286,4.45788336,3089,unnamed,,NO_POSE,UNKNOWN,0,0,0,0,0,0,0,0,1,0,0,0,0,,,,,,,,,,,,3.42804193,291.711731,0,,,0,4,301.586212,352.192291,38338,DEFAULT,ADAPTIVE,CAR,
1787973285288,4.45915651,3090,unnamed,,NO_POSE,UNKNOWN,0,0,0,0,0,0,0,0,1,0,0,0,0,,,,,,,,,,,,1.27324998,785.391724,0,,,0,4,301.453094,352.192291,38338,DEFAULT,ADAPTIVE,CAR,
1787973285289,4.46024323,3091,unnamed,,NO_POSE,UNKNOWN,0,0,0,0,0,0,0,0,1,0,0,0,0,,,,,,,,,,,,1.08658302,920.316223,0,,,0,4,301.44873,352.192291,38338,DEFAULT,ADAPTIVE,CAR,
1787973285290,4.46123886,3092,unnamed,,NO_POSE,UNKNOWN,0,0,0,0,0,0,0,0,1,0,0,0,0,,,,,,,,,,,,0.995500028,1004.52032,0,,,0,4,301.449615,352.192291,38338,DEFAULT,ADAPTIVE,CAR,
1787973285291,4.46224546,3093,unnamed,,NO_POSE,UNKNOWN,0,0,0,0,0,0,0,0,1,0,0,0,0,,,,,,,,,,,,1.00683308,993.213318,0,,,0,4,301.4505,352.192291,38338,DEFAULT,ADAPTIVE,CAR,
1787973285293,4.4647913,3094,unnamed,,NO_POSE,UNKNOWN,0,0,0,0,0,0,0,0,1,0,0,0,0,,,,,,,,,,,,2.545542,392.843628,0,,,0,4,301.451416,352.192291,38338,DEFAULT,ADAPTIVE,CAR,
1787973285294,4.46584177,3095,unnamed,,NO_POSE,UNKNOWN,0,0,0,0,0,0,0,0,1,0,0,0,0,,,,,,,,,,,,1.05091691,951.549988,0,,,0,4,301.452271,352.192291,38338,DEFAULT,ADAPTIVE,CAR,
1787973285295,4.46685743,3096,unnamed,,NO_POSE,UNKNOWN,0,0,0,0,0,0,0,0,1,0,0,0,0,,,,,,,,,,,,1.01554108,984.696777,0,,,0,4,301.453369,352.192291,38338,DEFAULT,ADAPTIVE,CAR,
1787973285296,4.46796131,3097,unnamed,,NO_POSE,UNKNOWN,0,0,0,0,0,0,0,0,1,0,0,0,0,,,,,,,,,,,,1.10387504,905.899658,0,,,0,4,301.455627,352.192291,38338,DEFAULT,ADAPTIVE,CAR,
1787973285297,4.46895123,3098,unnamed,,NO_POSE,UNKNOWN,0,0,0,0,0,0,0,0,1,0,0,0,0,,,,,,,,,,,,0.989666998,1010.44086,0,,,0,4,301.456512,352.192291,38338,DEFAULT,ADAPTIVE,CAR,
1787973285298,4.47004747,3099,unnamed,,NO_POSE,UNKNOWN,0,0,0,0,0,0,0,0,1,0,0,0,0,,,,,,,,,,,,1.09641695,912.061768,0,,,0,4,301.457367,352.192291,38338,DEFAULT,ADAPTIVE,CAR,
1787973285300,4.47132206,3100,unnamed,,NO_POSE,UNKNOWN,0,0,0,0,0,0,0,0,1,0,0,0,0,,,,,,,,,,,,1.27441597,784.673157,0,,,0,4,301.458252,352.192291,38338,DEFAULT,ADAPTIVE,CAR,
1787973285303,4.47467518,3101,unnamed,,NO_POSE,UNKNOWN,0,0,0,0,0,0,0,0,1,0,0,0,0,,,,,,,,,,,,3.35312486,298.229279,0,,,0,4,301.459106,352.192291,38338,DEFAULT,ADAPTIVE,CAR,
1787973285304,4.47593927,3102,unnamed,,NO_POSE,UNKNOWN,0,0,0,0,0,0,0,0,1,0,0,0,0,,,,,,,,,,,,1.26420903,791.008423,0,,,0,4,301.459991,352.192291,38338,DEFAULT,ADAPTIVE,CAR,
1787973285305,4.47703505,3103,unnamed,,NO_POSE,UNKNOWN,0,0,0,0,0,0,0,0,1,0,0,0,0,,,,,,,,,,,,1.09562504,912.721069,0,,,0,4,301.460846,352.192291,38338,DEFAULT,ADAPTIVE,CAR,
1787973285306,4.47804403,3104,unnamed,,NO_POSE,UNKNOWN,0,0,0,0,0,0,0,0,1,0,0,0,0,,,,,,,,,,,,1.00895798,991.121582,0,,,0,4,301.461945,352.192291,38338,DEFAULT,ADAPTIVE,CAR,
1787973285307,4.47903872,3105,unnamed,,NO_POSE,UNKNOWN,0,0,0,0,0,0,0,0,1,0,0,0,0,,,,,,,,,,,,0.994832933,1005.19391,0,,,0,4,301.367676,352.192291,38338,DEFAULT,ADAPTIVE,CAR,
1787973285310,4.48158693,3106,unnamed,,NO_POSE,UNKNOWN,0,0,0,0,0,0,0,0,1,0,0,0,0,,,,,,,,,,,,2.54820895,392.432495,0,,,0,4,301.36853,352.192291,38338,DEFAULT,ADAPTIVE,CAR,
1787973285311,4.48273373,3107,unnamed,,NO_POSE,UNKNOWN,0,0,0,0,0,0,0,0,1,0,0,0,0,,,,,,,,,,,,1.14708304,871.776489,0,,,0,4,301.369415,352.192291,38338,DEFAULT,ADAPTIVE,CAR,
1787973285312,4.4838376,3108,unnamed,,NO_POSE,UNKNOWN,0,0,0,0,0,0,0,0,1,0,0,0,0,,,,,,,,,,,,1.10350001,906.20752,0,,,0,4,301.37027,352.192291,38338,DEFAULT,ADAPTIVE,CAR,
1787973285313,4.48493528,3109,unnamed,,NO_POSE,UNKNOWN,0,0,0,0,0,0,0,0,1,0,0,0,0,,,,,,,,,,,,1.09783304,910.885315,0,,,0,4,301.371155,352.192291,38338,DEFAULT,ADAPTIVE,CAR,
1787973285314,4.48603773,3110,unnamed,,NO_POSE,UNKNOWN,0,0,0,0,0,0,0,0,1,0,0,0,0,,,,,,,,,,,,1.10241699,907.097778,0,,,0,4,301.372009,352.192291,38338,DEFAULT,ADAPTIVE,CAR,
1787973285315,4.4870429,3111,unnamed,,NO_POSE,UNKNOWN,0,0,0,0,0,0,0,0,1,0,0,0,0,,,,,,,,,,,,1.00512505,994.901123,0,,,0,4,301.372894,352.192291,38338,DEFAULT,ADAPTIVE,CAR,
1787973285319,4.49098301,3112,unnamed,,NO_POSE,UNKNOWN,0,0,0,0,0,0,0,0,1,0,0,0,0,,,,,,,,,,,,3.94037509,253.782944,0,,,0,4,301.373749,352.192291,38338,DEFAULT,ADAPTIVE,CAR,
1787973285321,4.49215889,3113,unnamed,,NO_POSE,UNKNOWN,0,0,0,0,0,0,0,0,1,0,0,0,0,,,,,,,,,,,,1.17562497,850.611389,0,,,0,4,301.374847,352.192291,38338,DEFAULT,ADAPTIVE,CAR,
1787973285322,4.49333811,3114,unnamed,,NO_POSE,UNKNOWN,0,0,0,0,0,0,0,0,1,0,0,0,0,,,,,,,,,,,,1.17941701,847.876526,0,,,0,4,301.377106,352.192291,38338,DEFAULT,ADAPTIVE,CAR,
1787973285323,4.49432945,3115,unnamed,,NO_POSE,UNKNOWN,0,0,0,0,0,0,0,0,1,0,0,0,0,,,,,,,,,,,,0.991250038,1008.82721,0,,,0,4,301.376801,352.192291,38338,DEFAULT,ADAPTIVE,CAR,
1787973285324,4.49547291,3116,unnamed,,NO_POSE,UNKNOWN,0,0,0,0,0,0,0,0,1,0,0,0,0,,,,,,,,,,,,1.14362502,874.412476,0,,,0,4,301.372375,352.192291,38338,DEFAULT,ADAPTIVE,CAR,
1787973285327,4.49822044,3117,unnamed,,NO_POSE,UNKNOWN,0,0,0,0,0,0,0,0,1,0,0,0,0,,,,,,,,,,,,2.74729109,363.994934,0,,,0,4,301.37323,352.192291,38338,DEFAULT,ADAPTIVE,CAR,
1787973285328,4.49944925,3118,unnamed,,NO_POSE,UNKNOWN,0,0,0,0,0,0,0,0,1,0,0,0,0,,,,,,,,,,,,1.22862494,813.91803,0,,,0,4,301.374115,352.192291,38338,DEFAULT,ADAPTIVE,CAR,
1787973285329,4.50064182,3119,unnamed,,NO_POSE,UNKNOWN,0,0,0,0,0,0,0,0,1,0,0,0,0,,,,,,,,,,,,1.19287503,838.310852,0,,,0,4,301.374969,352.192291,38338,DEFAULT,ADAPTIVE,CAR,
1787973285330,4.50175476,3120,unnamed,,NO_POSE,UNKNOWN,0,0,0,0,0,0,0,0,1,0,0,0,0,,,,,,,,,,,,1.11295903,898.505676,0,,,0,4,301.375854,352.192291,38338,DEFAULT,ADAPTIVE,CAR,
1787973285332,4.50315428,3121,unnamed,,NO_POSE,UNKNOWN,0,0,0,0,0,0,0,0,1,0,0,0,0,,,,,,,,,,,,1.39949989,714.540955,0,,,0,4,301.377533,352.192291,38338,DEFAULT,ADAPTIVE,CAR,
1787973285333,4.50445747,3122,unnamed,,NO_POSE,UNKNOWN,0,0,0,0,0,0,0,0,1,0,0,0,0,,,,,,,,,,,,1.30324996,767.3125,0,,,0,4,301.378387,352.192291,38338,DEFAULT,ADAPTIVE,CAR,
1787973285337,4.50807476,3123,unnamed,,NO_POSE,UNKNOWN,0,0,0,0,0,0,0,0,1,0,0,0,0,,,,,,,,,,,,3.61712503,276.462646,0,,,0,4,301.379272,352.192291,38338,DEFAULT,ADAPTIVE,CAR,
1787973285338,4.50956249,3124,unnamed,,NO_POSE,UNKNOWN,0,0,0,0,0,0,0,0,1,0,0,0,0,,,,,,,,,,,,1.48787498,672.099487,0,,,0,4,301.379242,352.192291,38338,DEFAULT,ADAPTIVE,CAR,
1787973285339,4.51084566,3125,unnamed,,NO_POSE,UNKNOWN,0,0,0,0,0,0,0,0,1,0,0,0,0,,,,,,,,,,,,1.283041,779.398315,0,,,0,4,301.376343,352.192291,38338,DEFAULT,ADAPTIVE,CAR,
1787973285341,4.51205349,3126,unnamed,,NO_POSE,UNKNOWN,0,0,0,0,0,0,0,0,1,0,0,0,0,,,,,,,,,,,,1.20795906,827.842651,0,,,0,4,301.378632,352.192291,38338,DEFAULT,ADAPTIVE,CAR,
1787973285344,4.51518059,3127,unnamed,,NO_POSE,UNKNOWN,0,0,0,0,0,0,0,0,1,0,0,0,0,,,,,,,,,,,,3.12687492,319.808105,0,,,0,4,301.379486,352.192291,38338,DEFAULT,ADAPTIVE,CAR,
1787973285345,4.51654196,3128,unnamed,,NO_POSE,UNKNOWN,0,0,0,0,0,0,0,0,1,0,0,0,0,,,,,,,,,,,,1.36158299,734.43927,0,,,0,4,301.380371,352.192291,38338,DEFAULT,ADAPTIVE,CAR,
1787973285346,4.517869,3129,unnamed,,NO_POSE,UNKNOWN,0,0,0,0,0,0,0,0,1,0,0,0,0,,,,,,,,,,,,1.32708299,753.53241,0,,,0,4,301.381226,352.192291,38338,DEFAULT,ADAPTIVE,CAR,
1787973285348,4.5191431,3130,unnamed,,NO_POSE,UNKNOWN,0,0,0,0,0,0,0,0,1,0,0,0,0,,,,,,,,,,,,1.27379203,785.057556,0,,,0,4,301.382111,352.192291,38338,DEFAULT,ADAPTIVE,CAR,
1787973285349,4.52033615,3131,unnamed,,NO_POSE,UNKNOWN,0,0,0,0,0,0,0,0,1,0,0,0,0,,,,,,,,,,,,1.19333291,837.989075,0,,,0,4,301.382965,352.192291,38338,DEFAULT,ADAPTIVE,CAR,
1787973285353,4.52425575,3132,unnamed,,NO_POSE,UNKNOWN,0,0,0,0,0,0,0,0,1,0,0,0,0,,,,,,,,,,,,3.91962528,255.126434,0,,,0,4,301.38385,352.192291,38338,DEFAULT,ADAPTIVE,CAR,
1787973285354,4.52564955,3133,unnamed,,NO_POSE,UNKNOWN,0,0,0,0,0,0,0,0,1,0,0,0,0,,,,,,,,,,,,1.39345908,717.638611,0,,,0,4,301.383881,352.192291,38338,DEFAULT,ADAPTIVE,CAR,
1787973285355,4.52684164,3134,unnamed,,NO_POSE,UNKNOWN,0,0,0,0,0,0,0,0,1,0,0,0,0,,,,,,,,,,,,1.19229102,838.721375,0,,,0,4,301.380768,352.192291,38338,DEFAULT,ADAPTIVE,CAR,
1787973285356,4.52792835,3135,unnamed,,NO_POSE,UNKNOWN,0,0,0,0,0,0,0,0,1,0,0,0,0,,,,,,,,,,,,1.08683395,920.103699,0,,,0,4,301.381622,352.192291,38338,DEFAULT,ADAPTIVE,CAR,
1787973285358,4.52905178,3136,unnamed,,NO_POSE,UNKNOWN,0,0,0,0,0,0,0,0,1,0,0,0,0,,,,,,,,,,,,1.12350011,890.075623,0,,,0,4,301.382507,352.192291,38338,DEFAULT,ADAPTIVE,CAR,
1787973285360,4.53176212,3137,unnamed,,NO_POSE,UNKNOWN,0,0,0,0,0,0,0,0,1,0,0,0,0,,,,,,,,,,,,2.71008301,368.992371,0,,,0,4,301.383392,352.192291,38338,DEFAULT,ADAPTIVE,CAR,
1787973285361,4.53293848,3138,unnamed,,NO_POSE,UNKNOWN,0,0,0,0,0,0,0,0,1,0,0,0,0,,,,,,,,,,,,1.17633307,850.099365,0,,,0,4,301.384277,352.192291,38338,DEFAULT,ADAPTIVE,CAR,
1787973285363,4.53413582,3139,unnamed,,NO_POSE,UNKNOWN,0,0,0,0,0,0,0,0,1,0,0,0,0,,,,,,,,,,,,1.19725001,835.247437,0,,,0,4,301.385132,352.192291,38338,DEFAULT,ADAPTIVE,CAR,
1787973285364,4.53514004,3140,unnamed,,NO_POSE,UNKNOWN,0,0,0,0,0,0,0,0,1,0,0,0,0,,,,,,,,,,,,1.00420904,995.808594,0,,,0,4,301.386017,352.192291,38338,DEFAULT,ADAPTIVE,CAR,
1787973285365,4.5361371,3141,unnamed,,NO_POSE,UNKNOWN,0,0,0,0,0,0,0,0,1,0,0,0,0,,,,,,,,,,,,0.997000039,1003.00897,0,,,0,4,301.386871,352.192291,38338,DEFAULT,ADAPTIVE,CAR,
1787973285366,4.53723335,3142,unnamed,,NO_POSE,UNKNOWN,0,0,0,0,0,0,0,0,1,0,0,0,0,,,,,,,,,,,,1.09649992,911.992737,0,,,0,4,301.387756,352.192291,38338,DEFAULT,ADAPTIVE,CAR,
1787973285370,4.54109097,3143,unnamed,,NO_POSE,UNKNOWN,0,0,0,0,0,0,0,0,1,0,0,0,0,,,,,,,,,,,,3.85749984,259.23526,0,,,0,4,301.388672,352.192291,38338,DEFAULT,ADAPTIVE,CAR,
1787973285371,4.5423522,3144,unnamed,,NO_POSE,UNKNOWN,0,0,0,0,0,0,0,0,1,0,0,0,0,,,,,,,,,,,,1.26116598,792.917053,0,,,0,4,301.389557,352.192291,38338,DEFAULT,ADAPTIVE,CAR,
1787973285372,4.54343557,3145,unnamed,,NO_POSE,UNKNOWN,0,0,0,0,0,0,0,0,1,0,0,0,0,,,,,,,,,,,,1.08350003,922.934937,0,,,0,4,301.390442,352.192291,38338,DEFAULT,ADAPTIVE,CAR,
1787973285373,4.54453135,3146,unnamed,,NO_POSE,UNKNOWN,0,0,0,0,0,0,0,0,1,0,0,0,0,,,,,,,,,,,,1.09591699,912.477905,0,,,0,4,301.39093,352.192291,38338,DEFAULT,ADAPTIVE,CAR,
1787973285374,4.5456624,3147,unnamed,,NO_POSE,UNKNOWN,0,0,0,0,0,0,0,0,1,0,0,0,0,,,,,,,,,,,,1.13091695,884.23822,0,,,0,4,301.390564,352.192291,38338,DEFAULT,ADAPTIVE,CAR,
1787973285377,4.54847813,3148,unnamed,,NO_POSE,UNKNOWN,0,0,0,0,0,0,0,0,1,0,0,0,0,,,,,,,,,,,,2.81566596,355.155762,0,,,0,4,301.391449,352.192291,38338,DEFAULT,ADAPTIVE,CAR,
1787973285378,4.55002356,3149,unnamed,,NO_POSE,UNKNOWN,0,0,0,0,0,0,0,0,1,0,0,0,0,,,,,,,,,,,,1.54529202,647.126892,0,,,0,4,301.392334,352.192291,38338,DEFAULT,ADAPTIVE,CAR,
1787973285380,4.55124903,3150,unnamed,,NO_POSE,UNKNOWN,0,0,0,0,0,0,0,0,1,0,0,0,0,,,,,,,,,,,,1.22549999,815.993469,0,,,0,4,301.393188,352.192291,38338,DEFAULT,ADAPTIVE,CAR,
1787973285381,4.55255222,3151,unnamed,,NO_POSE,UNKNOWN,0,0,0,0,0,0,0,0,1,0,0,0,0,,,,,,,,,,,,1.30345798,767.190063,0,,,0,4,301.394104,352.192291,38338,DEFAULT,ADAPTIVE,CAR,
1787973285382,4.55363703,3152,unnamed,,NO_POSE,UNKNOWN,0,0,0,0,0,0,0,0,1,0,0,0,0,,,,,,,,,,,,1.08483398,921.800049,0,,,0,4,301.39502,352.192291,38338,DEFAULT,ADAPTIVE,CAR,
1787973285386,4.55754328,3153,unnamed,,NO_POSE,UNKNOWN,0,0,0,0,0,0,0,0,1,0,0,0,0,,,,,,,,,,,,3.9059999,256.016388,0,,,0,4,301.395874,352.192291,38338,DEFAULT,ADAPTIVE,CAR,
1787973285387,4.55874205,3154,unnamed,,NO_POSE,UNKNOWN,0,0,0,0,0,0,0,0,1,0,0,0,0,,,,,,,,,,,,1.19883299,834.144531,0,,,0,4,301.396759,352.192291,38338,DEFAULT,ADAPTIVE,CAR,
1787973285388,4.55984402,3155,unnamed,,NO_POSE,UNKNOWN,0,0,0,0,0,0,0,0,1,0,0,0,0,,,,,,,,,,,,1.10220802,907.269714,0,,,0,4,301.397675,352.192291,38338,DEFAULT,ADAPTIVE,CAR,
1787973285389,4.56083822,3156,unnamed,,NO_POSE,UNKNOWN,0,0,0,0,0,0,0,0,1,0,0,0,0,,,,,,,,,,,,0.993834019,1006.20428,0,,,0,4,301.397949,352.192291,38338,DEFAULT,ADAPTIVE,CAR,
1787973285390,4.56184626,3157,unnamed,,NO_POSE,UNKNOWN,0,0,0,0,0,0,0,0,1,0,0,0,0,,,,,,,,,,,,1.00841594,991.654297,0,,,0,4,301.396149,352.192291,38338,DEFAULT,ADAPTIVE,CAR,
1787973285393,4.56467581,3158,unnamed,,NO_POSE,UNKNOWN,0,0,0,0,0,0,0,0,1,0,0,0,0,,,,,,,,,,,,2.82958412,353.408844,0,,,0,4,301.397034,352.192291,38338,DEFAULT,ADAPTIVE,CAR,
1787973285394,4.56574249,3159,unnamed,,NO_POSE,UNKNOWN,0,0,0,0,0,0,0,0,1,0,0,0,0,,,,,,,,,,,,1.06641603,937.720337,0,,,0,4,301.397888,352.192291,38338,DEFAULT,ADAPTIVE,CAR,
1787973285395,4.56674385,3160,unnamed,,NO_POSE,UNKNOWN,0,0,0,0,0,0,0,0,1,0,0,0,0,,,,,,,,,,,,1.00149989,998.502319,0,,,0,4,301.398773,352.192291,38338,DEFAULT,ADAPTIVE,CAR,
1787973285396,4.56775761,3161,unnamed,,NO_POSE,UNKNOWN,0,0,0,0,0,0,0,0,1,0,0,0,0,,,,,,,,,,,,1.01354194,986.638977,0,,,0,4,301.399628,352.192291,38338,DEFAULT,ADAPTIVE,CAR,
1787973285397,4.56884384,3162,unnamed,,NO_POSE,UNKNOWN,0,0,0,0,0,0,0,0,1,0,0,0,0,,,,,,,,,,,,1.08616698,920.668762,0,,,0,4,301.400513,352.192291,38338,DEFAULT,ADAPTIVE,CAR,
1787973285398,4.56984186,3163,unnamed,,NO_POSE,UNKNOWN,0,0,0,0,0,0,0,0,1,0,0,0,0,,,,,,,,,,,,0.998000026,1002.00397,0,,,0,4,301.401367,352.192291,38338,DEFAULT,ADAPTIVE,CAR,
1787973285399,4.57083607,3164,unnamed,,NO_POSE,UNKNOWN,0,0,0,0,0,0,0,0,1,0,0,0,0,,,,,,,,,,,,0.994415939,1005.61542,0,,,0,4,301.402252,352.192291,38338,DEFAULT,ADAPTIVE,CAR,
1787973285403,4.57429934,3165,unnamed,,NO_POSE,UNKNOWN,0,0,0,0,0,0,0,0,1,0,0,0,0,,,,,,,,,,,,3.46350002,288.725281,0,,,0,4,301.403107,352.192291,38338,DEFAULT,ADAPTIVE,CAR,
1787973285404,4.57555246,3166,unnamed,,NO_POSE,UNKNOWN,0,0,0,0,0,0,0,0,1,0,0,0,0,,,,,,,,,,,,1.252792,798.217102,0,,,0,4,301.403992,352.192291,38338,DEFAULT,ADAPTIVE,CAR,
1787973285406,4.5773654,3167,unnamed,,NO_POSE,UNKNOWN,0,0,0,0,0,0,0,0,1,0,0,0,0,,,,,,,,,,,,1.81308293,551.546753,0,,,0,4,301.630249,352.192291,38338,DEFAULT,ADAPTIVE,CAR,
1787973285407,4.57855606,3168,unnamed,,NO_POSE,UNKNOWN,0,0,0,0,0,0,0,0,1,0,0,0,0,,,,,,,,,,,,1.19050002,839.983215,0,,,0,4,301.629791,352.192291,38338,DEFAULT,ADAPTIVE,CAR,
1787973285410,4.5817132,3169,unnamed,,NO_POSE,UNKNOWN,0,0,0,0,0,0,0,0,1,0,0,0,0,,,,,,,,,,,,3.15750003,316.706268,0,,,0,4,301.630646,352.192291,38338,DEFAULT,ADAPTIVE,CAR,
1787973285412,4.58312654,3170,unnamed,,NO_POSE,UNKNOWN,0,0,0,0,0,0,0,0,1,0,0,0,0,,,,,,,,,,,,1.41295898,707.734619,0,,,0,4,301.631958,352.192291,38338,DEFAULT,ADAPTIVE,CAR,
1787973285413,4.58434629,3171,unnamed,,NO_POSE,UNKNOWN,0,0,0,0,0,0,0,0,1,0,0,0,0,,,,,,,,,,,,1.220083,819.616394,0,,,0,4,301.632813,352.192291,38338,DEFAULT,ADAPTIVE,CAR,
1787973285414,4.58543444,3172,unnamed,,NO_POSE,UNKNOWN,0,0,0,0,0,0,0,0,1,0,0,0,0,,,,,,,,,,,,1.08787501,919.223267,0,,,0,4,301.633698,352.192291,38338,DEFAULT,ADAPTIVE,CAR,
1787973285415,4.58643627,3173,unnamed,,NO_POSE,UNKNOWN,0,0,0,0,0,0,0,0,1,0,0,0,0,,,,,,,,,,,,1.00191689,998.086731,0,,,0,4,301.634552,352.192291,38338,DEFAULT,ADAPTIVE,CAR,
1787973285416,4.58754587,3174,unnamed,,NO_POSE,UNKNOWN,0,0,0,0,0,0,0,0,1,0,0,0,0,,,,,,,,,,,,1.10941601,901.375122,0,,,0,4,301.635437,352.192291,38338,DEFAULT,ADAPTIVE,CAR,
1787973285420,4.59174013,3175,unnamed,,NO_POSE,UNKNOWN,0,0,0,0,0,0,0,0,1,0,0,0,0,,,,,,,,,,,,4.19454193,238.40506,0,,,0,4,301.636292,352.192291,38338,DEFAULT,ADAPTIVE,CAR,
1787973285422,4.59311104,3176,unnamed,,NO_POSE,UNKNOWN,0,0,0,0,0,0,0,0,1,0,0,0,0,,,,,,,,,,,,1.37083304,729.483459,0,,,0,4,301.637604,352.192291,38338,DEFAULT,ADAPTIVE,CAR,
1787973285423,4.59424067,3177,unnamed,,NO_POSE,UNKNOWN,0,0,0,0,0,0,0,0,1,0,0,0,0,,,,,,,,,,,,1.12962496,885.249512,0,,,0,4,301.638489,352.192291,38338,DEFAULT,ADAPTIVE,CAR,
1787973285424,4.59523106,3178,unnamed,,NO_POSE,UNKNOWN,0,0,0,0,0,0,0,0,1,0,0,0,0,,,,,,,,,,,,0.990541995,1009.54828,0,,,0,4,301.639343,352.192291,38338,DEFAULT,ADAPTIVE,CAR,
1787973285427,4.59850693,3179,unnamed,,NO_POSE,UNKNOWN,0,0,0,0,0,0,0,0,1,0,0,0,0,,,,,,,,,,,,3.27558303,305.289154,0,,,0,4,301.640228,352.192291,38338,DEFAULT,ADAPTIVE,CAR,
1787973285428,4.59979486,3180,unnamed,,NO_POSE,UNKNOWN,0,0,0,0,0,0,0,0,1,0,0,0,0,,,,,,,,,,,,1.28787506,776.4729,0,,,0,4,301.64151,352.192291,38338,DEFAULT,ADAPTIVE,CAR,
1787973285429,4.60093546,3181,unnamed,,NO_POSE,UNKNOWN,0,0,0,0,0,0,0,0,1,0,0,0,0,,,,,,,,,,,,1.14099991,876.424194,0,,,0,4,301.642303,352.192291,38338,DEFAULT,ADAPTIVE,CAR,
1787973285430,4.60194635,3182,unnamed,,NO_POSE,UNKNOWN,0,0,0,0,0,0,0,0,1,0,0,0,0,,,,,,,,,,,,1.01045907,989.649231,0,,,0,4,301.643158,352.192291,38338,DEFAULT,ADAPTIVE,CAR,
1787973285431,4.60303688,3183,unnamed,,NO_POSE,UNKNOWN,0,0,0,0,0,0,0,0,1,0,0,0,0,,,,,,,,,,,,1.09058309,916.940735,0,,,0,4,301.644043,352.192291,38338,DEFAULT,ADAPTIVE,CAR,
1787973285433,4.60413742,3184,unnamed,,NO_POSE,UNKNOWN,0,0,0,0,0,0,0,0,1,0,0,0,0,,,,,,,,,,,,1.10054207,908.643188,0,,,0,4,301.644897,352.192291,38338,DEFAULT,ADAPTIVE,CAR,
1787973285437,4.60817862,3185,unnamed,,NO_POSE,UNKNOWN,0,0,0,0,0,0,0,0,1,0,0,0,0,,,,,,,,,,,,4.04150009,247.432892,0,,,0,4,301.645782,352.192291,38338,DEFAULT,ADAPTIVE,CAR,
1787973285438,4.60939598,3186,unnamed,,NO_POSE,UNKNOWN,0,0,0,0,0,0,0,0,1,0,0,0,0,,,,,,,,,,,,1.21724999,821.523926,0,,,0,4,301.647095,352.192291,38338,DEFAULT,ADAPTIVE,CAR,
1787973285439,4.61054325,3187,unnamed,,NO_POSE,UNKNOWN,0,0,0,0,0,0,0,0,1,0,0,0,0,,,,,,,,,,,,1.14724994,871.649658,0,,,0,4,301.647949,352.192291,38338,DEFAULT,ADAPTIVE,CAR,
1787973285440,4.61164427,3188,unnamed,,NO_POSE,UNKNOWN,0,0,0,0,0,0,0,0,1,0,0,0,0,,,,,,,,,,,,1.10087502,908.368347,0,,,0,4,301.648529,352.192291,38338,DEFAULT,ADAPTIVE,CAR,
1787973285441,4.6129508,3189,unnamed,,NO_POSE,UNKNOWN,0,0,0,0,0,0,0,0,1,0,0,0,0,,,,,,,,,,,,1.30650008,765.403748,0,,,0,4,301.648102,352.192291,38338,DEFAULT,ADAPTIVE,CAR,
1787973285444,4.61574507,3190,unnamed,,NO_POSE,UNKNOWN,0,0,0,0,0,0,0,0,1,0,0,0,0,,,,,,,,,,,,2.79437494,357.861786,0,,,0,4,301.649841,352.192291,38338,DEFAULT,ADAPTIVE,CAR,
1787973285445,4.61653614,3191,unnamed,,NO_POSE,UNKNOWN,0,0,0,0,0,0,0,0,1,0,0,0,0,,,,,,,,,,,,0.791290998,1263.75757,0,,,0,4,301.651733,352.192291,38338,DEFAULT,ADAPTIVE,CAR,
1787973285446,4.61723566,3192,unnamed,,NO_POSE,UNKNOWN,0,0,0,0,0,0,0,0,1,0,0,0,0,,,,,,,,,,,,0.699208975,1430.1875,0,,,0,4,301.652618,352.192291,38338,DEFAULT,ADAPTIVE,CAR,
1787973285446,4.61793423,3193,unnamed,,NO_POSE,UNKNOWN,0,0,0,0,0,0,0,0,1,0,0,0,0,,,,,,,,,,,,0.69887501,1430.87109,0,,,0,4,301.653473,352.192291,38338,DEFAULT,ADAPTIVE,CAR,
1787973285447,4.61853266,3194,unnamed,,NO_POSE,UNKNOWN,0,0,0,0,0,0,0,0,1,0,0,0,0,,,,,,,,,,,,0.598457992,1670.96106,0,,,0,4,301.654358,352.192291,38338,DEFAULT,ADAPTIVE,CAR,
1787973285448,4.61912489,3195,unnamed,,NO_POSE,UNKNOWN,0,0,0,0,0,0,0,0,1,0,0,0,0,,,,,,,,,,,,0.592124999,1688.83264,0,,,0,4,301.655212,352.192291,38338,DEFAULT,ADAPTIVE,CAR,
1787973285448,4.61972761,3196,unnamed,,NO_POSE,UNKNOWN,0,0,0,0,0,0,0,0,1,0,0,0,0,,,,,,,,,,,,0.602666974,1659.29114,0,,,0,4,301.656097,352.192291,38338,DEFAULT,ADAPTIVE,CAR,
1787973285449,4.62032843,3197,unnamed,,NO_POSE,UNKNOWN,0,0,0,0,0,0,0,0,1,0,0,0,0,,,,,,,,,,,,0.600708008,1664.70227,0,,,0,4,301.656952,352.192291,38338,DEFAULT,ADAPTIVE,CAR,
1787973285449,4.62103987,3198,unnamed,,NO_POSE,UNKNOWN,0,0,0,0,0,0,0,0,1,0,0,0,0,,,,,,,,,,,,0.711417019,1405.64539,0,,,0,4,301.657837,352.192291,38338,DEFAULT,ADAPTIVE,CAR,
1787973285450,4.62173414,3199,unnamed,,NO_POSE,UNKNOWN,0,0,0,0,0,0,0,0,1,0,0,0,0,,,,,,,,,,,,0.694582999,1439.71277,0,,,0,4,301.658691,352.192291,38338,DEFAULT,ADAPTIVE,CAR,
1787973285451,4.62244129,3200,unnamed,,NO_POSE,UNKNOWN,0,0,0,0,0,0,0,0,1,0,0,0,0,,,,,,,,,,,,0.707000017,1414.42712,0,,,0,4,301.659576,352.192291,38338,DEFAULT,ADAPTIVE,CAR,
1787973285452,4.62315893,3201,unnamed,,NO_POSE,UNKNOWN,0,0,0,0,0,0,0,0,1,0,0,0,0,,,,,,,,,,,,0.717832983,1393.08167,0,,,0,4,301.660431,352.192291,38338,DEFAULT,ADAPTIVE,CAR,
1787973285452,4.6238246,3202,unnamed,,NO_POSE,UNKNOWN,0,0,0,0,0,0,0,0,1,0,0,0,0,,,,,,,,,,,,0.665374994,1502.91199,0,,,0,4,301.661316,352.192291,38338,DEFAULT,ADAPTIVE,CAR,
1787973285453,4.62442589,3203,unnamed,,NO_POSE,UNKNOWN,0,0,0,0,0,0,0,0,1,0,0,0,0,,,,,,,,,,,,0.601417005,1662.73987,0,,,0,4,301.66217,352.192291,38338,DEFAULT,ADAPTIVE,CAR,
1787973285453,4.62504005,3204,unnamed,,NO_POSE,UNKNOWN,0,0,0,0,0,0,0,0,1,0,0,0,0,,,,,,,,,,,,0.613958001,1628.77588,0,,,0,4,301.663055,352.192291,38338,DEFAULT,ADAPTIVE,CAR,
1787973285454,4.62573433,3205,unnamed,,NO_POSE,UNKNOWN,0,0,0,0,0,0,0,0,1,0,0,0,0,,,,,,,,,,,,0.694499969,1439.88489,0,,,0,4,301.66391,352.192291,38338,DEFAULT,ADAPTIVE,CAR,
1787973285455,4.62633181,3206,unnamed,,NO_POSE,UNKNOWN,0,0,0,0,0,0,0,0,1,0,0,0,0,,,,,,,,,,,,0.597208977,1674.45581,0,,,0,4,301.664795,352.192291,38338,DEFAULT,ADAPTIVE,CAR,
1787973285455,4.62692499,3207,unnamed,,NO_POSE,UNKNOWN,0,0,0,0,0,0,0,0,1,0,0,0,0,,,,,,,,,,,,0.593582988,1684.68445,0,,,0,4,301.665375,352.192291,38338,DEFAULT,ADAPTIVE,CAR,
1787973285456,4.62753868,3208,unnamed,,NO_POSE,UNKNOWN,0,0,0,0,0,0,0,0,1,0,0,0,0,,,,,,,,,,,,0.613333046,1630.43567,0,,,0,4,301.664917,352.192291,38338,DEFAULT,ADAPTIVE,CAR,
1787973285457,4.62812662,3209,unnamed,,NO_POSE,UNKNOWN,0,0,0,0,0,0,0,0,1,0,0,0,0,,,,,,,,,,,,0.588,1700.6803,0,,,0,4,301.665771,352.192291,38338,DEFAULT,ADAPTIVE,CAR,
1787973285457,4.62872934,3210,unnamed,,NO_POSE,UNKNOWN,0,0,0,0,0,0,0,0,1,0,0,0,0,,,,,,,,,,,,0.602959037,1658.48755,0,,,0,4,301.666687,352.192291,38338,DEFAULT,ADAPTIVE,CAR,
1787973285458,4.62958145,3211,unnamed,,NO_POSE,UNKNOWN,0,0,0,0,0,0,0,0,1,0,0,0,0,,,,,,,,,,,,0.852165997,1173.48035,0,,,0,4,301.667542,352.192291,38338,DEFAULT,ADAPTIVE,CAR,
1787973285459,4.63035107,3212,unnamed,,NO_POSE,UNKNOWN,0,0,0,0,0,0,0,0,1,0,0,0,0,,,,,,,,,,,,0.769375026,1299.75623,0,,,0,4,301.668427,352.192291,38338,DEFAULT,ADAPTIVE,CAR,
1787973285459,4.6309309,3213,unnamed,,NO_POSE,UNKNOWN,0,0,0,0,0,0,0,0,1,0,0,0,0,,,,,,,,,,,,0.579917014,1724.38477,0,,,0,4,301.669281,352.192291,38338,DEFAULT,ADAPTIVE,CAR,
1787973285460,4.6315403,3214,unnamed,,NO_POSE,UNKNOWN,0,0,0,0,0,0,0,0,1,0,0,0,0,,,,,,,,,,,,0.609542012,1640.57605,0,,,0,4,301.670166,352.192291,38338,DEFAULT,ADAPTIVE,CAR,
1787973285461,4.63213491,3215,unnamed,,NO_POSE,UNKNOWN,0,0,0,0,0,0,0,0,1,0,0,0,0,,,,,,,,,,,,0.594208002,1682.91235,0,,,0,4,301.671021,352.192291,38338,DEFAULT,ADAPTIVE,CAR,
1787973285461,4.63273954,3216,unnamed,,NO_POSE,UNKNOWN,0,0,0,0,0,0,0,0,1,0,0,0,0,,,,,,,,,,,,0.604707956,1653.6908,0,,,0,4,301.671906,352.192291,38338,DEFAULT,ADAPTIVE,CAR,
1787973285462,4.63334751,3217,unnamed,,NO_POSE,UNKNOWN,0,0,0,0,0,0,0,0,1,0,0,0,0,,,,,,,,,,,,0.608291984,1643.94727,0,,,0,4,301.67276,352.192291,38338,DEFAULT,ADAPTIVE,CAR,
1787973285462,4.63393831,3218,unnamed,,NO_POSE,UNKNOWN,0,0,0,0,0,0,0,0,1,0,0,0,0,,,,,,,,,,,,0.590792,1692.64319,0,,,0,4,301.673645,352.192291,38338,DEFAULT,ADAPTIVE,CAR,
1787973285463,4.63453484,3219,unnamed,,NO_POSE,UNKNOWN,0,0,0,0,0,0,0,0,1,0,0,0,0,,,,,,,,,,,,0.596333027,1676.91541,0,,,0,4,301.6745,352.192291,38338,DEFAULT,ADAPTIVE,CAR,
1787973285464,4.6351347,3220,unnamed,,NO_POSE,UNKNOWN,0,0,0,0,0,0,0,0,1,0,0,0,0,,,,,,,,,,,,0.599832952,1667.13074,0,,,0,4,301.675385,352.192291,38338,DEFAULT,ADAPTIVE,CAR,
1787973285464,4.63574028,3221,unnamed,,NO_POSE,UNKNOWN,0,0,0,0,0,0,0,0,1,0,0,0,0,,,,,,,,,,,,0.605499983,1651.52759,0,,,0,4,301.676239,352.192291,38338,DEFAULT,ADAPTIVE,CAR,
1787973285465,4.6363349,3222,unnamed,,NO_POSE,UNKNOWN,0,0,0,0,0,0,0,0,1,0,0,0,0,,,,,,,,,,,,0.594583988,1681.84814,0,,,0,4,301.677124,352.192291,38338,DEFAULT,ADAPTIVE,CAR,
1787973285465,4.63699722,3223,unnamed,,NO_POSE,UNKNOWN,0,0,0,0,0,0,0,0,1,0,0,0,0,,,,,,,,,,,,0.662458003,1509.52966,0,,,0,4,301.677979,352.192291,38338,DEFAULT,ADAPTIVE,CAR,
1787973285466,4.63764572,3224,unnamed,,NO_POSE,UNKNOWN,0,0,0,0,0,0,0,0,1,0,0,0,0,,,,,,,,,,,,0.648416996,1542.21741,0,,,0,4,301.678864,352.192291,38338,DEFAULT,ADAPTIVE,CAR,
1787973285467,4.63836813,3225,unnamed,,NO_POSE,UNKNOWN,0,0,0,0,0,0,0,0,1,0,0,0,0,,,,,,,,,,,,0.722290993,1384.48352,0,,,0,4,301.679718,352.192291,38338,DEFAULT,ADAPTIVE,CAR,
1787973285467,4.6390357,3226,unnamed,,NO_POSE,UNKNOWN,0,0,0,0,0,0,0,0,1,0,0,0,0,,,,,,,,,,,,0.668000042,1497.00598,0,,,0,4,301.680603,352.192291,38338,DEFAULT,ADAPTIVE,CAR,
1787973285468,4.63974571,3227,unnamed,,NO_POSE,UNKNOWN,0,0,0,0,0,0,0,0,1,0,0,0,0,,,,,,,,,,,,0.70983398,1408.78015,0,,,0,4,301.681458,352.192291,38338,DEFAULT,ADAPTIVE,CAR,
1787973285469,4.64044094,3228,unnamed,,NO_POSE,UNKNOWN,0,0,0,0,0,0,0,0,1,0,0,0,0,,,,,,,,,,,,0.695207953,1438.41846,0,,,0,4,301.682343,352.192291,38338,DEFAULT,ADAPTIVE,CAR,
1787973285469,4.64102268,3229,unnamed,,NO_POSE,UNKNOWN,0,0,0,0,0,0,0,0,1,0,0,0,0,,,,,,,,,,,,0.581624985,1719.32092,0,,,0,4,301.683197,352.192291,38338,DEFAULT,ADAPTIVE,CAR,
1787973285470,4.64165306,3230,unnamed,,NO_POSE,UNKNOWN,0,0,0,0,0,0,0,0,1,0,0,0,0,,,,,,,,,,,,0.63062501,1585.72839,0,,,0,4,301.684082,352.192291,38338,DEFAULT,ADAPTIVE,CAR,
1787973285471,4.64231014,3231,unnamed,,NO_POSE,UNKNOWN,0,0,0,0,0,0,0,0,1,0,0,0,0,,,,,,,,,,,,0.656957984,1522.16736,0,,,0,4,301.684937,352.192291,38338,DEFAULT,ADAPTIVE,CAR,
1787973285471,4.64293909,3232,unnamed,,NO_POSE,UNKNOWN,0,0,0,0,0,0,0,0,1,0,0,0,0,,,,,,,,,,,,0.628708959,1590.56104,0,,,0,4,301.685822,352.192291,38338,DEFAULT,ADAPTIVE,CAR,
1787973285472,4.64355135,3233,unnamed,,NO_POSE,UNKNOWN,0,0,0,0,0,0,0,0,1,0,0,0,0,,,,,,,,,,,,0.612707973,1632.09888,0,,,0,4,301.686676,352.192291,38338,DEFAULT,ADAPTIVE,CAR,
1787973285473,4.64413309,3234,unnamed,,NO_POSE,UNKNOWN,0,0,0,0,0,0,0,0,1,0,0,0,0,,,,,,,,,,,,0.581624985,1719.32092,0,,,0,4,301.687561,352.192291,38338,DEFAULT,ADAPTIVE,CAR,
1787973285473,4.64473343,3235,unnamed,,NO_POSE,UNKNOWN,0,0,0,0,0,0,0,0,1,0,0,0,0,,,,,,,,,,,,0.600292027,1665.85596,0,,,0,4,301.688416,352.192291,38338,DEFAULT,ADAPTIVE,CAR,
1787973285474,4.64539099,3236,unnamed,,NO_POSE,UNKNOWN,0,0,0,0,0,0,0,0,1,0,0,0,0,,,,,,,,,,,,0.657666028,1520.52869,0,,,0,4,301.689301,352.192291,38338,DEFAULT,ADAPTIVE,CAR,
1787973285474,4.64595795,3237,unnamed,,NO_POSE,UNKNOWN,0,0,0,0,0,0,0,0,1,0,0,0,0,,,,,,,,,,,,0.566917002,1763.92664,0,,,0,4,301.690155,352.192291,38338,DEFAULT,ADAPTIVE,CAR,
1787973285475,4.64662504,3238,unnamed,,NO_POSE,UNKNOWN,0,0,0,0,0,0,0,0,1,0,0,0,0,,,,,,,,,,,,0.666999996,1499.25037,0,,,0,4,301.69104,352.192291,38338,DEFAULT,ADAPTIVE,CAR,
1787973285476,4.64734316,3239,unnamed,,NO_POSE,UNKNOWN,0,0,0,0,0,0,0,0,1,0,0,0,0,,,,,,,,,,,,0.718042016,1392.67615,0,,,0,4,301.691895,352.192291,38338,DEFAULT,ADAPTIVE,CAR,
1787973285476,4.64793348,3240,unnamed,,NO_POSE,UNKNOWN,0,0,0,0,0,0,0,0,1,0,0,0,0,,,,,,,,,,,,0.590207994,1694.31799,0,,,0,4,301.69278,352.192291,38338,DEFAULT,ADAPTIVE,CAR,
1787973285477,4.64873791,3241,unnamed,,NO_POSE,UNKNOWN,0,0,0,0,0,0,0,0,1,0,0,0,0,,,,,,,,,,,,0.804666996,1242.75012,0,,,0,4,301.694458,352.192291,38338,DEFAULT,ADAPTIVE,CAR,
1787973285478,4.64933777,3242,unnamed,,NO_POSE,UNKNOWN,0,0,0,0,0,0,0,0,1,0,0,0,0,,,,,,,,,,,,0.600000024,1666.66663,0,,,0,4,301.695343,352.192291,38338,DEFAULT,ADAPTIVE,CAR,
1787973285478,4.64993238,3243,unnamed,,NO_POSE,UNKNOWN,0,0,0,0,0,0,0,0,1,0,0,0,0,,,,,,,,,,,,0.594249964,1682.79346,0,,,0,4,301.696198,352.192291,38338,DEFAULT,ADAPTIVE,CAR,
1787973285479,4.65053749,3244,unnamed,,NO_POSE,UNKNOWN,0,0,0,0,0,0,0,0,1,0,0,0,0,,,,,,,,,,,,0.605291009,1652.0979,0,,,0,4,301.697083,352.192291,38338,DEFAULT,ADAPTIVE,CAR,
1787973285480,4.65113688,3245,unnamed,,NO_POSE,UNKNOWN,0,0,0,0,0,0,0,0,1,0,0,0,0,,,,,,,,,,,,0.599458992,1668.17078,0,,,0,4,301.697937,352.192291,38338,DEFAULT,ADAPTIVE,CAR,
1787973285480,4.65173388,3246,unnamed,,NO_POSE,UNKNOWN,0,0,0,0,0,0,0,0,1,0,0,0,0,,,,,,,,,,,,0.59691602,1675.27759,0,,,0,4,301.698822,352.192291,38338,DEFAULT,ADAPTIVE,CAR,
1787973285481,4.65233564,3247,unnamed,,NO_POSE,UNKNOWN,0,0,0,0,0,0,0,0,1,0,0,0,0,,,,,,,,,,,,0.601833999,1661.58777,0,,,0,4,301.699677,352.192291,38338,DEFAULT,ADAPTIVE,CAR,
1787973285481,4.65303993,3248,unnamed,,NO_POSE,UNKNOWN,0,0,0,0,0,0,0,0,1,0,0,0,0,,,,,,,,,,,,0.704165995,1420.11963,0,,,0,4,301.700562,352.192291,38338,DEFAULT,ADAPTIVE,CAR,
1787973285482,4.65367651,3249,unnamed,,NO_POSE,UNKNOWN,0,0,0,0,0,0,0,0,1,0,0,0,0,,,,,,,,,,,,0.63637501,1571.40051,0,,,0,4,301.701416,352.192291,38338,DEFAULT,ADAPTIVE,CAR,
1787973285483,4.65423536,3250,unnamed,,NO_POSE,UNKNOWN,0,0,0,0,0,0,0,0,1,0,0,0,0,,,,,,,,,,,,0.558874965,1789.30896,0,,,0,4,301.702301,352.192291,38338,DEFAULT,ADAPTIVE,CAR,
1787973285483,4.65489626,3251,unnamed,,NO_POSE,UNKNOWN,0,0,0,0,0,0,0,0,1,0,0,0,0,,,,,,,,,,,,0.661249995,1512.28735,0,,,0,4,301.703156,352.192291,38338,DEFAULT,ADAPTIVE,CAR,
1787973285484,4.65553141,3252,unnamed,,NO_POSE,UNKNOWN,0,0,0,0,0,0,0,0,1,0,0,0,0,,,,,,,,,,,,0.63499999,1574.8031,0,,,0,4,301.704041,352.192291,38338,DEFAULT,ADAPTIVE,CAR,
1787973285485,4.65624094,3253,unnamed,,NO_POSE,UNKNOWN,0,0,0,0,0,0,0,0,1,0,0,0,0,,,,,,,,,,,,0.709333956,1409.77319,0,,,0,4,301.704895,352.192291,38338,DEFAULT,ADAPTIVE,CAR,
1787973285485,4.65695286,3254,unnamed,,NO_POSE,UNKNOWN,0,0,0,0,0,0,0,0,1,0,0,0,0,,,,,,,,,,,,0.712207973,1404.08423,0,,,0,4,301.70578,352.192291,38338,DEFAULT,ADAPTIVE,CAR,
1787973285486,4.65752983,3255,unnamed,,NO_POSE,UNKNOWN,0,0,0,0,0,0,0,0,1,0,0,0,0,,,,,,,,,,,,0.576792002,1733.72729,0,,,0,4,301.706635,352.192291,38338,DEFAULT,ADAPTIVE,CAR,
1787973285487,4.65813875,3256,unnamed,,NO_POSE,UNKNOWN,0,0,0,0,0,0,0,0,1,0,0,0,0,,,,,,,,,,,,0.608915985,1642.2627,0,,,0,4,301.70752,352.192291,38338,DEFAULT,ADAPTIVE,CAR,
1787973285487,4.65874386,3257,unnamed,,NO_POSE,UNKNOWN,0,0,0,0,0,0,0,0,1,0,0,0,0,,,,,,,,,,,,0.60512495,1652.55115,0,,,0,4,301.708374,352.192291,38338,DEFAULT,ADAPTIVE,CAR,
1787973285488,4.65932512,3258,unnamed,,NO_POSE,UNKNOWN,0,0,0,0,0,0,0,0,1,0,0,0,0,,,,,,,,,,,,0.581375003,1720.0603,0,,,0,4,301.709259,352.192291,38338,DEFAULT,ADAPTIVE,CAR,
1787973285488,4.65994215,3259,unnamed,,NO_POSE,UNKNOWN,0,0,0,0,0,0,0,0,1,0,0,0,0,,,,,,,,,,,,0.616874993,1621.07397,0,,,0,4,301.710114,352.192291,38338,DEFAULT,ADAPTIVE,CAR,
1787973285489,4.66053247,3260,unnamed,,NO_POSE,UNKNOWN,0,0,0,0,0,0,0,0,1,0,0,0,0,,,,,,,,,,,,0.590250015,1694.19739,0,,,0,4,301.710999,352.192291,38338,DEFAULT,ADAPTIVE,CAR,
1787973285490,4.6611948,3261,unnamed,,NO_POSE,UNKNOWN,0,0,0,0,0,0,0,0,1,0,0,0,0,,,,,,,,,,,,0.662625015,1509.14917,0,,,0,4,301.711853,352.192291,38338,DEFAULT,ADAPTIVE,CAR,
1787973285490,4.66173267,3262,unnamed,,NO_POSE,UNKNOWN,0,0,0,0,0,0,0,0,1,0,0,0,0,,,,,,,,,,,,0.537874997,1859.16809,0,,,0,4,301.712738,352.192291,38338,DEFAULT,ADAPTIVE,CAR,
1787973285491,4.66233063,3263,unnamed,,NO_POSE,UNKNOWN,0,0,0,0,0,0,0,0,1,0,0,0,0,,,,,,,,,,,,0.597750008,1672.94019,0,,,0,4,301.713593,352.192291,38338,DEFAULT,ADAPTIVE,CAR,
1787973285491,4.66296768,3264,unnamed,,NO_POSE,UNKNOWN,0,0,0,0,0,0,0,0,1,0,0,0,0,,,,,,,,,,,,0.636916995,1570.06323,0,,,0,4,301.714478,352.192291,38338,DEFAULT,ADAPTIVE,CAR,
1787973285492,4.66365051,3265,unnamed,,NO_POSE,UNKNOWN,0,0,0,0,0,0,0,0,1,0,0,0,0,,,,,,,,,,,,0.683291972,1463.50317,0,,,0,4,301.715332,352.192291,38338,DEFAULT,ADAPTIVE,CAR,
1787973285493,4.66435432,3266,unnamed,,NO_POSE,UNKNOWN,0,0,0,0,0,0,0,0,1,0,0,0,0,,,,,,,,,,,,0.703624964,1421.21167,0,,,0,4,301.716217,352.192291,38338,DEFAULT,ADAPTIVE,CAR,
1787973285493,4.66493464,3267,unnamed,,NO_POSE,UNKNOWN,0,0,0,0,0,0,0,0,1,0,0,0,0,,,,,,,,,,,,0.580083013,1723.89124,0,,,0,4,301.717072,352.192291,38338,DEFAULT,ADAPTIVE,CAR,
1787973285494,4.66553783,3268,unnamed,,NO_POSE,UNKNOWN,0,0,0,0,0,0,0,0,1,0,0,0,0,,,,,,,,,,,,0.603249967,1657.6875,0,,,0,4,301.717957,352.192291,38338,DEFAULT,ADAPTIVE,CAR,
1787973285495,4.6661377,3269,unnamed,,NO_POSE,UNKNOWN,0,0,0,0,0,0,0,0,1,0,0,0,0,,,,,,,,,,,,0.600125015,1666.31946,0,,,0,4,301.718811,352.192291,38338,DEFAULT,ADAPTIVE,CAR,
1787973285495,4.66673326,3270,unnamed,,NO_POSE,UNKNOWN,0,0,0,0,0,0,0,0,1,0,0,0,0,,,,,,,,,,,,0.595542014,1679.1427,0,,,0,4,301.719696,352.192291,38338,DEFAULT,ADAPTIVE,CAR,
1787973285496,4.6673274,3271,unnamed,,NO_POSE,UNKNOWN,0,0,0,0,0,0,0,0,1,0,0,0,0,,,,,,,,,,,,0.594083011,1683.26648,0,,,0,4,301.720551,352.192291,38338,DEFAULT,ADAPTIVE,CAR,
1787973285496,4.66793776,3272,unnamed,,NO_POSE,UNKNOWN,0,0,0,0,0,0,0,0,1,0,0,0,0,,,,,,,,,,,,0.610208035,1638.7854,0,,,0,4,301.721436,352.192291,38338,DEFAULT,ADAPTIVE,CAR,
1787973285497,4.6685338,3273,unnamed,,NO_POSE,UNKNOWN,0,0,0,0,0,0,0,0,1,0,0,0,0,,,,,,,,,,,,0.596209049,1677.26416,0,,,0,4,301.72229,352.192291,38338,DEFAULT,ADAPTIVE,CAR,
1787973285498,4.66950178,3274,unnamed,,NO_POSE,UNKNOWN,0,0,0,0,0,0,0,0,1,0,0,0,0,,,,,,,,,,,,0.967832983,1033.23608,0,,,0,4,301.724457,352.192291,38338,DEFAULT,ADAPTIVE,CAR,
1787973285499,4.67036581,3275,unnamed,,NO_POSE,UNKNOWN,0,0,0,0,0,0,0,0,1,0,0,0,0,,,,,,,,,,,,0.864166975,1157.18372,0,,,0,4,301.726746,352.192291,38338,DEFAULT,ADAPTIVE,CAR,
1787973285499,4.67092991,3276,unnamed,,NO_POSE,UNKNOWN,0,0,0,0,0,0,0,0,1,0,0,0,0,,,,,,,,,,,,0.56387502,1773.44263,0,,,0,4,301.7276,352.192291,38338,DEFAULT,ADAPTIVE,CAR,
1787973285500,4.671556,3277,unnamed,,NO_POSE,UNKNOWN,0,0,0,0,0,0,0,0,1,0,0,0,0,,,,,,,,,,,,0.626165986,1597.02063,0,,,0,4,301.728485,352.192291,38338,DEFAULT,ADAPTIVE,CAR,
1787973285501,4.67224121,3278,unnamed,,NO_POSE,UNKNOWN,0,0,0,0,0,0,0,0,1,0,0,0,0,,,,,,,,,,,,0.685166955,1459.49829,0,,,0,4,301.72934,352.192291,38338,DEFAULT,ADAPTIVE,CAR,
1787973285501,4.6729517,3279,unnamed,,NO_POSE,UNKNOWN,0,0,0,0,0,0,0,0,1,0,0,0,0,,,,,,,,,,,,0.710792005,1406.88135,0,,,0,4,301.730225,352.192291,38338,DEFAULT,ADAPTIVE,CAR,
1787973285502,4.67364407,3280,unnamed,,NO_POSE,UNKNOWN,0,0,0,0,0,0,0,0,1,0,0,0,0,,,,,,,,,,,,0.692249954,1444.56482,0,,,0,4,301.731079,352.192291,38338,DEFAULT,ADAPTIVE,CAR,
1787973285503,4.67433071,3281,unnamed,,NO_POSE,UNKNOWN,0,0,0,0,0,0,0,0,1,0,0,0,0,,,,,,,,,,,,0.686500013,1456.66431,0,,,0,4,301.731964,352.192291,38338,DEFAULT,ADAPTIVE,CAR,
1787973285503,4.67494583,3282,unnamed,,NO_POSE,UNKNOWN,0,0,0,0,0,0,0,0,1,0,0,0,0,,,,,,,,,,,,0.61541599,1624.91724,0,,,0,4,301.732819,352.192291,38338,DEFAULT,ADAPTIVE,CAR,
1787973285504,4.67563868,3283,unnamed,,NO_POSE,UNKNOWN,0,0,0,0,0,0,0,0,1,0,0,0,0,,,,,,,,,,,,0.692791998,1443.43469,0,,,0,4,301.733704,352.192291,38338,DEFAULT,ADAPTIVE,CAR,
1787973285505,4.67623091,3284,unnamed,,NO_POSE,UNKNOWN,0,0,0,0,0,0,0,0,1,0,0,0,0,,,,,,,,,,,,0.592124999,1688.83264,0,,,0,4,301.734558,352.192291,38338,DEFAULT,ADAPTIVE,CAR,
1787973285505,4.67682648,3285,unnamed,,NO_POSE,UNKNOWN,0,0,0,0,0,0,0,0,1,0,0,0,0,,,,,,,,,,,,0.595749974,1678.5564,0,,,0,4,301.735443,352.192291,38338,DEFAULT,ADAPTIVE,CAR,
1787973285506,4.67753077,3286,unnamed,,NO_POSE,UNKNOWN,0,0,0,0,0,0,0,0,1,0,0,0,0,,,,,,,,,,,,0.703957975,1420.53931,0,,,0,4,301.514282,352.192291,38338,DEFAULT,ADAPTIVE,CAR,
1787973285507,4.67813253,3287,unnamed,,NO_POSE,UNKNOWN,0,0,0,0,0,0,0,0,1,0,0,0,0,,,,,,,,,,,,0.601666987,1662.04895,0,,,0,4,301.512482,352.192291,38338,DEFAULT,ADAPTIVE,CAR,
1787973285507,4.67873096,3288,unnamed,,NO_POSE,UNKNOWN,0,0,0,0,0,0,0,0,1,0,0,0,0,,,,,,,,,,,,0.598583043,1670.61206,0,,,0,4,301.513367,352.192291,38338,DEFAULT,ADAPTIVE,CAR,
1787973285508,4.67933798,3289,unnamed,,NO_POSE,UNKNOWN,0,0,0,0,0,0,0,0,1,0,0,0,0,,,,,,,,,,,,0.607124984,1647.1073,0,,,0,4,301.514221,352.192291,38338,DEFAULT,ADAPTIVE,CAR,
1787973285508,4.68003464,3290,unnamed,,NO_POSE,UNKNOWN,0,0,0,0,0,0,0,0,1,0,0,0,0,,,,,,,,,,,,0.696583986,1435.57703,0,,,0,4,301.515106,352.192291,38338,DEFAULT,ADAPTIVE,CAR,
1787973285509,4.68072414,3291,unnamed,,NO_POSE,UNKNOWN,0,0,0,0,0,0,0,0,1,0,0,0,0,,,,,,,,,,,,0.689750016,1449.80066,0,,,0,4,301.515961,352.192291,38338,DEFAULT,ADAPTIVE,CAR,
1787973285510,4.68133402,3292,unnamed,,NO_POSE,UNKNOWN,0,0,0,0,0,0,0,0,1,0,0,0,0,,,,,,,,,,,,0.609416008,1640.91528,0,,,0,4,301.516846,352.192291,38338,DEFAULT,ADAPTIVE,CAR,
1787973285510,4.68192911,3293,unnamed,,NO_POSE,UNKNOWN,0,0,0,0,0,0,0,0,1,0,0,0,0,,,,,,,,,,,,0.595416963,1679.49524,0,,,0,4,301.5177,352.192291,38338,DEFAULT,ADAPTIVE,CAR,
1787973285511,4.68253231,3294,unnamed,,NO_POSE,UNKNOWN,0,0,0,0,0,0,0,0,1,0,0,0,0,,,,,,,,,,,,0.602917016,1658.60315,0,,,0,4,301.518585,352.192291,38338,DEFAULT,ADAPTIVE,CAR,
1787973285512,4.68312979,3295,unnamed,,NO_POSE,UNKNOWN,0,0,0,0,0,0,0,0,1,0,0,0,0,,,,,,,,,,,,0.597791016,1672.82544,0,,,0,4,301.51944,352.192291,38338,DEFAULT,ADAPTIVE,CAR,
1787973285512,4.68373013,3296,unnamed,,NO_POSE,UNKNOWN,0,0,0,0,0,0,0,0,1,0,0,0,0,,,,,,,,,,,,0.600334048,1665.73938,0,,,0,4,301.520325,352.192291,38338,DEFAULT,ADAPTIVE,CAR,
1787973285513,4.68433094,3297,unnamed,,NO_POSE,UNKNOWN,0,0,0,0,0,0,0,0,1,0,0,0,0,,,,,,,,,,,,0.600540996,1665.16516,0,,,0,4,301.521179,352.192291,38338,DEFAULT,ADAPTIVE,CAR,
1787973285513,4.68492699,3298,unnamed,,NO_POSE,UNKNOWN,0,0,0,0,0,0,0,0,1,0,0,0,0,,,,,,,,,,,,0.596083999,1677.61597,0,,,0,4,301.522064,352.192291,38338,DEFAULT,ADAPTIVE,CAR,
1787973285514,4.68565893,3299,unnamed,,NO_POSE,UNKNOWN,0,0,0,0,0,0,0,0,1,0,0,0,0,,,,,,,,,,,,0.732082963,1365.96533,0,,,0,4,301.523376,352.192291,38338,DEFAULT,ADAPTIVE,CAR,
1787973285515,4.6862154,3300,unnamed,,NO_POSE,UNKNOWN,0,0,0,0,0,0,0,0,1,0,0,0,0,,,,,,,,,,,,0.55666697,1796.40613,0,,,0,4,301.524231,352.192291,38338,DEFAULT,ADAPTIVE,CAR,
1787973285515,4.68683147,3301,unnamed,,NO_POSE,UNKNOWN,0,0,0,0,0,0,0,0,1,0,0,0,0,,,,,,,,,,,,0.615625024,1624.36548,0,,,0,4,301.525116,352.192291,38338,DEFAULT,ADAPTIVE,CAR,
1787973285516,4.68743896,3302,unnamed,,NO_POSE,UNKNOWN,0,0,0,0,0,0,0,0,1,0,0,0,0,,,,,,,,,,,,0.607582986,1645.86572,0,,,0,4,301.52597,352.192291,38338,DEFAULT,ADAPTIVE,CAR,
1787973285517,4.68815708,3303,unnamed,,NO_POSE,UNKNOWN,0,0,0,0,0,0,0,0,1,0,0,0,0,,,,,,,,,,,,0.718167007,1392.43384,0,,,0,4,301.526855,352.192291,38338,DEFAULT,ADAPTIVE,CAR,
1787973285517,4.68893957,3304,unnamed,,NO_POSE,UNKNOWN,0,0,0,0,0,0,0,0,1,0,0,0,0,,,,,,,,,,,,0.78262502,1277.75122,0,,,0,4,301.52774,352.192291,38338,DEFAULT,ADAPTIVE,CAR,
1787973285518,4.68963766,3305,unnamed,,NO_POSE,UNKNOWN,0,0,0,0,0,0,0,0,1,0,0,0,0,,,,,,,,,,,,0.697916031,1432.83716,0,,,0,4,301.528625,352.192291,38338,DEFAULT,ADAPTIVE,CAR,
1787973285519,4.69033289,3306,unnamed,,NO_POSE,UNKNOWN,0,0,0,0,0,0,0,0,1,0,0,0,0,,,,,,,,,,,,0.695334017,1438.15784,0,,,0,4,301.52948,352.192291,38338,DEFAULT,ADAPTIVE,CAR,
1787973285519,4.69104052,3307,unnamed,,NO_POSE,UNKNOWN,0,0,0,0,0,0,0,0,1,0,0,0,0,,,,,,,,,,,,0.707832992,1412.7627,0,,,0,4,301.530365,352.192291,38338,DEFAULT,ADAPTIVE,CAR,
1787973285520,4.69174099,3308,unnamed,,NO_POSE,UNKNOWN,0,0,0,0,0,0,0,0,1,0,0,0,0,,,,,,,,,,,,0.70024997,1428.0614,0,,,0,4,301.531219,352.192291,38338,DEFAULT,ADAPTIVE,CAR,
1787973285521,4.69232416,3309,unnamed,,NO_POSE,UNKNOWN,0,0,0,0,0,0,0,0,1,0,0,0,0,,,,,,,,,,,,0.583374977,1714.16333,0,,,0,4,301.532104,352.192291,38338,DEFAULT,ADAPTIVE,CAR,
1787973285521,4.69293165,3310,unnamed,,NO_POSE,UNKNOWN,0,0,0,0,0,0,0,0,1,0,0,0,0,,,,,,,,,,,,0.607375026,1646.42932,0,,,0,4,301.532959,352.192291,38338,DEFAULT,ADAPTIVE,CAR,
1787973285522,4.6936717,3311,unnamed,,NO_POSE,UNKNOWN,0,0,0,0,0,0,0,0,1,0,0,0,0,,,,,,,,,,,,0.740082979,1351.19983,0,,,0,4,301.534271,352.192291,38338,DEFAULT,ADAPTIVE,CAR,
1787973285523,4.69434309,3312,unnamed,,NO_POSE,UNKNOWN,0,0,0,0,0,0,0,0,1,0,0,0,0,,,,,,,,,,,,0.671333969,1489.57153,0,,,0,4,301.535156,352.192291,38338,DEFAULT,ADAPTIVE,CAR,
1787973285523,4.69493341,3313,unnamed,,NO_POSE,UNKNOWN,0,0,0,0,0,0,0,0,1,0,0,0,0,,,,,,,,,,,,0.590457976,1693.60059,0,,,0,4,301.536011,352.192291,38338,DEFAULT,ADAPTIVE,CAR,
1787973285524,4.69552517,3314,unnamed,,NO_POSE,UNKNOWN,0,0,0,0,0,0,0,0,1,0,0,0,0,,,,,,,,,,,,0.591666996,1690.13989,0,,,0,4,301.536896,352.192291,38338,DEFAULT,ADAPTIVE,CAR,
1787973285525,4.69624329,3315,unnamed,,NO_POSE,UNKNOWN,0,0,0,0,0,0,0,0,1,0,0,0,0,,,,,,,,,,,,0.718165994,1392.43567,0,,,0,4,301.53775,352.192291,38338,DEFAULT,ADAPTIVE,CAR,
1787973285525,4.69693708,3316,unnamed,,NO_POSE,UNKNOWN,0,0,0,0,0,0,0,0,1,0,0,0,0,,,,,,,,,,,,0.693834007,1441.26697,0,,,0,4,301.538635,352.192291,38338,DEFAULT,ADAPTIVE,CAR,
1787973285526,4.69752073,3317,unnamed,,NO_POSE,UNKNOWN,0,0,0,0,0,0,0,0,1,0,0,0,0,,,,,,,,,,,,0.583374977,1714.16333,0,,,0,4,301.53949,352.192291,38338,DEFAULT,ADAPTIVE,CAR,
1787973285527,4.69813538,3318,unnamed,,NO_POSE,UNKNOWN,0,0,0,0,0,0,0,0,1,0,0,0,0,,,,,,,,,,,,0.614708006,1626.7887,0,,,0,4,301.540375,352.192291,38338,DEFAULT,ADAPTIVE,CAR,
1787973285527,4.69873047,3319,unnamed,,NO_POSE,UNKNOWN,0,0,0,0,0,0,0,0,1,0,0,0,0,,,,,,,,,,,,0.59525001,1679.96643,0,,,0,4,301.541229,352.192291,38338,DEFAULT,ADAPTIVE,CAR,
1787973285528,4.69933176,3320,unnamed,,NO_POSE,UNKNOWN,0,0,0,0,0,0,0,0,1,0,0,0,0,,,,,,,,,,,,0.601374984,1662.85596,0,,,0,4,301.542114,352.192291,38338,DEFAULT,ADAPTIVE,CAR,
1787973285528,4.69992685,3321,unnamed,,NO_POSE,UNKNOWN,0,0,0,0,0,0,0,0,1,0,0,0,0,,,,,,,,,,,,0.594749987,1681.37878,0,,,0,4,301.542969,352.192291,38338,DEFAULT,ADAPTIVE,CAR,
1787973285529,4.70053101,3322,unnamed,,NO_POSE,UNKNOWN,0,0,0,0,0,0,0,0,1,0,0,0,0,,,,,,,,,,,,0.604417026,1654.48694,0,,,0,4,301.543854,352.192291,38338,DEFAULT,ADAPTIVE,CAR,
1787973285530,4.70113039,3323,unnamed,,NO_POSE,UNKNOWN,0,0,0,0,0,0,0,0,1,0,0,0,0,,,,,,,,,,,,0.599457979,1668.17358,0,,,0,4,301.544708,352.192291,38338,DEFAULT,ADAPTIVE,CAR,
1787973285530,4.70183849,3324,unnamed,,NO_POSE,UNKNOWN,0,0,0,0,0,0,0,0,1,0,0,0,0,,,,,,,,,,,,0.707832992,1412.7627,0,,,0,4,301.546021,352.192291,38338,DEFAULT,ADAPTIVE,CAR,
1787973285531,4.70242739,3325,unnamed,,NO_POSE,UNKNOWN,0,0,0,0,0,0,0,0,1,0,0,0,0,,,,,,,,,,,,0.589042008,1697.67175,0,,,0,4,301.546875,352.192291,38338,DEFAULT,ADAPTIVE,CAR,
1787973285531,4.70302725,3326,unnamed,,NO_POSE,UNKNOWN,0,0,0,0,0,0,0,0,1,0,0,0,0,,,,,,,,,,,,0.600000024,1666.66663,0,,,0,4,301.54776,352.192291,38338,DEFAULT,ADAPTIVE,CAR,
1787973285532,4.70362711,3327,unnamed,,NO_POSE,UNKNOWN,0,0,0,0,0,0,0,0,1,0,0,0,0,,,,,,,,,,,,0.599792004,1667.24463,0,,,0,4,301.548615,352.192291,38338,DEFAULT,ADAPTIVE,CAR,
1787973285533,4.70422602,3328,unnamed,,NO_POSE,UNKNOWN,0,0,0,0,0,0,0,0,1,0,0,0,0,,,,,,,,,,,,0.598833025,1669.91455,0,,,0,4,301.5495,352.192291,38338,DEFAULT,ADAPTIVE,CAR,
1787973285533,4.7048707,3329,unnamed,,NO_POSE,UNKNOWN,0,0,0,0,0,0,0,0,1,0,0,0,0,,,,,,,,,,,,0.644457996,1551.69153,0,,,0,4,301.550354,352.192291,38338,DEFAULT,ADAPTIVE,CAR,
1787973285534,4.70554113,3330,unnamed,,NO_POSE,UNKNOWN,0,0,0,0,0,0,0,0,1,0,0,0,0,,,,,,,,,,,,0.670459032,1491.5155,0,,,0,4,301.551239,352.192291,38338,DEFAULT,ADAPTIVE,CAR,
1787973285535,4.70635462,3331,unnamed,,NO_POSE,UNKNOWN,0,0,0,0,0,0,0,0,1,0,0,0,0,,,,,,,,,,,,0.813500047,1229.25623,0,,,0,4,301.552094,352.192291,38338,DEFAULT,ADAPTIVE,CAR,
1787973285535,4.7070365,3332,unnamed,,NO_POSE,UNKNOWN,0,0,0,0,0,0,0,0,1,0,0,0,0,,,,,,,,,,,,0.68216604,1465.91882,0,,,0,4,301.552979,352.192291,38338,DEFAULT,ADAPTIVE,CAR,
1787973285536,4.70773268,3333,unnamed,,NO_POSE,UNKNOWN,0,0,0,0,0,0,0,0,1,0,0,0,0,,,,,,,,,,,,0.695874989,1437.03979,0,,,0,4,301.553833,352.192291,38338,DEFAULT,ADAPTIVE,CAR,
1787973285537,4.70833254,3334,unnamed,,NO_POSE,UNKNOWN,0,0,0,0,0,0,0,0,1,0,0,0,0,,,,,,,,,,,,0.599917054,1666.89722,0,,,0,4,301.554718,352.192291,38338,DEFAULT,ADAPTIVE,CAR,
1787973285537,4.70893478,3335,unnamed,,NO_POSE,UNKNOWN,0,0,0,0,0,0,0,0,1,0,0,0,0,,,,,,,,,,,,0.602542043,1659.63525,0,,,0,4,301.555573,352.192291,38338,DEFAULT,ADAPTIVE,CAR,
1787973285538,4.70999002,3336,unnamed,,NO_POSE,UNKNOWN,0,0,0,0,0,0,0,0,1,0,0,0,0,,,,,,,,,,,,1.05483294,948.017395,0,,,0,4,301.556885,352.192291,38338,DEFAULT,ADAPTIVE,CAR,
1787973285539,4.71063185,3337,unnamed,,NO_POSE,UNKNOWN,0,0,0,0,0,0,0,0,1,0,0,0,0,,,,,,,,,,,,0.64191699,1557.83386,0,,,0,4,301.55777,352.192291,38338,DEFAULT,ADAPTIVE,CAR,
1787973285540,4.71123171,3338,unnamed,,NO_POSE,UNKNOWN,0,0,0,0,0,0,0,0,1,0,0,0,0,,,,,,,,,,,,0.59979099,1667.24744,0,,,0,4,301.558624,352.192291,38338,DEFAULT,ADAPTIVE,CAR,
1787973285540,4.71182728,3339,unnamed,,NO_POSE,UNKNOWN,0,0,0,0,0,0,0,0,1,0,0,0,0,,,,,,,,,,,,0.595791996,1678.43811,0,,,0,4,301.559509,352.192291,38338,DEFAULT,ADAPTIVE,CAR,
1787973285541,4.71243191,3340,unnamed,,NO_POSE,UNKNOWN,0,0,0,0,0,0,0,0,1,0,0,0,0,,,,,,,,,,,,0.604624987,1653.91772,0,,,0,4,301.560364,352.192291,38338,DEFAULT,ADAPTIVE,CAR,
1787973285542,4.71307611,3341,unnamed,,NO_POSE,UNKNOWN,0,0,0,0,0,0,0,0,1,0,0,0,0,,,,,,,,,,,,0.644041955,1552.69385,0,,,0,4,301.561249,352.192291,38338,DEFAULT,ADAPTIVE,CAR,
1787973285542,4.71372509,3342,unnamed,,NO_POSE,UNKNOWN,0,0,0,0,0,0,0,0,1,0,0,0,0,,,,,,,,,,,,0.649040997,1540.73474,0,,,0,4,301.562103,352.192291,38338,DEFAULT,ADAPTIVE,CAR,
1787973285543,4.71442652,3343,unnamed,,NO_POSE,UNKNOWN,0,0,0,0,0,0,0,0,1,0,0,0,0,,,,,,,,,,,,0.701499999,1425.51672,0,,,0,4,301.562988,352.192291,38338,DEFAULT,ADAPTIVE,CAR,
1787973285543,4.71503639,3344,unnamed,,NO_POSE,UNKNOWN,0,0,0,0,0,0,0,0,1,0,0,0,0,,,,,,,,,,,,0.609667003,1640.23975,0,,,0,4,301.563843,352.192291,38338,DEFAULT,ADAPTIVE,CAR,
1787973285544,4.71562624,3345,unnamed,,NO_POSE,UNKNOWN,0,0,0,0,0,0,0,0,1,0,0,0,0,,,,,,,,,,,,0.590124965,1694.55627,0,,,0,4,301.564728,352.192291,38338,DEFAULT,ADAPTIVE,CAR,
1787973285545,4.7162323,3346,unnamed,,NO_POSE,UNKNOWN,0,0,0,0,0,0,0,0,1,0,0,0,0,,,,,,,,,,,,0.605917037,1650.39099,0,,,0,4,301.565582,352.192291,38338,DEFAULT,ADAPTIVE,CAR,
1787973285545,4.71684694,3347,unnamed,,NO_POSE,UNKNOWN,0,0,0,0,0,0,0,0,1,0,0,0,0,,,,,,,,,,,,0.614458025,1627.45056,0,,,0,4,301.566467,352.192291,38338,DEFAULT,ADAPTIVE,CAR,
1787973285546,4.71743202,3348,unnamed,,NO_POSE,UNKNOWN,0,0,0,0,0,0,0,0,1,0,0,0,0,,,,,,,,,,,,0.58533299,1708.42932,0,,,0,4,301.567322,352.192291,38338,DEFAULT,ADAPTIVE,CAR,
1787973285547,4.71816254,3349,unnamed,,NO_POSE,UNKNOWN,0,0,0,0,0,0,0,0,1,0,0,0,0,,,,,,,,,,,,0.730709016,1368.53381,0,,,0,4,301.568634,352.192291,38338,DEFAULT,ADAPTIVE,CAR,
1787973285547,4.71872854,3350,unnamed,,NO_POSE,UNKNOWN,0,0,0,0,0,0,0,0,1,0,0,0,0,,,,,,,,,,,,0.565625012,1767.95569,0,,,0,4,301.569489,352.192291,38338,DEFAULT,ADAPTIVE,CAR,
1787973285548,4.71933031,3351,unnamed,,NO_POSE,UNKNOWN,0,0,0,0,0,0,0,0,1,0,0,0,0,,,,,,,,,,,,0.602124989,1660.78467,0,,,0,4,301.570374,352.192291,38338,DEFAULT,ADAPTIVE,CAR,
1787973285548,4.71993017,3352,unnamed,,NO_POSE,UNKNOWN,0,0,0,0,0,0,0,0,1,0,0,0,0,,,,,,,,,,,,0.599750042,1667.36133,0,,,0,4,301.571228,352.192291,38338,DEFAULT,ADAPTIVE,CAR,
1787973285549,4.72053051,3353,unnamed,,NO_POSE,UNKNOWN,0,0,0,0,0,0,0,0,1,0,0,0,0,,,,,,,,,,,,0.600082994,1666.43616,0,,,0,4,301.572113,352.192291,38338,DEFAULT,ADAPTIVE,CAR,
1787973285550,4.72121477,3354,unnamed,,NO_POSE,UNKNOWN,0,0,0,0,0,0,0,0,1,0,0,0,0,,,,,,,,,,,,0.684207976,1461.54382,0,,,0,4,301.572968,352.192291,38338,DEFAULT,ADAPTIVE,CAR,
1787973285550,4.72194052,3355,unnamed,,NO_POSE,UNKNOWN,0,0,0,0,0,0,0,0,1,0,0,0,0,,,,,,,,,,,,0.726167023,1377.09375,0,,,0,4,301.573853,352.192291,38338,DEFAULT,ADAPTIVE,CAR,
1787973285551,4.72264385,3356,unnamed,,NO_POSE,UNKNOWN,0,0,0,0,0,0,0,0,1,0,0,0,0,,,,,,,,,,,,0.703082979,1422.30713,0,,,0,4,301.574768,352.192291,38338,DEFAULT,ADAPTIVE,CAR,
1787973285552,4.7233386,3357,unnamed,,NO_POSE,UNKNOWN,0,0,0,0,0,0,0,0,1,0,0,0,0,,,,,,,,,,,,0.694584012,1439.71069,0,,,0,4,301.575623,352.192291,38338,DEFAULT,ADAPTIVE,CAR,
1787973285552,4.72403574,3358,unnamed,,NO_POSE,UNKNOWN,0,0,0,0,0,0,0,0,1,0,0,0,0,,,,,,,,,,,,0.69749999,1433.69177,0,,,0,4,301.576508,352.192291,38338,DEFAULT,ADAPTIVE,CAR,
1787973285553,4.72474432,3359,unnamed,,NO_POSE,UNKNOWN,0,0,0,0,0,0,0,0,1,0,0,0,0,,,,,,,,,,,,0.708375037,1411.68164,0,,,0,4,301.577362,352.192291,38338,DEFAULT,ADAPTIVE,CAR,
1787973285554,4.72543955,3360,unnamed,,NO_POSE,UNKNOWN,0,0,0,0,0,0,0,0,1,0,0,0,0,,,,,,,,,,,,0.695457995,1437.90137,0,,,0,4,301.578247,352.192291,38338,DEFAULT,ADAPTIVE,CAR,
1787973285555,4.72638845,3361,unnamed,,NO_POSE,UNKNOWN,0,0,0,0,0,0,0,0,1,0,0,0,0,,,,,,,,,,,,0.94866699,1054.11072,0,,,0,4,301.580353,352.192291,38338,DEFAULT,ADAPTIVE,CAR,
1787973285555,4.72705507,3362,unnamed,,NO_POSE,UNKNOWN,0,0,0,0,0,0,0,0,1,0,0,0,0,,,,,,,,,,,,0.666750014,1499.8125,0,,,0,4,301.581238,352.192291,38338,DEFAULT,ADAPTIVE,CAR,
1787973285556,4.7276268,3363,unnamed,,NO_POSE,UNKNOWN,0,0,0,0,0,0,0,0,1,0,0,0,0,,,,,,,,,,,,0.571500003,1749.78137,0,,,0,4,301.582092,352.192291,38338,DEFAULT,ADAPTIVE,CAR,
1787973285557,4.72823572,3364,unnamed,,NO_POSE,UNKNOWN,0,0,0,0,0,0,0,0,1,0,0,0,0,,,,,,,,,,,,0.609291017,1641.25183,0,,,0,4,301.582977,352.192291,38338,DEFAULT,ADAPTIVE,CAR,
1787973285557,4.7288394,3365,unnamed,,NO_POSE,UNKNOWN,0,0,0,0,0,0,0,0,1,0,0,0,0,,,,,,,,,,,,0.603500009,1657.00085,0,,,0,4,301.583832,352.192291,38338,DEFAULT,ADAPTIVE,CAR,
1787973285558,4.72943592,3366,unnamed,,NO_POSE,UNKNOWN,0,0,0,0,0,0,0,0,1,0,0,0,0,,,,,,,,,,,,0.596542001,1676.32788,0,,,0,4,301.584717,352.192291,38338,DEFAULT,ADAPTIVE,CAR,
1787973285559,4.73009396,3367,unnamed,,NO_POSE,UNKNOWN,0,0,0,0,0,0,0,0,1,0,0,0,0,,,,,,,,,,,,0.657957971,1519.85388,0,,,0,4,301.585571,352.192291,38338,DEFAULT,ADAPTIVE,CAR,
1787973285559,4.73073864,3368,unnamed,,NO_POSE,UNKNOWN,0,0,0,0,0,0,0,0,1,0,0,0,0,,,,,,,,,,,,0.644625008,1551.28955,0,,,0,4,301.586456,352.192291,38338,DEFAULT,ADAPTIVE,CAR,
1787973285560,4.73133469,3369,unnamed,,NO_POSE,UNKNOWN,0,0,0,0,0,0,0,0,1,0,0,0,0,,,,,,,,,,,,0.595916986,1678.08606,0,,,0,4,301.587311,352.192291,38338,DEFAULT,ADAPTIVE,CAR,
1787973285560,4.7319355,3370,unnamed,,NO_POSE,UNKNOWN,0,0,0,0,0,0,0,0,1,0,0,0,0,,,,,,,,,,,,0.601042032,1663.77722,0,,,0,4,301.588196,352.192291,38338,DEFAULT,ADAPTIVE,CAR,
1787973285561,4.73253822,3371,unnamed,,NO_POSE,UNKNOWN,0,0,0,0,0,0,0,0,1,0,0,0,0,,,,,,,,,,,,0.60266602,1659.29382,0,,,0,4,301.589081,352.192291,38338,DEFAULT,ADAPTIVE,CAR,
1787973285562,4.73313522,3372,unnamed,,NO_POSE,UNKNOWN,0,0,0,0,0,0,0,0,1,0,0,0,0,,,,,,,,,,,,0.597124994,1674.69128,0,,,0,4,301.589966,352.192291,38338,DEFAULT,ADAPTIVE,CAR,
1787973285562,4.73388338,3373,unnamed,,NO_POSE,UNKNOWN,0,0,0,0,0,0,0,0,1,0,0,0,0,,,,,,,,,,,,0.747875035,1337.12183,0,,,0,4,301.591278,352.192291,38338,DEFAULT,ADAPTIVE,CAR,
1787973285563,4.7345376,3374,unnamed,,NO_POSE,UNKNOWN,0,0,0,0,0,0,0,0,1,0,0,0,0,,,,,,,,,,,,0.65466696,1527.49414,0,,,0,4,301.592133,352.192291,38338,DEFAULT,ADAPTIVE,CAR,
1787973285564,4.7351346,3375,unnamed,,NO_POSE,UNKNOWN,0,0,0,0,0,0,0,0,1,0,0,0,0,,,,,,,,,,,,0.596666992,1675.97668,0,,,0,4,301.593018,352.192291,38338,DEFAULT,ADAPTIVE,CAR,
1787973285564,4.73573446,3376,unnamed,,NO_POSE,UNKNOWN,0,0,0,0,0,0,0,0,1,0,0,0,0,,,,,,,,,,,,0.600082994,1666.43616,0,,,0,4,301.593872,352.192291,38338,DEFAULT,ADAPTIVE,CAR,
1787973285565,4.73633528,3377,unnamed,,NO_POSE,UNKNOWN,0,0,0,0,0,0,0,0,1,0,0,0,0,,,,,,,,,,,,0.600542009,1665.16248,0,,,0,4,301.594757,352.192291,38338,DEFAULT,ADAPTIVE,CAR,
1787973285565,4.73693466,3378,unnamed,,NO_POSE,UNKNOWN,0,0,0,0,0,0,0,0,1,0,0,0,0,,,,,,,,,,,,0.599541008,1667.94263,0,,,0,4,301.595612,352.192291,38338,DEFAULT,ADAPTIVE,CAR,
1787973285566,4.73754978,3379,unnamed,,NO_POSE,UNKNOWN,0,0,0,0,0,0,0,0,1,0,0,0,0,,,,,,,,,,,,0.614959002,1626.12476,0,,,0,4,301.596497,352.192291,38338,DEFAULT,ADAPTIVE,CAR,
1787973285567,4.7381649,3380,unnamed,,NO_POSE,UNKNOWN,0,0,0,0,0,0,0,0,1,0,0,0,0,,,,,,,,,,,,0.61520803,1625.46655,0,,,0,4,301.597351,352.192291,38338,DEFAULT,ADAPTIVE,CAR,
1787973285567,4.73884058,3381,unnamed,,NO_POSE,UNKNOWN,0,0,0,0,0,0,0,0,1,0,0,0,0,,,,,,,,,,,,0.675667048,1480.01892,0,,,0,4,301.598236,352.192291,38338,DEFAULT,ADAPTIVE,CAR,
1787973285568,4.73954296,3382,unnamed,,NO_POSE,UNKNOWN,0,0,0,0,0,0,0,0,1,0,0,0,0,,,,,,,,,,,,0.702291012,1423.91113,0,,,0,4,301.599091,352.192291,38338,DEFAULT,ADAPTIVE,CAR,
1787973285569,4.74024296,3383,unnamed,,NO_POSE,UNKNOWN,0,0,0,0,0,0,0,0,1,0,0,0,0,,,,,,,,,,,,0.700375021,1427.80652,0,,,0,4,301.599976,352.192291,38338,DEFAULT,ADAPTIVE,CAR,
1787973285569,4.74094725,3384,unnamed,,NO_POSE,UNKNOWN,0,0,0,0,0,0,0,0,1,0,0,0,0,,,,,,,,,,,,0.704167008,1420.11768,0,,,0,4,301.60083,352.192291,38338,DEFAULT,ADAPTIVE,CAR,
1787973285570,4.74164343,3385,unnamed,,NO_POSE,UNKNOWN,0,0,0,0,0,0,0,0,1,0,0,0,0,,,,,,,,,,,,0.695957959,1436.86841,0,,,0,4,301.601715,352.192291,38338,DEFAULT,ADAPTIVE,CAR,
1787973285571,4.74240828,3386,unnamed,,NO_POSE,UNKNOWN,0,0,0,0,0,0,0,0,1,0,0,0,0,,,,,,,,,,,,0.765166998,1306.9043,0,,,0,4,301.602997,352.192291,38338,DEFAULT,ADAPTIVE,CAR,
1787973285571,4.74303579,3387,unnamed,,NO_POSE,UNKNOWN,0,0,0,0,0,0,0,0,1,0,0,0,0,,,,,,,,,,,,0.627541959,1593.51892,0,,,0,4,301.603882,352.192291,38338,DEFAULT,ADAPTIVE,CAR,
1787973285572,4.74363613,3388,unnamed,,NO_POSE,UNKNOWN,0,0,0,0,0,0,0,0,1,0,0,0,0,,,,,,,,,,,,0.600332975,1665.74219,0,,,0,4,301.604736,352.192291,38338,DEFAULT,ADAPTIVE,CAR,
1787973285573,4.74423599,3389,unnamed,,NO_POSE,UNKNOWN,0,0,0,0,0,0,0,0,1,0,0,0,0,,,,,,,,,,,,0.5995,1668.05664,0,,,0,4,301.605621,352.192291,38338,DEFAULT,ADAPTIVE,CAR,
1787973285573,4.7448349,3390,unnamed,,NO_POSE,UNKNOWN,0,0,0,0,0,0,0,0,1,0,0,0,0,,,,,,,,,,,,0.598833025,1669.91455,0,,,0,4,301.606476,352.192291,38338,DEFAULT,ADAPTIVE,CAR,
1787973285574,4.74543142,3391,unnamed,,NO_POSE,UNKNOWN,0,0,0,0,0,0,0,0,1,0,0,0,0,,,,,,,,,,,,0.596750021,1675.74365,0,,,0,4,301.607361,352.192291,38338,DEFAULT,ADAPTIVE,CAR,
1787973285574,4.74603653,3392,unnamed,,NO_POSE,UNKNOWN,0,0,0,0,0,0,0,0,1,0,0,0,0,,,,,,,,,,,,0.605041981,1652.77783,0,,,0,4,301.608215,352.192291,38338,DEFAULT,ADAPTIVE,CAR,
1787973285575,4.74666786,3393,unnamed,,NO_POSE,UNKNOWN,0,0,0,0,0,0,0,0,1,0,0,0,0,,,,,,,,,,,,0.631457984,1583.6366,0,,,0,4,301.6091,352.192291,38338,DEFAULT,ADAPTIVE,CAR,
1787973285576,4.74733686,3394,unnamed,,NO_POSE,UNKNOWN,0,0,0,0,0,0,0,0,1,0,0,0,0,,,,,,,,,,,,0.668834031,1495.13928,0,,,0,4,301.609955,352.192291,38338,DEFAULT,ADAPTIVE,CAR,
1787973285576,4.74794674,3395,unnamed,,NO_POSE,UNKNOWN,0,0,0,0,0,0,0,0,1,0,0,0,0,,,,,,,,,,,,0.609915972,1639.57007,0,,,0,4,301.61084,352.192291,38338,DEFAULT,ADAPTIVE,CAR,
1787973285577,4.74853849,3396,unnamed,,NO_POSE,UNKNOWN,0,0,0,0,0,0,0,0,1,0,0,0,0,,,,,,,,,,,,0.591917038,1689.42603,0,,,0,4,301.611694,352.192291,38338,DEFAULT,ADAPTIVE,CAR,
1787973285578,4.74913263,3397,unnamed,,NO_POSE,UNKNOWN,0,0,0,0,0,0,0,0,1,0,0,0,0,,,,,,,,,,,,0.594083011,1683.26648,0,,,0,4,301.612579,352.192291,38338,DEFAULT,ADAPTIVE,CAR,
1787973285578,4.7497344,3398,unnamed,,NO_POSE,UNKNOWN,0,0,0,0,0,0,0,0,1,0,0,0,0,,,,,,,,,,,,0.601749957,1661.8197,0,,,0,4,301.613434,352.192291,38338,DEFAULT,ADAPTIVE,CAR,
1787973285579,4.7504282,3399,unnamed,,NO_POSE,UNKNOWN,0,0,0,0,0,0,0,0,1,0,0,0,0,,,,,,,,,,,,0.693709016,1441.52661,0,,,0,4,301.614746,352.192291,38338,DEFAULT,ADAPTIVE,CAR,
1787973285579,4.75103569,3400,unnamed,,NO_POSE,UNKNOWN,0,0,0,0,0,0,0,0,1,0,0,0,0,,,,,,,,,,,,0.607375026,1646.42932,0,,,0,4,301.615631,352.192291,38338,DEFAULT,ADAPTIVE,CAR,
1787973285580,4.75163603,3401,unnamed,,NO_POSE,UNKNOWN,0,0,0,0,0,0,0,0,1,0,0,0,0,,,,,,,,,,,,0.600416005,1665.51196,0,,,0,4,301.616486,352.192291,38338,DEFAULT,ADAPTIVE,CAR,
1787973285581,4.75223255,3402,unnamed,,NO_POSE,UNKNOWN,0,0,0,0,0,0,0,0,1,0,0,0,0,,,,,,,,,,,,0.596791983,1675.62573,0,,,0,4,301.617371,352.192291,38338,DEFAULT,ADAPTIVE,CAR,
1787973285581,4.75283575,3403,unnamed,,NO_POSE,UNKNOWN,0,0,0,0,0,0,0,0,1,0,0,0,0,,,,,,,,,,,,0.603083014,1658.14661,0,,,0,4,301.618225,352.192291,38338,DEFAULT,ADAPTIVE,CAR,
1787973285582,4.75343609,3404,unnamed,,NO_POSE,UNKNOWN,0,0,0,0,0,0,0,0,1,0,0,0,0,,,,,,,,,,,,0.60045898,1665.3927,0,,,0,4,301.61911,352.192291,38338,DEFAULT,ADAPTIVE,CAR,
1787973285582,4.75403118,3405,unnamed,,NO_POSE,UNKNOWN,0,0,0,0,0,0,0,0,1,0,0,0,0,,,,,,,,,,,,0.595041037,1680.5564,0,,,0,4,301.619965,352.192291,38338,DEFAULT,ADAPTIVE,CAR,
1787973285583,4.75461721,3406,unnamed,,NO_POSE,UNKNOWN,0,0,0,0,0,0,0,0,1,0,0,0,0,,,,,,,,,,,,0.586083949,1706.24011,0,,,0,4,301.62085,352.192291,38338,DEFAULT,ADAPTIVE,CAR,
1787973285584,4.75523853,3407,unnamed,,NO_POSE,UNKNOWN,0,0,0,0,0,0,0,0,1,0,0,0,0,,,,,,,,,,,,0.621208012,1609.76685,0,,,0,4,301.621704,352.192291,38338,DEFAULT,ADAPTIVE,CAR,
1787973285584,4.75583506,3408,unnamed,,NO_POSE,UNKNOWN,0,0,0,0,0,0,0,0,1,0,0,0,0,,,,,,,,,,,,0.596333027,1676.91541,0,,,0,4,301.622589,352.192291,38338,DEFAULT,ADAPTIVE,CAR,
1787973285585,4.75653934,3409,unnamed,,NO_POSE,UNKNOWN,0,0,0,0,0,0,0,0,1,0,0,0,0,,,,,,,,,,,,0.704291999,1419.86572,0,,,0,4,301.623444,352.192291,38338,DEFAULT,ADAPTIVE,CAR,
1787973285586,4.75712299,3410,unnamed,,NO_POSE,UNKNOWN,0,0,0,0,0,0,0,0,1,0,0,0,0,,,,,,,,,,,,0.583917022,1712.57214,0,,,0,4,301.624329,352.192291,38338,DEFAULT,ADAPTIVE,CAR,
1787973285586,4.75773668,3411,unnamed,,NO_POSE,UNKNOWN,0,0,0,0,0,0,0,0,1,0,0,0,0,,,,,,,,,,,,0.613708019,1629.43945,0,,,0,4,301.625183,352.192291,38338,DEFAULT,ADAPTIVE,CAR,
1787973285587,4.75834942,3412,unnamed,,NO_POSE,UNKNOWN,0,0,0,0,0,0,0,0,1,0,0,0,0,,,,,,,,,,,,0.612749994,1631.98694,0,,,0,4,301.626068,352.192291,38338,DEFAULT,ADAPTIVE,CAR,
1787973285587,4.75892782,3413,unnamed,,NO_POSE,UNKNOWN,0,0,0,0,0,0,0,0,1,0,0,0,0,,,,,,,,,,,,0.578374982,1728.98206,0,,,0,4,301.626923,352.192291,38338,DEFAULT,ADAPTIVE,CAR,
1787973285588,4.75953674,3414,unnamed,,NO_POSE,UNKNOWN,0,0,0,0,0,0,0,0,1,0,0,0,0,,,,,,,,,,,,0.608582973,1643.16125,0,,,0,4,301.626709,352.192291,38338,DEFAULT,ADAPTIVE,CAR,
1787973285589,4.76013517,3415,unnamed,,NO_POSE,UNKNOWN,0,0,0,0,0,0,0,0,1,0,0,0,0,,,,,,,,,,,,0.598500013,1670.84375,0,,,0,4,301.626221,352.192291,38338,DEFAULT,ADAPTIVE,CAR,
1787973285589,4.76073408,3416,unnamed,,NO_POSE,UNKNOWN,0,0,0,0,0,0,0,0,1,0,0,0,0,,,,,,,,,,,,0.59908402,1669.21497,0,,,0,4,301.627106,352.192291,38338,DEFAULT,ADAPTIVE,CAR,
1787973285590,4.76133585,3417,unnamed,,NO_POSE,UNKNOWN,0,0,0,0,0,0,0,0,1,0,0,0,0,,,,,,,,,,,,0.601707995,1661.93567,0,,,0,4,301.627991,352.192291,38338,DEFAULT,ADAPTIVE,CAR,
1787973285590,4.76194048,3418,unnamed,,NO_POSE,UNKNOWN,0,0,0,0,0,0,0,0,1,0,0,0,0,,,,,,,,,,,,0.604874969,1653.23425,0,,,0,4,301.628845,352.192291,38338,DEFAULT,ADAPTIVE,CAR,
1787973285591,4.76253366,3419,unnamed,,NO_POSE,UNKNOWN,0,0,0,0,0,0,0,0,1,0,0,0,0,,,,,,,,,,,,0.593042016,1686.22119,0,,,0,4,301.6297,352.192291,38338,DEFAULT,ADAPTIVE,CAR,
1787973285592,4.76315022,3420,unnamed,,NO_POSE,UNKNOWN,0,0,0,0,0,0,0,0,1,0,0,0,0,,,,,,,,,,,,0.616665959,1621.62341,0,,,0,4,301.630585,352.192291,38338,DEFAULT,ADAPTIVE,CAR,
1787973285592,4.76394272,3421,unnamed,,NO_POSE,UNKNOWN,0,0,0,0,0,0,0,0,1,0,0,0,0,,,,,,,,,,,,0.792459011,1261.8949,0,,,0,4,301.63147,352.192291,38338,DEFAULT,ADAPTIVE,CAR,
1787973285593,4.7646389,3422,unnamed,,NO_POSE,UNKNOWN,0,0,0,0,0,0,0,0,1,0,0,0,0,,,,,,,,,,,,0.695833027,1437.12646,0,,,0,4,301.632324,352.192291,38338,DEFAULT,ADAPTIVE,CAR,
1787973285594,4.76523781,3423,unnamed,,NO_POSE,UNKNOWN,0,0,0,0,0,0,0,0,1,0,0,0,0,,,,,,,,,,,,0.598917007,1669.68042,0,,,0,4,301.633179,352.192291,38338,DEFAULT,ADAPTIVE,CAR,
1787973285594,4.76584148,3424,unnamed,,NO_POSE,UNKNOWN,0,0,0,0,0,0,0,0,1,0,0,0,0,,,,,,,,,,,,0.60383302,1656.08704,0,,,0,4,301.634064,352.192291,38338,DEFAULT,ADAPTIVE,CAR,
1787973285595,4.76642895,3425,unnamed,,NO_POSE,UNKNOWN,0,0,0,0,0,0,0,0,1,0,0,0,0,,,,,,,,,,,,0.587417006,1702.36816,0,,,0,4,301.634949,352.192291,38338,DEFAULT,ADAPTIVE,CAR,
1787973285595,4.76703787,3426,unnamed,,NO_POSE,UNKNOWN,0,0,0,0,0,0,0,0,1,0,0,0,0,,,,,,,,,,,,0.608875036,1642.37317,0,,,0,4,301.635803,352.192291,38338,DEFAULT,ADAPTIVE,CAR,
1787973285596,4.76763296,3427,unnamed,,NO_POSE,UNKNOWN,0,0,0,0,0,0,0,0,1,0,0,0,0,,,,,,,,,,,,0.595375001,1679.61365,0,,,0,4,301.636658,352.192291,38338,DEFAULT,ADAPTIVE,CAR,
1787973285597,4.7682395,3428,unnamed,,NO_POSE,UNKNOWN,0,0,0,0,0,0,0,0,1,0,0,0,0,,,,,,,,,,,,0.606540978,1648.69312,0,,,0,4,301.637543,352.192291,38338,DEFAULT,ADAPTIVE,CAR,
1787973285597,4.76884413,3429,unnamed,,NO_POSE,UNKNOWN,0,0,0,0,0,0,0,0,1,0,0,0,0,,,,,,,,,,,,0.604499996,1654.25977,0,,,0,4,301.638428,352.192291,38338,DEFAULT,ADAPTIVE,CAR,
1787973285598,4.76943731,3430,unnamed,,NO_POSE,UNKNOWN,0,0,0,0,0,0,0,0,1,0,0,0,0,,,,,,,,,,,,0.593166947,1685.86597,0,,,0,4,301.639282,352.192291,38338,DEFAULT,ADAPTIVE,CAR,
1787973285598,4.77003431,3431,unnamed,,NO_POSE,UNKNOWN,0,0,0,0,0,0,0,0,1,0,0,0,0,,,,,,,,,,,,0.596874952,1675.3927,0,,,0,4,301.640137,352.192291,38338,DEFAULT,ADAPTIVE,CAR,
1787973285599,4.77063465,3432,unnamed,,NO_POSE,UNKNOWN,0,0,0,0,0,0,0,0,1,0,0,0,0,,,,,,,,,,,,0.600624979,1664.93237,0,,,0,4,301.641022,352.192291,38338,DEFAULT,ADAPTIVE,CAR,
1787973285600,4.7712369,3433,unnamed,,NO_POSE,UNKNOWN,0,0,0,0,0,0,0,0,1,0,0,0,0,,,,,,,,,,,,0.602124989,1660.78467,0,,,0,4,301.641907,352.192291,38338,DEFAULT,ADAPTIVE,CAR,
1787973285600,4.77182579,3434,unnamed,,NO_POSE,UNKNOWN,0,0,0,0,0,0,0,0,1,0,0,0,0,,,,,,,,,,,,0.588707983,1698.63501,0,,,0,4,301.642761,352.192291,38338,DEFAULT,ADAPTIVE,CAR,
1787973285601,4.77244854,3435,unnamed,,NO_POSE,UNKNOWN,0,0,0,0,0,0,0,0,1,0,0,0,0,,,,,,,,,,,,0.622792006,1605.67249,0,,,0,4,301.643677,352.192291,38338,DEFAULT,ADAPTIVE,CAR,
1787973285602,4.77313948,3436,unnamed,,NO_POSE,UNKNOWN,0,0,0,0,0,0,0,0,1,0,0,0,0,,,,,,,,,,,,0.690791965,1447.61377,0,,,0,4,301.644531,352.192291,38338,DEFAULT,ADAPTIVE,CAR,
1787973285602,4.77383947,3437,unnamed,,NO_POSE,UNKNOWN,0,0,0,0,0,0,0,0,1,0,0,0,0,,,,,,,,,,,,0.700291038,1427.97778,0,,,0,4,301.645416,352.192291,38338,DEFAULT,ADAPTIVE,CAR,
1787973285603,4.77454233,3438,unnamed,,NO_POSE,UNKNOWN,0,0,0,0,0,0,0,0,1,0,0,0,0,,,,,,,,,,,,0.702625036,1423.23425,0,,,0,4,301.646271,352.192291,38338,DEFAULT,ADAPTIVE,CAR,
1787973285604,4.77525711,3439,unnamed,,NO_POSE,UNKNOWN,0,0,0,0,0,0,0,0,1,0,0,0,0,,,,,,,,,,,,0.714917004,1398.76367,0,,,0,4,301.647583,352.192291,38338,DEFAULT,ADAPTIVE,CAR,
1787973285604,4.77583361,3440,unnamed,,NO_POSE,UNKNOWN,0,0,0,0,0,0,0,0,1,0,0,0,0,,,,,,,,,,,,0.576708019,1733.97974,0,,,0,4,301.648438,352.192291,38338,DEFAULT,ADAPTIVE,CAR,
1787973285605,4.77703428,3441,unnamed,,NO_POSE,UNKNOWN,0,0,0,0,0,0,0,0,1,0,0,0,0,,,,,,,,,,,,1.20070899,832.841248,0,,,0,4,301.875,352.192291,38338,DEFAULT,ADAPTIVE,CAR,
1787973285606,4.77763224,3442,unnamed,,NO_POSE,UNKNOWN,0,0,0,0,0,0,0,0,1,0,0,0,0,,,,,,,,,,,,0.597957969,1672.35828,0,,,0,4,301.875885,352.192291,38338,DEFAULT,ADAPTIVE,CAR,
1787973285607,4.77823639,3443,unnamed,,NO_POSE,UNKNOWN,0,0,0,0,0,0,0,0,1,0,0,0,0,,,,,,,,,,,,0.603917003,1655.85669,0,,,0,4,301.87674,352.192291,38338,DEFAULT,ADAPTIVE,CAR,
1787973285607,4.77882862,3444,unnamed,,NO_POSE,UNKNOWN,0,0,0,0,0,0,0,0,1,0,0,0,0,,,,,,,,,,,,0.59245801,1687.8833,0,,,0,4,301.877625,352.192291,38338,DEFAULT,ADAPTIVE,CAR,
1787973285608,4.77946043,3445,unnamed,,NO_POSE,UNKNOWN,0,0,0,0,0,0,0,0,1,0,0,0,0,,,,,,,,,,,,0.631666958,1583.11267,0,,,0,4,301.878479,352.192291,38338,DEFAULT,ADAPTIVE,CAR,
1787973285609,4.78012466,3446,unnamed,,NO_POSE,UNKNOWN,0,0,0,0,0,0,0,0,1,0,0,0,0,,,,,,,,,,,,0.663999975,1506.02417,0,,,0,4,301.879364,352.192291,38338,DEFAULT,ADAPTIVE,CAR,
1787973285609,4.78082895,3447,unnamed,,NO_POSE,UNKNOWN,0,0,0,0,0,0,0,0,1,0,0,0,0,,,,,,,,,,,,0.704374969,1419.69836,0,,,0,4,301.880219,352.192291,38338,DEFAULT,ADAPTIVE,CAR,
1787973285610,4.781425,3448,unnamed,,NO_POSE,UNKNOWN,0,0,0,0,0,0,0,0,1,0,0,0,0,,,,,,,,,,,,0.596125007,1677.50049,0,,,0,4,301.881104,352.192291,38338,DEFAULT,ADAPTIVE,CAR,
1787973285610,4.78203011,3449,unnamed,,NO_POSE,UNKNOWN,0,0,0,0,0,0,0,0,1,0,0,0,0,,,,,,,,,,,,0.605000019,1652.89258,0,,,0,4,301.881958,352.192291,38338,DEFAULT,ADAPTIVE,CAR,
1787973285611,4.78272867,3450,unnamed,,NO_POSE,UNKNOWN,0,0,0,0,0,0,0,0,1,0,0,0,0,,,,,,,,,,,,0.698458016,1431.72534,0,,,0,4,301.88327,352.192291,38338,DEFAULT,ADAPTIVE,CAR,
1787973285612,4.78343821,3451,unnamed,,NO_POSE,UNKNOWN,0,0,0,0,0,0,0,0,1,0,0,0,0,,,,,,,,,,,,0.709958017,1408.53394,0,,,0,4,301.884155,352.192291,38338,DEFAULT,ADAPTIVE,CAR,
1787973285612,4.78402519,3452,unnamed,,NO_POSE,UNKNOWN,0,0,0,0,0,0,0,0,1,0,0,0,0,,,,,,,,,,,,0.58654201,1704.90771,0,,,0,4,301.88501,352.192291,38338,DEFAULT,ADAPTIVE,CAR,
1787973285613,4.78463078,3453,unnamed,,NO_POSE,UNKNOWN,0,0,0,0,0,0,0,0,1,0,0,0,0,,,,,,,,,,,,0.605791986,1650.73169,0,,,0,4,301.885864,352.192291,38338,DEFAULT,ADAPTIVE,CAR,
1787973285614,4.78523445,3454,unnamed,,NO_POSE,UNKNOWN,0,0,0,0,0,0,0,0,1,0,0,0,0,,,,,,,,,,,,0.603666008,1656.54517,0,,,0,4,301.886749,352.192291,38338,DEFAULT,ADAPTIVE,CAR,
1787973285614,4.78582954,3455,unnamed,,NO_POSE,UNKNOWN,0,0,0,0,0,0,0,0,1,0,0,0,0,,,,,,,,,,,,0.59512502,1680.31921,0,,,0,4,301.887634,352.192291,38338,DEFAULT,ADAPTIVE,CAR,
1787973285615,4.78643131,3456,unnamed,,NO_POSE,UNKNOWN,0,0,0,0,0,0,0,0,1,0,0,0,0,,,,,,,,,,,,0.601875007,1661.47449,0,,,0,4,301.888489,352.192291,38338,DEFAULT,ADAPTIVE,CAR,
1787973285615,4.7870307,3457,unnamed,,NO_POSE,UNKNOWN,0,0,0,0,0,0,0,0,1,0,0,0,0,,,,,,,,,,,,0.599209011,1668.86682,0,,,0,4,301.889343,352.192291,38338,DEFAULT,ADAPTIVE,CAR,
1787973285616,4.78763247,3458,unnamed,,NO_POSE,UNKNOWN,0,0,0,0,0,0,0,0,1,0,0,0,0,,,,,,,,,,,,0.601916015,1661.36145,0,,,0,4,301.890228,352.192291,38338,DEFAULT,ADAPTIVE,CAR,
1787973285617,4.78827333,3459,unnamed,,NO_POSE,UNKNOWN,0,0,0,0,0,0,0,0,1,0,0,0,0,,,,,,,,,,,,0.640792012,1560.56873,0,,,0,4,301.891113,352.192291,38338,DEFAULT,ADAPTIVE,CAR,
1787973285618,4.78904009,3460,unnamed,,NO_POSE,UNKNOWN,0,0,0,0,0,0,0,0,1,0,0,0,0,,,,,,,,,,,,0.766833007,1304.06482,0,,,0,4,301.891968,352.192291,38338,DEFAULT,ADAPTIVE,CAR,
1787973285618,4.78975201,3461,unnamed,,NO_POSE,UNKNOWN,0,0,0,0,0,0,0,0,1,0,0,0,0,,,,,,,,,,,,0.712041974,1404.41162,0,,,0,4,301.892822,352.192291,38338,DEFAULT,ADAPTIVE,CAR,
1787973285619,4.79056597,3462,unnamed,,NO_POSE,UNKNOWN,0,0,0,0,0,0,0,0,1,0,0,0,0,,,,,,,,,,,,0.813750029,1228.87866,0,,,0,4,301.893707,352.192291,38338,DEFAULT,ADAPTIVE,CAR,
1787973285620,4.79124022,3463,unnamed,,NO_POSE,UNKNOWN,0,0,0,0,0,0,0,0,1,0,0,0,0,,,,,,,,,,,,0.674124956,1483.40442,0,,,0,4,301.894592,352.192291,38338,DEFAULT,ADAPTIVE,CAR,
1787973285620,4.79202223,3464,unnamed,,NO_POSE,UNKNOWN,0,0,0,0,0,0,0,0,1,0,0,0,0,,,,,,,,,,,,0.782124996,1278.56799,0,,,0,4,301.895874,352.192291,38338,DEFAULT,ADAPTIVE,CAR,
1787973285621,4.7926302,3465,unnamed,,NO_POSE,UNKNOWN,0,0,0,0,0,0,0,0,1,0,0,0,0,,,,,,,,,,,,0.607832968,1645.18884,0,,,0,4,301.896759,352.192291,38338,DEFAULT,ADAPTIVE,CAR,
1787973285622,4.79322195,3466,unnamed,,NO_POSE,UNKNOWN,0,0,0,0,0,0,0,0,1,0,0,0,0,,,,,,,,,,,,0.591917038,1689.42603,0,,,0,4,301.897614,352.192291,38338,DEFAULT,ADAPTIVE,CAR,
1787973285622,4.79383278,3467,unnamed,,NO_POSE,UNKNOWN,0,0,0,0,0,0,0,0,1,0,0,0,0,,,,,,,,,,,,0.611000001,1636.66125,0,,,0,4,301.898499,352.192291,38338,DEFAULT,ADAPTIVE,CAR,
1787973285623,4.79443169,3468,unnamed,,NO_POSE,UNKNOWN,0,0,0,0,0,0,0,0,1,0,0,0,0,,,,,,,,,,,,0.598667026,1670.37769,0,,,0,4,301.899353,352.192291,38338,DEFAULT,ADAPTIVE,CAR,
1787973285623,4.79502821,3469,unnamed,,NO_POSE,UNKNOWN,0,0,0,0,0,0,0,0,1,0,0,0,0,,,,,,,,,,,,0.596457958,1676.56409,0,,,0,4,301.900238,352.192291,38338,DEFAULT,ADAPTIVE,CAR,
1787973285624,4.79562664,3470,unnamed,,NO_POSE,UNKNOWN,0,0,0,0,0,0,0,0,1,0,0,0,0,,,,,,,,,,,,0.598457992,1670.96106,0,,,0,4,301.901093,352.192291,38338,DEFAULT,ADAPTIVE,CAR,
1787973285625,4.79628801,3471,unnamed,,NO_POSE,UNKNOWN,0,0,0,0,0,0,0,0,1,0,0,0,0,,,,,,,,,,,,0.661249995,1512.28735,0,,,0,4,301.901978,352.192291,38338,DEFAULT,ADAPTIVE,CAR,
1787973285625,4.79691744,3472,unnamed,,NO_POSE,UNKNOWN,0,0,0,0,0,0,0,0,1,0,0,0,0,,,,,,,,,,,,0.629417002,1588.77185,0,,,0,4,301.902832,352.192291,38338,DEFAULT,ADAPTIVE,CAR,
1787973285626,4.79752064,3473,unnamed,,NO_POSE,UNKNOWN,0,0,0,0,0,0,0,0,1,0,0,0,0,,,,,,,,,,,,0.603292048,1657.57202,0,,,0,4,301.903717,352.192291,38338,DEFAULT,ADAPTIVE,CAR,
1787973285627,4.79813814,3474,unnamed,,NO_POSE,UNKNOWN,0,0,0,0,0,0,0,0,1,0,0,0,0,,,,,,,,,,,,0.617582977,1619.21558,0,,,0,4,301.904572,352.192291,38338,DEFAULT,ADAPTIVE,CAR,
1787973285627,4.79890728,3475,unnamed,,NO_POSE,UNKNOWN,0,0,0,0,0,0,0,0,1,0,0,0,0,,,,,,,,,,,,0.769124985,1300.17871,0,,,0,4,301.905884,352.192291,38338,DEFAULT,ADAPTIVE,CAR,
1787973285628,4.79953194,3476,unnamed,,NO_POSE,UNKNOWN,0,0,0,0,0,0,0,0,1,0,0,0,0,,,,,,,,,,,,0.624666989,1600.85303,0,,,0,4,301.906738,352.192291,38338,DEFAULT,ADAPTIVE,CAR,
1787973285629,4.80014277,3477,unnamed,,NO_POSE,UNKNOWN,0,0,0,0,0,0,0,0,1,0,0,0,0,,,,,,,,,,,,0.610707998,1637.44373,0,,,0,4,301.907623,352.192291,38338,DEFAULT,ADAPTIVE,CAR,
1787973285629,4.80072927,3478,unnamed,,NO_POSE,UNKNOWN,0,0,0,0,0,0,0,0,1,0,0,0,0,,,,,,,,,,,,0.58654201,1704.90771,0,,,0,4,301.908508,352.192291,38338,DEFAULT,ADAPTIVE,CAR,
1787973285630,4.80132866,3479,unnamed,,NO_POSE,UNKNOWN,0,0,0,0,0,0,0,0,1,0,0,0,0,,,,,,,,,,,,0.599624991,1667.70898,0,,,0,4,301.909363,352.192291,38338,DEFAULT,ADAPTIVE,CAR,
1787973285630,4.80192804,3480,unnamed,,NO_POSE,UNKNOWN,0,0,0,0,0,0,0,0,1,0,0,0,0,,,,,,,,,,,,0.599207997,1668.86963,0,,,0,4,301.910217,352.192291,38338,DEFAULT,ADAPTIVE,CAR,
1787973285631,4.80273485,3481,unnamed,,NO_POSE,UNKNOWN,0,0,0,0,0,0,0,0,1,0,0,0,0,,,,,,,,,,,,0.806832969,1239.41394,0,,,0,4,301.911926,352.192291,38338,DEFAULT,ADAPTIVE,CAR,
1787973285632,4.80332994,3482,unnamed,,NO_POSE,UNKNOWN,0,0,0,0,0,0,0,0,1,0,0,0,0,,,,,,,,,,,,0.595375001,1679.61365,0,,,0,4,301.912781,352.192291,38338,DEFAULT,ADAPTIVE,CAR,
1787973285632,4.80393839,3483,unnamed,,NO_POSE,UNKNOWN,0,0,0,0,0,0,0,0,1,0,0,0,0,,,,,,,,,,,,0.608125031,1644.3988,0,,,0,4,301.913666,352.192291,38338,DEFAULT,ADAPTIVE,CAR,
1787973285633,4.80463028,3484,unnamed,,NO_POSE,UNKNOWN,0,0,0,0,0,0,0,0,1,0,0,0,0,,,,,,,,,,,,0.692209005,1444.65039,0,,,0,4,301.91452,352.192291,38338,DEFAULT,ADAPTIVE,CAR,
1787973285634,4.8053503,3485,unnamed,,NO_POSE,UNKNOWN,0,0,0,0,0,0,0,0,1,0,0,0,0,,,,,,,,,,,,0.719790995,1389.29224,0,,,0,4,301.915405,352.192291,38338,DEFAULT,ADAPTIVE,CAR,
1787973285634,4.80602646,3486,unnamed,,NO_POSE,UNKNOWN,0,0,0,0,0,0,0,0,1,0,0,0,0,,,,,,,,,,,,0.67612499,1479.01648,0,,,0,4,301.91626,352.192291,38338,DEFAULT,ADAPTIVE,CAR,
1787973285635,4.80674601,3487,unnamed,,NO_POSE,UNKNOWN,0,0,0,0,0,0,0,0,1,0,0,0,0,,,,,,,,,,,,0.719459057,1389.93323,0,,,0,4,301.917145,352.192291,38338,DEFAULT,ADAPTIVE,CAR,
1787973285636,4.80743456,3488,unnamed,,NO_POSE,UNKNOWN,0,0,0,0,0,0,0,0,1,0,0,0,0,,,,,,,,,,,,0.688583016,1452.25769,0,,,0,4,301.917999,352.192291,38338,DEFAULT,ADAPTIVE,CAR,
1787973285637,4.80820799,3489,unnamed,,NO_POSE,UNKNOWN,0,0,0,0,0,0,0,0,1,0,0,0,0,,,,,,,,,,,,0.773582995,1292.68604,0,,,0,4,301.919312,352.192291,38338,DEFAULT,ADAPTIVE,CAR,
1787973285637,4.80883121,3490,unnamed,,NO_POSE,UNKNOWN,0,0,0,0,0,0,0,0,1,0,0,0,0,,,,,,,,,,,,0.623209,1604.59814,0,,,0,4,301.920197,352.192291,38338,DEFAULT,ADAPTIVE,CAR,
1787973285638,4.80943155,3491,unnamed,,NO_POSE,UNKNOWN,0,0,0,0,0,0,0,0,1,0,0,0,0,,,,,,,,,,,,0.600082994,1666.43616,0,,,0,4,301.921051,352.192291,38338,DEFAULT,ADAPTIVE,CAR,
1787973285638,4.81003237,3492,unnamed,,NO_POSE,UNKNOWN,0,0,0,0,0,0,0,0,1,0,0,0,0,,,,,,,,,,,,0.600999951,1663.89355,0,,,0,4,301.921936,352.192291,38338,DEFAULT,ADAPTIVE,CAR,
1787973285639,4.81064415,3493,unnamed,,NO_POSE,UNKNOWN,0,0,0,0,0,0,0,0,1,0,0,0,0,,,,,,,,,,,,0.61204195,1633.87488,0,,,0,4,301.922791,352.192291,38338,DEFAULT,ADAPTIVE,CAR,
1787973285640,4.81122971,3494,unnamed,,NO_POSE,UNKNOWN,0,0,0,0,0,0,0,0,1,0,0,0,0,,,,,,,,,,,,0.585500002,1707.94202,0,,,0,4,301.923676,352.192291,38338,DEFAULT,ADAPTIVE,CAR,
1787973285640,4.81202173,3495,unnamed,,NO_POSE,UNKNOWN,0,0,0,0,0,0,0,0,1,0,0,0,0,,,,,,,,,,,,0.791958034,1262.69324,0,,,0,4,301.92453,352.192291,38338,DEFAULT,ADAPTIVE,CAR,
1787973285641,4.81262684,3496,unnamed,,NO_POSE,UNKNOWN,0,0,0,0,0,0,0,0,1,0,0,0,0,,,,,,,,,,,,0.605041981,1652.77783,0,,,0,4,301.925446,352.192291,38338,DEFAULT,ADAPTIVE,CAR,
1787973285642,4.81326628,3497,unnamed,,NO_POSE,UNKNOWN,0,0,0,0,0,0,0,0,1,0,0,0,0,,,,,,,,,,,,0.639290988,1564.23279,0,,,0,4,301.9263,352.192291,38338,DEFAULT,ADAPTIVE,CAR,
1787973285642,4.81393003,3498,unnamed,,NO_POSE,UNKNOWN,0,0,0,0,0,0,0,0,1,0,0,0,0,,,,,,,,,,,,0.663792014,1506.49597,0,,,0,4,301.927185,352.192291,38338,DEFAULT,ADAPTIVE,CAR,
1787973285643,4.81464434,3499,unnamed,,NO_POSE,UNKNOWN,0,0,0,0,0,0,0,0,1,0,0,0,0,,,,,,,,,,,,0.71450001,1399.58008,0,,,0,4,301.92804,352.192291,38338,DEFAULT,ADAPTIVE,CAR,
1787973285644,4.81542063,3500,unnamed,,NO_POSE,UNKNOWN,0,0,0,0,0,0,0,0,1,0,0,0,0,,,,,,,,,,,,0.776167035,1288.38245,0,,,0,4,301.929352,352.192291,38338,DEFAULT,ADAPTIVE,CAR,
1787973285644,4.81602812,3501,unnamed,,NO_POSE,UNKNOWN,0,0,0,0,0,0,0,0,1,0,0,0,0,,,,,,,,,,,,0.607290983,1646.65698,0,,,0,4,301.930237,352.192291,38338,DEFAULT,ADAPTIVE,CAR,
1787973285645,4.81663513,3502,unnamed,,NO_POSE,UNKNOWN,0,0,0,0,0,0,0,0,1,0,0,0,0,,,,,,,,,,,,0.607084036,1647.21851,0,,,0,4,301.931091,352.192291,38338,DEFAULT,ADAPTIVE,CAR,
1787973285646,4.81722498,3503,unnamed,,NO_POSE,UNKNOWN,0,0,0,0,0,0,0,0,1,0,0,0,0,,,,,,,,,,,,0.589958012,1695.03601,0,,,0,4,301.931976,352.192291,38338,DEFAULT,ADAPTIVE,CAR,
1787973285646,4.81782961,3504,unnamed,,NO_POSE,UNKNOWN,0,0,0,0,0,0,0,0,1,0,0,0,0,,,,,,,,,,,,0.604749978,1653.57581,0,,,0,4,301.932831,352.192291,38338,DEFAULT,ADAPTIVE,CAR,
1787973285647,4.81843472,3505,unnamed,,NO_POSE,UNKNOWN,0,0,0,0,0,0,0,0,1,0,0,0,0,,,,,,,,,,,,0.605167031,1652.4364,0,,,0,4,301.933716,352.192291,38338,DEFAULT,ADAPTIVE,CAR,
1787973285647,4.81902981,3506,unnamed,,NO_POSE,UNKNOWN,0,0,0,0,0,0,0,0,1,0,0,0,0,,,,,,,,,,,,0.594749987,1681.37878,0,,,0,4,301.93457,352.192291,38338,DEFAULT,ADAPTIVE,CAR,
1787973285648,4.81963015,3507,unnamed,,NO_POSE,UNKNOWN,0,0,0,0,0,0,0,0,1,0,0,0,0,,,,,,,,,,,,0.600332975,1665.74219,0,,,0,4,301.935455,352.192291,38338,DEFAULT,ADAPTIVE,CAR,
1787973285649,4.8202281,3508,unnamed,,NO_POSE,UNKNOWN,0,0,0,0,0,0,0,0,1,0,0,0,0,,,,,,,,,,,,0.598374963,1671.19287,0,,,0,4,301.93631,352.192291,38338,DEFAULT,ADAPTIVE,CAR,
1787973285649,4.82084751,3509,unnamed,,NO_POSE,UNKNOWN,0,0,0,0,0,0,0,0,1,0,0,0,0,,,,,,,,,,,,0.619042039,1615.39917,0,,,0,4,301.937195,352.192291,38338,DEFAULT,ADAPTIVE,CAR,
1787973285650,4.82153463,3510,unnamed,,NO_POSE,UNKNOWN,0,0,0,0,0,0,0,0,1,0,0,0,0,,,,,,,,,,,,0.687332988,1454.89893,0,,,0,4,301.938049,352.192291,38338,DEFAULT,ADAPTIVE,CAR,
1787973285651,4.82235813,3511,unnamed,,NO_POSE,UNKNOWN,0,0,0,0,0,0,0,0,1,0,0,0,0,,,,,,,,,,,,0.823625028,1214.14478,0,,,0,4,301.938934,352.192291,38338,DEFAULT,ADAPTIVE,CAR,
1787973285652,4.82314587,3512,unnamed,,NO_POSE,UNKNOWN,0,0,0,0,0,0,0,0,1,0,0,0,0,,,,,,,,,,,,0.787500024,1269.84131,0,,,0,4,301.939789,352.192291,38338,DEFAULT,ADAPTIVE,CAR,
1787973285652,4.82382441,3513,unnamed,,NO_POSE,UNKNOWN,0,0,0,0,0,0,0,0,1,0,0,0,0,,,,,,,,,,,,0.678792,1473.20532,0,,,0,4,301.940674,352.192291,38338,DEFAULT,ADAPTIVE,CAR,
1787973285653,4.82458544,3514,unnamed,,NO_POSE,UNKNOWN,0,0,0,0,0,0,0,0,1,0,0,0,0,,,,,,,,,,,,0.760832965,1314.34888,0,,,0,4,301.941956,352.192291,38338,DEFAULT,ADAPTIVE,CAR,
1787973285654,4.82523775,3515,unnamed,,NO_POSE,UNKNOWN,0,0,0,0,0,0,0,0,1,0,0,0,0,,,,,,,,,,,,0.652167022,1533.34961,0,,,0,4,301.942841,352.192291,38338,DEFAULT,ADAPTIVE,CAR,
1787973285654,4.82582855,3516,unnamed,,NO_POSE,UNKNOWN,0,0,0,0,0,0,0,0,1,0,0,0,0,,,,,,,,,,,,0.59108305,1691.80969,0,,,0,4,301.943695,352.192291,38338,DEFAULT,ADAPTIVE,CAR,
1787973285655,4.82642698,3517,unnamed,,NO_POSE,UNKNOWN,0,0,0,0,0,0,0,0,1,0,0,0,0,,,,,,,,,,,,0.598457992,1670.96106,0,,,0,4,301.94458,352.192291,38338,DEFAULT,ADAPTIVE,CAR,
1787973285655,4.82702875,3518,unnamed,,NO_POSE,UNKNOWN,0,0,0,0,0,0,0,0,1,0,0,0,0,,,,,,,,,,,,0.601749957,1661.8197,0,,,0,4,301.945435,352.192291,38338,DEFAULT,ADAPTIVE,CAR,
1787973285656,4.82763386,3519,unnamed,,NO_POSE,UNKNOWN,0,0,0,0,0,0,0,0,1,0,0,0,0,,,,,,,,,,,,0.60491699,1653.11938,0,,,0,4,301.94632,352.192291,38338,DEFAULT,ADAPTIVE,CAR,
1787973285657,4.82823229,3520,unnamed,,NO_POSE,UNKNOWN,0,0,0,0,0,0,0,0,1,0,0,0,0,,,,,,,,,,,,0.598333001,1671.31006,0,,,0,4,301.947174,352.192291,38338,DEFAULT,ADAPTIVE,CAR,
1787973285657,4.8288393,3521,unnamed,,NO_POSE,UNKNOWN,0,0,0,0,0,0,0,0,1,0,0,0,0,,,,,,,,,,,,0.606917024,1647.67175,0,,,0,4,301.948059,352.192291,38338,DEFAULT,ADAPTIVE,CAR,
1787973285658,4.82943487,3522,unnamed,,NO_POSE,UNKNOWN,0,0,0,0,0,0,0,0,1,0,0,0,0,,,,,,,,,,,,0.595583022,1679.0271,0,,,0,4,301.948914,352.192291,38338,DEFAULT,ADAPTIVE,CAR,
1787973285658,4.83005714,3523,unnamed,,NO_POSE,UNKNOWN,0,0,0,0,0,0,0,0,1,0,0,0,0,,,,,,,,,,,,0.622375011,1606.74841,0,,,0,4,301.949799,352.192291,38338,DEFAULT,ADAPTIVE,CAR,
1787973285659,4.83073854,3524,unnamed,,NO_POSE,UNKNOWN,0,0,0,0,0,0,0,0,1,0,0,0,0,,,,,,,,,,,,0.68166703,1466.99194,0,,,0,4,301.950653,352.192291,38338,DEFAULT,ADAPTIVE,CAR,
1787973285660,4.83134604,3525,unnamed,,NO_POSE,UNKNOWN,0,0,0,0,0,0,0,0,1,0,0,0,0,,,,,,,,,,,,0.607375026,1646.42932,0,,,0,4,301.951538,352.192291,38338,DEFAULT,ADAPTIVE,CAR,
1787973285660,4.83205605,3526,unnamed,,NO_POSE,UNKNOWN,0,0,0,0,0,0,0,0,1,0,0,0,0,,,,,,,,,,,,0.710083008,1408.28613,0,,,0,4,301.95285,352.192291,38338,DEFAULT,ADAPTIVE,CAR,
1787973285661,4.83262968,3527,unnamed,,NO_POSE,UNKNOWN,0,0,0,0,0,0,0,0,1,0,0,0,0,,,,,,,,,,,,0.573499978,1743.6792,0,,,0,4,301.953705,352.192291,38338,DEFAULT,ADAPTIVE,CAR,
1787973285662,4.83323717,3528,unnamed,,NO_POSE,UNKNOWN,0,0,0,0,0,0,0,0,1,0,0,0,0,,,,,,,,,,,,0.607625008,1645.75195,0,,,0,4,301.95459,352.192291,38338,DEFAULT,ADAPTIVE,CAR,
1787973285662,4.83383417,3529,unnamed,,NO_POSE,UNKNOWN,0,0,0,0,0,0,0,0,1,0,0,0,0,,,,,,,,,,,,0.596959054,1675.15686,0,,,0,4,301.955444,352.192291,38338,DEFAULT,ADAPTIVE,CAR,
1787973285663,4.83443689,3530,unnamed,,NO_POSE,UNKNOWN,0,0,0,0,0,0,0,0,1,0,0,0,0,,,,,,,,,,,,0.60266602,1659.29382,0,,,0,4,301.956329,352.192291,38338,DEFAULT,ADAPTIVE,CAR,
1787973285663,4.83503342,3531,unnamed,,NO_POSE,UNKNOWN,0,0,0,0,0,0,0,0,1,0,0,0,0,,,,,,,,,,,,0.59662497,1676.09473,0,,,0,4,301.957184,352.192291,38338,DEFAULT,ADAPTIVE,CAR,
1787973285664,4.83564281,3532,unnamed,,NO_POSE,UNKNOWN,0,0,0,0,0,0,0,0,1,0,0,0,0,,,,,,,,,,,,0.609416962,1640.9126,0,,,0,4,301.958069,352.192291,38338,DEFAULT,ADAPTIVE,CAR,
1787973285665,4.83623123,3533,unnamed,,NO_POSE,UNKNOWN,0,0,0,0,0,0,0,0,1,0,0,0,0,,,,,,,,,,,,0.588167012,1700.19739,0,,,0,4,301.958923,352.192291,38338,DEFAULT,ADAPTIVE,CAR,
1787973285665,4.83683062,3534,unnamed,,NO_POSE,UNKNOWN,0,0,0,0,0,0,0,0,1,0,0,0,0,,,,,,,,,,,,0.599541008,1667.94263,0,,,0,4,301.959808,352.192291,38338,DEFAULT,ADAPTIVE,CAR,
1787973285666,4.8374362,3535,unnamed,,NO_POSE,UNKNOWN,0,0,0,0,0,0,0,0,1,0,0,0,0,,,,,,,,,,,,0.605333984,1651.98059,0,,,0,4,301.960663,352.192291,38338,DEFAULT,ADAPTIVE,CAR,
1787973285666,4.83803177,3536,unnamed,,NO_POSE,UNKNOWN,0,0,0,0,0,0,0,0,1,0,0,0,0,,,,,,,,,,,,0.595875025,1678.20422,0,,,0,4,301.961548,352.192291,38338,DEFAULT,ADAPTIVE,CAR,
1787973285667,4.83867836,3537,unnamed,,NO_POSE,UNKNOWN,0,0,0,0,0,0,0,0,1,0,0,0,0,,,,,,,,,,,,0.646499991,1546.79053,0,,,0,4,301.962433,352.192291,38338,DEFAULT,ADAPTIVE,CAR,
1787973285668,4.83944798,3538,unnamed,,NO_POSE,UNKNOWN,0,0,0,0,0,0,0,0,1,0,0,0,0,,,,,,,,,,,,0.769582987,1299.40503,0,,,0,4,301.963318,352.192291,38338,DEFAULT,ADAPTIVE,CAR,
1787973285669,4.84014082,3539,unnamed,,NO_POSE,UNKNOWN,0,0,0,0,0,0,0,0,1,0,0,0,0,,,,,,,,,,,,0.692666948,1443.69519,0,,,0,4,301.964172,352.192291,38338,DEFAULT,ADAPTIVE,CAR,
1787973285669,4.84084177,3540,unnamed,,NO_POSE,UNKNOWN,0,0,0,0,0,0,0,0,1,0,0,0,0,,,,,,,,,,,,0.701291025,1425.94153,0,,,0,4,301.965057,352.192291,38338,DEFAULT,ADAPTIVE,CAR,
1787973285670,4.84169054,3541,unnamed,,NO_POSE,UNKNOWN,0,0,0,0,0,0,0,0,1,0,0,0,0,,,,,,,,,,,,0.848459005,1178.6073,0,,,0,4,301.96637,352.192291,38338,DEFAULT,ADAPTIVE,CAR,
1787973285671,4.84233665,3542,unnamed,,NO_POSE,UNKNOWN,0,0,0,0,0,0,0,0,1,0,0,0,0,,,,,,,,,,,,0.646207988,1547.48938,0,,,0,4,301.967224,352.192291,38338,DEFAULT,ADAPTIVE,CAR,
1787973285671,4.84293461,3543,unnamed,,NO_POSE,UNKNOWN,0,0,0,0,0,0,0,0,1,0,0,0,0,,,,,,,,,,,,0.598167002,1671.77393,0,,,0,4,301.968109,352.192291,38338,DEFAULT,ADAPTIVE,CAR,
1787973285672,4.8435359,3544,unnamed,,NO_POSE,UNKNOWN,0,0,0,0,0,0,0,0,1,0,0,0,0,,,,,,,,,,,,0.601125002,1663.54749,0,,,0,4,301.968964,352.192291,38338,DEFAULT,ADAPTIVE,CAR,
1787973285673,4.84413481,3545,unnamed,,NO_POSE,UNKNOWN,0,0,0,0,0,0,0,0,1,0,0,0,0,,,,,,,,,,,,0.599000037,1669.44897,0,,,0,4,301.969849,352.192291,38338,DEFAULT,ADAPTIVE,CAR,
1787973285673,4.84473515,3546,unnamed,,NO_POSE,UNKNOWN,0,0,0,0,0,0,0,0,1,0,0,0,0,,,,,,,,,,,,0.600207984,1666.08911,0,,,0,4,301.970703,352.192291,38338,DEFAULT,ADAPTIVE,CAR,
1787973285674,4.84533644,3547,unnamed,,NO_POSE,UNKNOWN,0,0,0,0,0,0,0,0,1,0,0,0,0,,,,,,,,,,,,0.601374984,1662.85596,0,,,0,4,301.971588,352.192291,38338,DEFAULT,ADAPTIVE,CAR,
1787973285674,4.84593725,3548,unnamed,,NO_POSE,UNKNOWN,0,0,0,0,0,0,0,0,1,0,0,0,0,,,,,,,,,,,,0.600582957,1665.04883,0,,,0,4,301.972443,352.192291,38338,DEFAULT,ADAPTIVE,CAR,
1787973285675,4.84665775,3549,unnamed,,NO_POSE,UNKNOWN,0,0,0,0,0,0,0,0,1,0,0,0,0,,,,,,,,,,,,0.720750034,1387.4436,0,,,0,4,301.973328,352.192291,38338,DEFAULT,ADAPTIVE,CAR,
1787973285676,4.84732056,3550,unnamed,,NO_POSE,UNKNOWN,0,0,0,0,0,0,0,0,1,0,0,0,0,,,,,,,,,,,,0.662833989,1508.67346,0,,,0,4,301.974182,352.192291,38338,DEFAULT,ADAPTIVE,CAR,
1787973285676,4.84794474,3551,unnamed,,NO_POSE,UNKNOWN,0,0,0,0,0,0,0,0,1,0,0,0,0,,,,,,,,,,,,0.624041021,1602.45874,0,,,0,4,301.975067,352.192291,38338,DEFAULT,ADAPTIVE,CAR,
1787973285677,4.84870672,3552,unnamed,,NO_POSE,UNKNOWN,0,0,0,0,0,0,0,0,1,0,0,0,0,,,,,,,,,,,,0.762125015,1312.12073,0,,,0,4,301.976349,352.192291,38338,DEFAULT,ADAPTIVE,CAR,
1787973285678,4.84933043,3553,unnamed,,NO_POSE,UNKNOWN,0,0,0,0,0,0,0,0,1,0,0,0,0,,,,,,,,,,,,0.62362498,1603.52771,0,,,0,4,301.977234,352.192291,38338,DEFAULT,ADAPTIVE,CAR,
1787973285678,4.84993649,3554,unnamed,,NO_POSE,UNKNOWN,0,0,0,0,0,0,0,0,1,0,0,0,0,,,,,,,,,,,,0.605917037,1650.39099,0,,,0,4,301.978088,352.192291,38338,DEFAULT,ADAPTIVE,CAR,
1787973285679,4.85053682,3555,unnamed,,NO_POSE,UNKNOWN,0,0,0,0,0,0,0,0,1,0,0,0,0,,,,,,,,,,,,0.600458026,1665.39539,0,,,0,4,301.978973,352.192291,38338,DEFAULT,ADAPTIVE,CAR,
1787973285680,4.85113001,3556,unnamed,,NO_POSE,UNKNOWN,0,0,0,0,0,0,0,0,1,0,0,0,0,,,,,,,,,,,,0.593042016,1686.22119,0,,,0,4,301.979828,352.192291,38338,DEFAULT,ADAPTIVE,CAR,
1787973285680,4.85174322,3557,unnamed,,NO_POSE,UNKNOWN,0,0,0,0,0,0,0,0,1,0,0,0,0,,,,,,,,,,,,0.613417029,1630.2124,0,,,0,4,301.980713,352.192291,38338,DEFAULT,ADAPTIVE,CAR,
1787973285681,4.85233879,3558,unnamed,,NO_POSE,UNKNOWN,0,0,0,0,0,0,0,0,1,0,0,0,0,,,,,,,,,,,,0.595749974,1678.5564,0,,,0,4,301.981567,352.192291,38338,DEFAULT,ADAPTIVE,CAR,
1787973285681,4.85293341,3559,unnamed,,NO_POSE,UNKNOWN,0,0,0,0,0,0,0,0,1,0,0,0,0,,,,,,,,,,,,0.594624996,1681.73218,0,,,0,4,301.982452,352.192291,38338,DEFAULT,ADAPTIVE,CAR,
1787973285682,4.85353851,3560,unnamed,,NO_POSE,UNKNOWN,0,0,0,0,0,0,0,0,1,0,0,0,0,,,,,,,,,,,,0.604874969,1653.23425,0,,,0,4,301.983307,352.192291,38338,DEFAULT,ADAPTIVE,CAR,
1787973285683,4.85413361,3561,unnamed,,NO_POSE,UNKNOWN,0,0,0,0,0,0,0,0,1,0,0,0,0,,,,,,,,,,,,0.59525001,1679.96643,0,,,0,4,301.984192,352.192291,38338,DEFAULT,ADAPTIVE,CAR,
1787973285683,4.85475111,3562,unnamed,,NO_POSE,UNKNOWN,0,0,0,0,0,0,0,0,1,0,0,0,0,,,,,,,,,,,,0.617208004,1620.19934,0,,,0,4,301.985046,352.192291,38338,DEFAULT,ADAPTIVE,CAR,
1787973285684,4.85545015,3563,unnamed,,NO_POSE,UNKNOWN,0,0,0,0,0,0,0,0,1,0,0,0,0,,,,,,,,,,,,0.699374974,1429.84802,0,,,0,4,301.985931,352.192291,38338,DEFAULT,ADAPTIVE,CAR,
1787973285685,4.85614109,3564,unnamed,,NO_POSE,UNKNOWN,0,0,0,0,0,0,0,0,1,0,0,0,0,,,,,,,,,,,,0.690791965,1447.61377,0,,,0,4,301.986786,352.192291,38338,DEFAULT,ADAPTIVE,CAR,
1787973285685,4.85673237,3565,unnamed,,NO_POSE,UNKNOWN,0,0,0,0,0,0,0,0,1,0,0,0,0,,,,,,,,,,,,0.59108305,1691.80969,0,,,0,4,301.987671,352.192291,38338,DEFAULT,ADAPTIVE,CAR,
1787973285686,4.8574481,3566,unnamed,,NO_POSE,UNKNOWN,0,0,0,0,0,0,0,0,1,0,0,0,0,,,,,,,,,,,,0.715916991,1396.81006,0,,,0,4,301.988525,352.192291,38338,DEFAULT,ADAPTIVE,CAR,
1787973285686,4.85803461,3567,unnamed,,NO_POSE,UNKNOWN,0,0,0,0,0,0,0,0,1,0,0,0,0,,,,,,,,,,,,0.58662504,1704.6665,0,,,0,4,301.98941,352.192291,38338,DEFAULT,ADAPTIVE,CAR,
1787973285687,4.85863304,3568,unnamed,,NO_POSE,UNKNOWN,0,0,0,0,0,0,0,0,1,0,0,0,0,,,,,,,,,,,,0.598250031,1671.54199,0,,,0,4,301.990265,352.192291,38338,DEFAULT,ADAPTIVE,CAR,
1787973285688,4.85924292,3569,unnamed,,NO_POSE,UNKNOWN,0,0,0,0,0,0,0,0,1,0,0,0,0,,,,,,,,,,,,0.609957993,1639.45703,0,,,0,4,301.99115,352.192291,38338,DEFAULT,ADAPTIVE,CAR,
1787973285688,4.85983419,3570,unnamed,,NO_POSE,UNKNOWN,0,0,0,0,0,0,0,0,1,0,0,0,0,,,,,,,,,,,,0.591207981,1691.45215,0,,,0,4,301.992004,352.192291,38338,DEFAULT,ADAPTIVE,CAR,
1787973285689,4.86042738,3571,unnamed,,NO_POSE,UNKNOWN,0,0,0,0,0,0,0,0,1,0,0,0,0,,,,,,,,,,,,0.593291998,1685.51062,0,,,0,4,301.992889,352.192291,38338,DEFAULT,ADAPTIVE,CAR,
1787973285689,4.8610425,3572,unnamed,,NO_POSE,UNKNOWN,0,0,0,0,0,0,0,0,1,0,0,0,0,,,,,,,,,,,,0.615125,1625.68579,0,,,0,4,301.993744,352.192291,38338,DEFAULT,ADAPTIVE,CAR,
1787973285690,4.86163664,3573,unnamed,,NO_POSE,UNKNOWN,0,0,0,0,0,0,0,0,1,0,0,0,0,,,,,,,,,,,,0.593999982,1683.50171,0,,,0,4,301.994629,352.192291,38338,DEFAULT,ADAPTIVE,CAR,
1787973285691,4.86224794,3574,unnamed,,NO_POSE,UNKNOWN,0,0,0,0,0,0,0,0,1,0,0,0,0,,,,,,,,,,,,0.611249983,1635.99182,0,,,0,4,301.995483,352.192291,38338,DEFAULT,ADAPTIVE,CAR,
1787973285691,4.86299086,3575,unnamed,,NO_POSE,UNKNOWN,0,0,0,0,0,0,0,0,1,0,0,0,0,,,,,,,,,,,,0.743083,1345.74463,0,,,0,4,301.996368,352.192291,38338,DEFAULT,ADAPTIVE,CAR,
1787973285692,4.86375093,3576,unnamed,,NO_POSE,UNKNOWN,0,0,0,0,0,0,0,0,1,0,0,0,0,,,,,,,,,,,,0.759958982,1315.86047,0,,,0,4,301.997223,352.192291,38338,DEFAULT,ADAPTIVE,CAR,
1787973285693,4.86443758,3577,unnamed,,NO_POSE,UNKNOWN,0,0,0,0,0,0,0,0,1,0,0,0,0,,,,,,,,,,,,0.686875045,1455.8689,0,,,0,4,301.998108,352.192291,38338,DEFAULT,ADAPTIVE,CAR,
1787973285694,4.86514854,3578,unnamed,,NO_POSE,UNKNOWN,0,0,0,0,0,0,0,0,1,0,0,0,0,,,,,,,,,,,,0.710915983,1406.63599,0,,,0,4,301.99942,352.192291,38338,DEFAULT,ADAPTIVE,CAR,
1787973285694,4.86573982,3579,unnamed,,NO_POSE,UNKNOWN,0,0,0,0,0,0,0,0,1,0,0,0,0,,,,,,,,,,,,0.590958953,1692.16479,0,,,0,4,302.000275,352.192291,38338,DEFAULT,ADAPTIVE,CAR,
1787973285695,4.86633348,3580,unnamed,,NO_POSE,UNKNOWN,0,0,0,0,0,0,0,0,1,0,0,0,0,,,,,,,,,,,,0.594083011,1683.26648,0,,,0,4,302.00116,352.192291,38338,DEFAULT,ADAPTIVE,CAR,
1787973285695,4.86693335,3581,unnamed,,NO_POSE,UNKNOWN,0,0,0,0,0,0,0,0,1,0,0,0,0,,,,,,,,,,,,0.599417031,1668.2876,0,,,0,4,302.002014,352.192291,38338,DEFAULT,ADAPTIVE,CAR,
1787973285696,4.86753988,3582,unnamed,,NO_POSE,UNKNOWN,0,0,0,0,0,0,0,0,1,0,0,0,0,,,,,,,,,,,,0.606957972,1647.56042,0,,,0,4,302.002899,352.192291,38338,DEFAULT,ADAPTIVE,CAR,
1787973285697,4.86812973,3583,unnamed,,NO_POSE,UNKNOWN,0,0,0,0,0,0,0,0,1,0,0,0,0,,,,,,,,,,,,0.589874983,1695.27454,0,,,0,4,302.003754,352.192291,38338,DEFAULT,ADAPTIVE,CAR,
1787973285697,4.86873722,3584,unnamed,,NO_POSE,UNKNOWN,0,0,0,0,0,0,0,0,1,0,0,0,0,,,,,,,,,,,,0.607167006,1646.99329,0,,,0,4,302.004639,352.192291,38338,DEFAULT,ADAPTIVE,CAR,
1787973285698,4.86933184,3585,unnamed,,NO_POSE,UNKNOWN,0,0,0,0,0,0,0,0,1,0,0,0,0,,,,,,,,,,,,0.594708025,1681.49744,0,,,0,4,302.005493,352.192291,38338,DEFAULT,ADAPTIVE,CAR,
1787973285698,4.86993694,3586,unnamed,,NO_POSE,UNKNOWN,0,0,0,0,0,0,0,0,1,0,0,0,0,,,,,,,,,,,,0.605250001,1652.20984,0,,,0,4,302.006378,352.192291,38338,DEFAULT,ADAPTIVE,CAR,
1787973285699,4.8705349,3587,unnamed,,NO_POSE,UNKNOWN,0,0,0,0,0,0,0,0,1,0,0,0,0,,,,,,,,,,,,0.597666979,1673.17249,0,,,0,4,302.007233,352.192291,38338,DEFAULT,ADAPTIVE,CAR,
1787973285700,4.87122774,3588,unnamed,,NO_POSE,UNKNOWN,0,0,0,0,0,0,0,0,1,0,0,0,0,,,,,,,,,,,,0.69312501,1442.74121,0,,,0,4,302.008118,352.192291,38338,DEFAULT,ADAPTIVE,CAR,
1787973285700,4.87193346,3589,unnamed,,NO_POSE,UNKNOWN,0,0,0,0,0,0,0,0,1,0,0,0,0,,,,,,,,,,,,0.705750048,1416.93225,0,,,0,4,302.008972,352.192291,38338,DEFAULT,ADAPTIVE,CAR,
1787973285701,4.87265682,3590,unnamed,,NO_POSE,UNKNOWN,0,0,0,0,0,0,0,0,1,0,0,0,0,,,,,,,,,,,,0.723375022,1382.40881,0,,,0,4,302.009857,352.192291,38338,DEFAULT,ADAPTIVE,CAR,
1787973285702,4.87334204,3591,unnamed,,NO_POSE,UNKNOWN,0,0,0,0,0,0,0,0,1,0,0,0,0,,,,,,,,,,,,0.685249984,1459.32141,0,,,0,4,302.010712,352.192291,38338,DEFAULT,ADAPTIVE,CAR,
1787973285702,4.87404585,3592,unnamed,,NO_POSE,UNKNOWN,0,0,0,0,0,0,0,0,1,0,0,0,0,,,,,,,,,,,,0.703750014,1420.95911,0,,,0,4,302.011597,352.192291,38338,DEFAULT,ADAPTIVE,CAR,
1787973285703,4.87474108,3593,unnamed,,NO_POSE,UNKNOWN,0,0,0,0,0,0,0,0,1,0,0,0,0,,,,,,,,,,,,0.695207953,1438.41846,0,,,0,4,302.012451,352.192291,38338,DEFAULT,ADAPTIVE,CAR,
1787973285704,4.87533569,3594,unnamed,,NO_POSE,UNKNOWN,0,0,0,0,0,0,0,0,1,0,0,0,0,,,,,,,,,,,,0.594666958,1681.6134,0,,,0,4,302.013336,352.192291,38338,DEFAULT,ADAPTIVE,CAR,
1787973285704,4.87593174,3595,unnamed,,NO_POSE,UNKNOWN,0,0,0,0,0,0,0,0,1,0,0,0,0,,,,,,,,,,,,0.595749974,1678.5564,0,,,0,4,302.014191,352.192291,38338,DEFAULT,ADAPTIVE,CAR,
1787973285705,4.87653923,3596,unnamed,,NO_POSE,UNKNOWN,0,0,0,0,0,0,0,0,1,0,0,0,0,,,,,,,,,,,,0.607749999,1645.41345,0,,,0,4,301.792603,352.192291,38338,DEFAULT,ADAPTIVE,CAR,
1787973285706,4.87713385,3597,unnamed,,NO_POSE,UNKNOWN,0,0,0,0,0,0,0,0,1,0,0,0,0,,,,,,,,,,,,0.594541013,1681.96973,0,,,0,4,301.790833,352.192291,38338,DEFAULT,ADAPTIVE,CAR,
1787973285706,4.87773371,3598,unnamed,,NO_POSE,UNKNOWN,0,0,0,0,0,0,0,0,1,0,0,0,0,,,,,,,,,,,,0.599834025,1667.12781,0,,,0,4,301.791687,352.192291,38338,DEFAULT,ADAPTIVE,CAR,
1787973285707,4.87832785,3599,unnamed,,NO_POSE,UNKNOWN,0,0,0,0,0,0,0,0,1,0,0,0,0,,,,,,,,,,,,0.59395802,1683.62073,0,,,0,4,301.792572,352.192291,38338,DEFAULT,ADAPTIVE,CAR,
1787973285707,4.87893152,3600,unnamed,,NO_POSE,UNKNOWN,0,0,0,0,0,0,0,0,1,0,0,0,0,,,,,,,,,,,,0.604042053,1655.51392,0,,,0,4,301.793427,352.192291,38338,DEFAULT,ADAPTIVE,CAR,
1787973285708,4.87972927,3601,unnamed,,NO_POSE,UNKNOWN,0,0,0,0,0,0,0,0,1,0,0,0,0,,,,,,,,,,,,0.797333002,1254.18115,0,,,0,4,301.795135,352.192291,38338,DEFAULT,ADAPTIVE,CAR,
1787973285709,4.88044071,3602,unnamed,,NO_POSE,UNKNOWN,0,0,0,0,0,0,0,0,1,0,0,0,0,,,,,,,,,,,,0.711499989,1405.48132,0,,,0,4,301.79599,352.192291,38338,DEFAULT,ADAPTIVE,CAR,
1787973285709,4.88102865,3603,unnamed,,NO_POSE,UNKNOWN,0,0,0,0,0,0,0,0,1,0,0,0,0,,,,,,,,,,,,0.58791697,1700.92041,0,,,0,4,301.796875,352.192291,38338,DEFAULT,ADAPTIVE,CAR,
1787973285710,4.88179302,3604,unnamed,,NO_POSE,UNKNOWN,0,0,0,0,0,0,0,0,1,0,0,0,0,,,,,,,,,,,,0.764458001,1308.11633,0,,,0,4,301.798157,352.192291,38338,DEFAULT,ADAPTIVE,CAR,
1787973285711,4.88244009,3605,unnamed,,NO_POSE,UNKNOWN,0,0,0,0,0,0,0,0,1,0,0,0,0,,,,,,,,,,,,0.647208035,1545.09827,0,,,0,4,301.799042,352.192291,38338,DEFAULT,ADAPTIVE,CAR,
1787973285711,4.88305235,3606,unnamed,,NO_POSE,UNKNOWN,0,0,0,0,0,0,0,0,1,0,0,0,0,,,,,,,,,,,,0.612167001,1633.54114,0,,,0,4,301.799896,352.192291,38338,DEFAULT,ADAPTIVE,CAR,
1787973285712,4.88373756,3607,unnamed,,NO_POSE,UNKNOWN,0,0,0,0,0,0,0,0,1,0,0,0,0,,,,,,,,,,,,0.685082972,1459.67725,0,,,0,4,301.800781,352.192291,38338,DEFAULT,ADAPTIVE,CAR,
1787973285713,4.88432693,3608,unnamed,,NO_POSE,UNKNOWN,0,0,0,0,0,0,0,0,1,0,0,0,0,,,,,,,,,,,,0.589667022,1695.87244,0,,,0,4,301.801697,352.192291,38338,DEFAULT,ADAPTIVE,CAR,
1787973285713,4.88492632,3609,unnamed,,NO_POSE,UNKNOWN,0,0,0,0,0,0,0,0,1,0,0,0,0,,,,,,,,,,,,0.599041998,1669.33203,0,,,0,4,301.802551,352.192291,38338,DEFAULT,ADAPTIVE,CAR,
1787973285714,4.88553476,3610,unnamed,,NO_POSE,UNKNOWN,0,0,0,0,0,0,0,0,1,0,0,0,0,,,,,,,,,,,,0.608832955,1642.48657,0,,,0,4,301.803436,352.192291,38338,DEFAULT,ADAPTIVE,CAR,
1787973285715,4.88612652,3611,unnamed,,NO_POSE,UNKNOWN,0,0,0,0,0,0,0,0,1,0,0,0,0,,,,,,,,,,,,0.591666996,1690.13989,0,,,0,4,301.804291,352.192291,38338,DEFAULT,ADAPTIVE,CAR,
1787973285715,4.88673925,3612,unnamed,,NO_POSE,UNKNOWN,0,0,0,0,0,0,0,0,1,0,0,0,0,,,,,,,,,,,,0.612791002,1631.87781,0,,,0,4,301.805176,352.192291,38338,DEFAULT,ADAPTIVE,CAR,
1787973285716,4.88744307,3613,unnamed,,NO_POSE,UNKNOWN,0,0,0,0,0,0,0,0,1,0,0,0,0,,,,,,,,,,,,0.703833997,1420.78955,0,,,0,4,301.806458,352.192291,38338,DEFAULT,ADAPTIVE,CAR,
1787973285717,4.88813925,3614,unnamed,,NO_POSE,UNKNOWN,0,0,0,0,0,0,0,0,1,0,0,0,0,,,,,,,,,,,,0.695915997,1436.95496,0,,,0,4,301.807343,352.192291,38338,DEFAULT,ADAPTIVE,CAR,
1787973285717,4.88884068,3615,unnamed,,NO_POSE,UNKNOWN,0,0,0,0,0,0,0,0,1,0,0,0,0,,,,,,,,,,,,0.701667011,1425.17749,0,,,0,4,301.808197,352.192291,38338,DEFAULT,ADAPTIVE,CAR,
1787973285718,4.88954306,3616,unnamed,,NO_POSE,UNKNOWN,0,0,0,0,0,0,0,0,1,0,0,0,0,,,,,,,,,,,,0.702458024,1423.57263,0,,,0,4,301.809082,352.192291,38338,DEFAULT,ADAPTIVE,CAR,
1787973285719,4.89025497,3617,unnamed,,NO_POSE,UNKNOWN,0,0,0,0,0,0,0,0,1,0,0,0,0,,,,,,,,,,,,0.711667001,1405.15161,0,,,0,4,301.809937,352.192291,38338,DEFAULT,ADAPTIVE,CAR,
1787973285719,4.89093304,3618,unnamed,,NO_POSE,UNKNOWN,0,0,0,0,0,0,0,0,1,0,0,0,0,,,,,,,,,,,,0.678083003,1474.74573,0,,,0,4,301.810852,352.192291,38338,DEFAULT,ADAPTIVE,CAR,
1787973285720,4.89153147,3619,unnamed,,NO_POSE,UNKNOWN,0,0,0,0,0,0,0,0,1,0,0,0,0,,,,,,,,,,,,0.598334014,1671.30725,0,,,0,4,301.811737,352.192291,38338,DEFAULT,ADAPTIVE,CAR,
1787973285721,4.89212847,3620,unnamed,,NO_POSE,UNKNOWN,0,0,0,0,0,0,0,0,1,0,0,0,0,,,,,,,,,,,,0.59691602,1675.27759,0,,,0,4,301.812592,352.192291,38338,DEFAULT,ADAPTIVE,CAR,
1787973285721,4.89273882,3621,unnamed,,NO_POSE,UNKNOWN,0,0,0,0,0,0,0,0,1,0,0,0,0,,,,,,,,,,,,0.610709012,1637.44104,0,,,0,4,301.813477,352.192291,38338,DEFAULT,ADAPTIVE,CAR,
1787973285722,4.89333916,3622,unnamed,,NO_POSE,UNKNOWN,0,0,0,0,0,0,0,0,1,0,0,0,0,,,,,,,,,,,,0.600041032,1666.55273,0,,,0,4,301.814331,352.192291,38338,DEFAULT,ADAPTIVE,CAR,
1787973285722,4.89393139,3623,unnamed,,NO_POSE,UNKNOWN,0,0,0,0,0,0,0,0,1,0,0,0,0,,,,,,,,,,,,0.59216702,1688.71277,0,,,0,4,301.815216,352.192291,38338,DEFAULT,ADAPTIVE,CAR,
1787973285723,4.89453077,3624,unnamed,,NO_POSE,UNKNOWN,0,0,0,0,0,0,0,0,1,0,0,0,0,,,,,,,,,,,,0.59958303,1667.82568,0,,,0,4,301.816071,352.192291,38338,DEFAULT,ADAPTIVE,CAR,
1787973285724,4.89513493,3625,unnamed,,NO_POSE,UNKNOWN,0,0,0,0,0,0,0,0,1,0,0,0,0,,,,,,,,,,,,0.604333997,1654.71411,0,,,0,4,301.816956,352.192291,38338,DEFAULT,ADAPTIVE,CAR,
1787973285724,4.89589834,3626,unnamed,,NO_POSE,UNKNOWN,0,0,0,0,0,0,0,0,1,0,0,0,0,,,,,,,,,,,,0.76316601,1310.33093,0,,,0,4,301.818237,352.192291,38338,DEFAULT,ADAPTIVE,CAR,
1787973285725,4.89657497,3627,unnamed,,NO_POSE,UNKNOWN,0,0,0,0,0,0,0,0,1,0,0,0,0,,,,,,,,,,,,0.676749945,1477.65063,0,,,0,4,301.819122,352.192291,38338,DEFAULT,ADAPTIVE,CAR,
1787973285726,4.8973341,3628,unnamed,,NO_POSE,UNKNOWN,0,0,0,0,0,0,0,0,1,0,0,0,0,,,,,,,,,,,,0.759167016,1317.23315,0,,,0,4,301.819977,352.192291,38338,DEFAULT,ADAPTIVE,CAR,
1787973285726,4.89803743,3629,unnamed,,NO_POSE,UNKNOWN,0,0,0,0,0,0,0,0,1,0,0,0,0,,,,,,,,,,,,0.703457952,1421.54907,0,,,0,4,301.820862,352.192291,38338,DEFAULT,ADAPTIVE,CAR,
1787973285727,4.89863157,3630,unnamed,,NO_POSE,UNKNOWN,0,0,0,0,0,0,0,0,1,0,0,0,0,,,,,,,,,,,,0.593708992,1684.32678,0,,,0,4,301.821716,352.192291,38338,DEFAULT,ADAPTIVE,CAR,
1787973285728,4.89921999,3631,unnamed,,NO_POSE,UNKNOWN,0,0,0,0,0,0,0,0,1,0,0,0,0,,,,,,,,,,,,0.58841598,1699.47791,0,,,0,4,301.822601,352.192291,38338,DEFAULT,ADAPTIVE,CAR,
1787973285728,4.89983463,3632,unnamed,,NO_POSE,UNKNOWN,0,0,0,0,0,0,0,0,1,0,0,0,0,,,,,,,,,,,,0.61470896,1626.78601,0,,,0,4,301.823456,352.192291,38338,DEFAULT,ADAPTIVE,CAR,
1787973285729,4.90042686,3633,unnamed,,NO_POSE,UNKNOWN,0,0,0,0,0,0,0,0,1,0,0,0,0,,,,,,,,,,,,0.592290998,1688.35925,0,,,0,4,301.824341,352.192291,38338,DEFAULT,ADAPTIVE,CAR,
1787973285729,4.90103674,3634,unnamed,,NO_POSE,UNKNOWN,0,0,0,0,0,0,0,0,1,0,0,0,0,,,,,,,,,,,,0.610166967,1638.89563,0,,,0,4,301.825195,352.192291,38338,DEFAULT,ADAPTIVE,CAR,
1787973285730,4.90162802,3635,unnamed,,NO_POSE,UNKNOWN,0,0,0,0,0,0,0,0,1,0,0,0,0,,,,,,,,,,,,0.591291964,1691.21179,0,,,0,4,301.82608,352.192291,38338,DEFAULT,ADAPTIVE,CAR,
1787973285731,4.90223265,3636,unnamed,,NO_POSE,UNKNOWN,0,0,0,0,0,0,0,0,1,0,0,0,0,,,,,,,,,,,,0.604250014,1654.94409,0,,,0,4,301.826935,352.192291,38338,DEFAULT,ADAPTIVE,CAR,
1787973285731,4.90283394,3637,unnamed,,NO_POSE,UNKNOWN,0,0,0,0,0,0,0,0,1,0,0,0,0,,,,,,,,,,,,0.601583004,1662.28101,0,,,0,4,301.82782,352.192291,38338,DEFAULT,ADAPTIVE,CAR,
1787973285732,4.90358496,3638,unnamed,,NO_POSE,UNKNOWN,0,0,0,0,0,0,0,0,1,0,0,0,0,,,,,,,,,,,,0.750874996,1331.77966,0,,,0,4,301.829132,352.192291,38338,DEFAULT,ADAPTIVE,CAR,
1787973285733,4.9042263,3639,unnamed,,NO_POSE,UNKNOWN,0,0,0,0,0,0,0,0,1,0,0,0,0,,,,,,,,,,,,0.641542017,1558.74438,0,,,0,4,301.829987,352.192291,38338,DEFAULT,ADAPTIVE,CAR,
1787973285733,4.90486813,3640,unnamed,,NO_POSE,UNKNOWN,0,0,0,0,0,0,0,0,1,0,0,0,0,,,,,,,,,,,,0.641665995,1558.44312,0,,,0,4,301.830872,352.192291,38338,DEFAULT,ADAPTIVE,CAR,
1787973285734,4.9055357,3641,unnamed,,NO_POSE,UNKNOWN,0,0,0,0,0,0,0,0,1,0,0,0,0,,,,,,,,,,,,0.667541981,1498.03308,0,,,0,4,301.831726,352.192291,38338,DEFAULT,ADAPTIVE,CAR,
1787973285735,4.90624523,3642,unnamed,,NO_POSE,UNKNOWN,0,0,0,0,0,0,0,0,1,0,0,0,0,,,,,,,,,,,,0.709291995,1409.85657,0,,,0,4,301.832611,352.192291,38338,DEFAULT,ADAPTIVE,CAR,
1787973285735,4.90693331,3643,unnamed,,NO_POSE,UNKNOWN,0,0,0,0,0,0,0,0,1,0,0,0,0,,,,,,,,,,,,0.688457966,1452.52148,0,,,0,4,301.833466,352.192291,38338,DEFAULT,ADAPTIVE,CAR,
1787973285736,4.90763903,3644,unnamed,,NO_POSE,UNKNOWN,0,0,0,0,0,0,0,0,1,0,0,0,0,,,,,,,,,,,,0.705375016,1417.68567,0,,,0,4,301.834351,352.192291,38338,DEFAULT,ADAPTIVE,CAR,
1787973285737,4.90834284,3645,unnamed,,NO_POSE,UNKNOWN,0,0,0,0,0,0,0,0,1,0,0,0,0,,,,,,,,,,,,0.703832984,1420.7915,0,,,0,4,301.835205,352.192291,38338,DEFAULT,ADAPTIVE,CAR,
1787973285737,4.90903378,3646,unnamed,,NO_POSE,UNKNOWN,0,0,0,0,0,0,0,0,1,0,0,0,0,,,,,,,,,,,,0.690917015,1447.35181,0,,,0,4,301.83609,352.192291,38338,DEFAULT,ADAPTIVE,CAR,
1787973285738,4.90963268,3647,unnamed,,NO_POSE,UNKNOWN,0,0,0,0,0,0,0,0,1,0,0,0,0,,,,,,,,,,,,0.599000037,1669.44897,0,,,0,4,301.836975,352.192291,38338,DEFAULT,ADAPTIVE,CAR,
1787973285739,4.91023445,3648,unnamed,,NO_POSE,UNKNOWN,0,0,0,0,0,0,0,0,1,0,0,0,0,,,,,,,,,,,,0.602042019,1661.01367,0,,,0,4,301.83786,352.192291,38338,DEFAULT,ADAPTIVE,CAR,
1787973285739,4.91083097,3649,unnamed,,NO_POSE,UNKNOWN,0,0,0,0,0,0,0,0,1,0,0,0,0,,,,,,,,,,,,0.596333027,1676.91541,0,,,0,4,301.838715,352.192291,38338,DEFAULT,ADAPTIVE,CAR,
1787973285740,4.91144085,3650,unnamed,,NO_POSE,UNKNOWN,0,0,0,0,0,0,0,0,1,0,0,0,0,,,,,,,,,,,,0.609791994,1639.90344,0,,,0,4,301.8396,352.192291,38338,DEFAULT,ADAPTIVE,CAR,
1787973285741,4.91219664,3651,unnamed,,NO_POSE,UNKNOWN,0,0,0,0,0,0,0,0,1,0,0,0,0,,,,,,,,,,,,0.755666018,1323.33594,0,,,0,4,301.840912,352.192291,38338,DEFAULT,ADAPTIVE,CAR,
1787973285741,4.91298723,3652,unnamed,,NO_POSE,UNKNOWN,0,0,0,0,0,0,0,0,1,0,0,0,0,,,,,,,,,,,,0.790791988,1264.55505,0,,,0,4,301.841766,352.192291,38338,DEFAULT,ADAPTIVE,CAR,
1787973285742,4.91375113,3653,unnamed,,NO_POSE,UNKNOWN,0,0,0,0,0,0,0,0,1,0,0,0,0,,,,,,,,,,,,0.764125049,1308.6864,0,,,0,4,301.842651,352.192291,38338,DEFAULT,ADAPTIVE,CAR,
1787973285743,4.91433096,3654,unnamed,,NO_POSE,UNKNOWN,0,0,0,0,0,0,0,0,1,0,0,0,0,,,,,,,,,,,,0.57941699,1725.8728,0,,,0,4,301.843506,352.192291,38338,DEFAULT,ADAPTIVE,CAR,
1787973285743,4.9149332,3655,unnamed,,NO_POSE,UNKNOWN,0,0,0,0,0,0,0,0,1,0,0,0,0,,,,,,,,,,,,0.602333009,1660.21118,0,,,0,4,301.844391,352.192291,38338,DEFAULT,ADAPTIVE,CAR,
1787973285744,4.91553307,3656,unnamed,,NO_POSE,UNKNOWN,0,0,0,0,0,0,0,0,1,0,0,0,0,,,,,,,,,,,,0.599750042,1667.36133,0,,,0,4,301.845245,352.192291,38338,DEFAULT,ADAPTIVE,CAR,
1787973285745,4.91613197,3657,unnamed,,NO_POSE,UNKNOWN,0,0,0,0,0,0,0,0,1,0,0,0,0,,,,,,,,,,,,0.599083006,1669.21777,0,,,0,4,301.84613,352.192291,38338,DEFAULT,ADAPTIVE,CAR,
1787973285745,4.91672993,3658,unnamed,,NO_POSE,UNKNOWN,0,0,0,0,0,0,0,0,1,0,0,0,0,,,,,,,,,,,,0.598208964,1671.65662,0,,,0,4,301.846985,352.192291,38338,DEFAULT,ADAPTIVE,CAR,
1787973285746,4.91732788,3659,unnamed,,NO_POSE,UNKNOWN,0,0,0,0,0,0,0,0,1,0,0,0,0,,,,,,,,,,,,0.597916007,1672.47571,0,,,0,4,301.84787,352.192291,38338,DEFAULT,ADAPTIVE,CAR,
1787973285746,4.91793633,3660,unnamed,,NO_POSE,UNKNOWN,0,0,0,0,0,0,0,0,1,0,0,0,0,,,,,,,,,,,,0.608209014,1644.17163,0,,,0,4,301.848724,352.192291,38338,DEFAULT,ADAPTIVE,CAR,
1787973285747,4.91863155,3661,unnamed,,NO_POSE,UNKNOWN,0,0,0,0,0,0,0,0,1,0,0,0,0,,,,,,,,,,,,0.695333004,1438.15979,0,,,0,4,301.849609,352.192291,38338,DEFAULT,ADAPTIVE,CAR,
1787973285748,4.91922998,3662,unnamed,,NO_POSE,UNKNOWN,0,0,0,0,0,0,0,0,1,0,0,0,0,,,,,,,,,,,,0.598333001,1671.31006,0,,,0,4,301.850464,352.192291,38338,DEFAULT,ADAPTIVE,CAR,
1787973285748,4.91995478,3663,unnamed,,NO_POSE,UNKNOWN,0,0,0,0,0,0,0,0,1,0,0,0,0,,,,,,,,,,,,0.725084007,1379.15063,0,,,0,4,301.851776,352.192291,38338,DEFAULT,ADAPTIVE,CAR,
1787973285749,4.92063713,3664,unnamed,,NO_POSE,UNKNOWN,0,0,0,0,0,0,0,0,1,0,0,0,0,,,,,,,,,,,,0.682290971,1465.65027,0,,,0,4,301.852631,352.192291,38338,DEFAULT,ADAPTIVE,CAR,
1787973285750,4.92125893,3665,unnamed,,NO_POSE,UNKNOWN,0,0,0,0,0,0,0,0,1,0,0,0,0,,,,,,,,,,,,0.621541977,1608.90173,0,,,0,4,301.853516,352.192291,38338,DEFAULT,ADAPTIVE,CAR,
1787973285750,4.92194462,3666,unnamed,,NO_POSE,UNKNOWN,0,0,0,0,0,0,0,0,1,0,0,0,0,,,,,,,,,,,,0.68599999,1457.72595,0,,,0,4,301.85437,352.192291,38338,DEFAULT,ADAPTIVE,CAR,
1787973285751,4.92263842,3667,unnamed,,NO_POSE,UNKNOWN,0,0,0,0,0,0,0,0,1,0,0,0,0,,,,,,,,,,,,0.693666995,1441.61401,0,,,0,4,301.855255,352.192291,38338,DEFAULT,ADAPTIVE,CAR,
1787973285752,4.92334509,3668,unnamed,,NO_POSE,UNKNOWN,0,0,0,0,0,0,0,0,1,0,0,0,0,,,,,,,,,,,,0.706500053,1415.4281,0,,,0,4,301.85611,352.192291,38338,DEFAULT,ADAPTIVE,CAR,
1787973285752,4.92404556,3669,unnamed,,NO_POSE,UNKNOWN,0,0,0,0,0,0,0,0,1,0,0,0,0,,,,,,,,,,,,0.700499952,1427.55176,0,,,0,4,301.856995,352.192291,38338,DEFAULT,ADAPTIVE,CAR,
1787973285753,4.92462921,3670,unnamed,,NO_POSE,UNKNOWN,0,0,0,0,0,0,0,0,1,0,0,0,0,,,,,,,,,,,,0.583666027,1713.30859,0,,,0,4,301.857849,352.192291,38338,DEFAULT,ADAPTIVE,CAR,
1787973285754,4.92523384,3671,unnamed,,NO_POSE,UNKNOWN,0,0,0,0,0,0,0,0,1,0,0,0,0,,,,,,,,,,,,0.604791999,1653.46106,0,,,0,4,301.858734,352.192291,38338,DEFAULT,ADAPTIVE,CAR,
1787973285754,4.92583179,3672,unnamed,,NO_POSE,UNKNOWN,0,0,0,0,0,0,0,0,1,0,0,0,0,,,,,,,,,,,,0.597957969,1672.35828,0,,,0,4,301.859589,352.192291,38338,DEFAULT,ADAPTIVE,CAR,
1787973285755,4.9264307,3673,unnamed,,NO_POSE,UNKNOWN,0,0,0,0,0,0,0,0,1,0,0,0,0,,,,,,,,,,,,0.598667026,1670.37769,0,,,0,4,301.860474,352.192291,38338,DEFAULT,ADAPTIVE,CAR,
1787973285755,4.92703295,3674,unnamed,,NO_POSE,UNKNOWN,0,0,0,0,0,0,0,0,1,0,0,0,0,,,,,,,,,,,,0.602499962,1659.7511,0,,,0,4,301.861328,352.192291,38338,DEFAULT,ADAPTIVE,CAR,
1787973285756,4.92776632,3675,unnamed,,NO_POSE,UNKNOWN,0,0,0,0,0,0,0,0,1,0,0,0,0,,,,,,,,,,,,0.733332992,1363.63696,0,,,0,4,301.86264,352.192291,38338,DEFAULT,ADAPTIVE,CAR,
1787973285757,4.92843342,3676,unnamed,,NO_POSE,UNKNOWN,0,0,0,0,0,0,0,0,1,0,0,0,0,,,,,,,,,,,,0.666917026,1499.43689,0,,,0,4,301.863525,352.192291,38338,DEFAULT,ADAPTIVE,CAR,
1787973285757,4.92903423,3677,unnamed,,NO_POSE,UNKNOWN,0,0,0,0,0,0,0,0,1,0,0,0,0,,,,,,,,,,,,0.601125002,1663.54749,0,,,0,4,301.86438,352.192291,38338,DEFAULT,ADAPTIVE,CAR,
1787973285758,4.92962265,3678,unnamed,,NO_POSE,UNKNOWN,0,0,0,0,0,0,0,0,1,0,0,0,0,,,,,,,,,,,,0.588292003,1699.83606,0,,,0,4,301.865265,352.192291,38338,DEFAULT,ADAPTIVE,CAR,
1787973285759,4.93024635,3679,unnamed,,NO_POSE,UNKNOWN,0,0,0,0,0,0,0,0,1,0,0,0,0,,,,,,,,,,,,0.623416007,1604.06543,0,,,0,4,301.866119,352.192291,38338,DEFAULT,ADAPTIVE,CAR,
1787973285759,4.930933,3680,unnamed,,NO_POSE,UNKNOWN,0,0,0,0,0,0,0,0,1,0,0,0,0,,,,,,,,,,,,0.686959028,1455.69092,0,,,0,4,301.867004,352.192291,38338,DEFAULT,ADAPTIVE,CAR,
1787973285760,4.93153238,3681,unnamed,,NO_POSE,UNKNOWN,0,0,0,0,0,0,0,0,1,0,0,0,0,,,,,,,,,,,,0.599083006,1669.21777,0,,,0,4,301.867859,352.192291,38338,DEFAULT,ADAPTIVE,CAR,
1787973285761,4.93213177,3682,unnamed,,NO_POSE,UNKNOWN,0,0,0,0,0,0,0,0,1,0,0,0,0,,,,,,,,,,,,0.599417031,1668.2876,0,,,0,4,301.868744,352.192291,38338,DEFAULT,ADAPTIVE,CAR,
1787973285761,4.93274212,3683,unnamed,,NO_POSE,UNKNOWN,0,0,0,0,0,0,0,0,1,0,0,0,0,,,,,,,,,,,,0.610291004,1638.5625,0,,,0,4,301.869598,352.192291,38338,DEFAULT,ADAPTIVE,CAR,
1787973285762,4.93332958,3684,unnamed,,NO_POSE,UNKNOWN,0,0,0,0,0,0,0,0,1,0,0,0,0,,,,,,,,,,,,0.587666988,1701.64404,0,,,0,4,301.870483,352.192291,38338,DEFAULT,ADAPTIVE,CAR,
1787973285762,4.93393803,3685,unnamed,,NO_POSE,UNKNOWN,0,0,0,0,0,0,0,0,1,0,0,0,0,,,,,,,,,,,,0.608624995,1643.04785,0,,,0,4,301.871338,352.192291,38338,DEFAULT,ADAPTIVE,CAR,
1787973285763,4.93455267,3686,unnamed,,NO_POSE,UNKNOWN,0,0,0,0,0,0,0,0,1,0,0,0,0,,,,,,,,,,,,0.614374995,1627.67041,0,,,0,4,301.872223,352.192291,38338,DEFAULT,ADAPTIVE,CAR,
1787973285764,4.93512917,3687,unnamed,,NO_POSE,UNKNOWN,0,0,0,0,0,0,0,0,1,0,0,0,0,,,,,,,,,,,,0.576499999,1734.60535,0,,,0,4,301.873077,352.192291,38338,DEFAULT,ADAPTIVE,CAR,
1787973285764,4.93585014,3688,unnamed,,NO_POSE,UNKNOWN,0,0,0,0,0,0,0,0,1,0,0,0,0,,,,,,,,,,,,0.720957994,1387.04333,0,,,0,4,301.87439,352.192291,38338,DEFAULT,ADAPTIVE,CAR,
1787973285765,4.93643713,3689,unnamed,,NO_POSE,UNKNOWN,0,0,0,0,0,0,0,0,1,0,0,0,0,,,,,,,,,,,,0.587083995,1703.33386,0,,,0,4,301.875244,352.192291,38338,DEFAULT,ADAPTIVE,CAR,
1787973285765,4.93702984,3690,unnamed,,NO_POSE,UNKNOWN,0,0,0,0,0,0,0,0,1,0,0,0,0,,,,,,,,,,,,0.592499971,1687.76379,0,,,0,4,301.876129,352.192291,38338,DEFAULT,ADAPTIVE,CAR,
1787973285766,4.93763256,3691,unnamed,,NO_POSE,UNKNOWN,0,0,0,0,0,0,0,0,1,0,0,0,0,,,,,,,,,,,,0.603125036,1658.03101,0,,,0,4,301.877045,352.192291,38338,DEFAULT,ADAPTIVE,CAR,
1787973285767,4.93834066,3692,unnamed,,NO_POSE,UNKNOWN,0,0,0,0,0,0,0,0,1,0,0,0,0,,,,,,,,,,,,0.707875013,1412.67883,0,,,0,4,301.877899,352.192291,38338,DEFAULT,ADAPTIVE,CAR,
1787973285768,4.93904638,3693,unnamed,,NO_POSE,UNKNOWN,0,0,0,0,0,0,0,0,1,0,0,0,0,,,,,,,,,,,,0.705874979,1416.6814,0,,,0,4,301.878815,352.192291,38338,DEFAULT,ADAPTIVE,CAR,
1787973285768,4.93973494,3694,unnamed,,NO_POSE,UNKNOWN,0,0,0,0,0,0,0,0,1,0,0,0,0,,,,,,,,,,,,0.688416004,1452.60999,0,,,0,4,301.879669,352.192291,38338,DEFAULT,ADAPTIVE,CAR,
1787973285769,4.94044542,3695,unnamed,,NO_POSE,UNKNOWN,0,0,0,0,0,0,0,0,1,0,0,0,0,,,,,,,,,,,,0.710334003,1407.78845,0,,,0,4,301.880554,352.192291,38338,DEFAULT,ADAPTIVE,CAR,
1787973285770,4.94114399,3696,unnamed,,NO_POSE,UNKNOWN,0,0,0,0,0,0,0,0,1,0,0,0,0,,,,,,,,,,,,0.69895798,1430.70117,0,,,0,4,301.881409,352.192291,38338,DEFAULT,ADAPTIVE,CAR,
1787973285770,4.94174099,3697,unnamed,,NO_POSE,UNKNOWN,0,0,0,0,0,0,0,0,1,0,0,0,0,,,,,,,,,,,,0.596957982,1675.15979,0,,,0,4,301.882294,352.192291,38338,DEFAULT,ADAPTIVE,CAR,
1787973285771,4.94233084,3698,unnamed,,NO_POSE,UNKNOWN,0,0,0,0,0,0,0,0,1,0,0,0,0,,,,,,,,,,,,0.589541972,1696.23206,0,,,0,4,301.883148,352.192291,38338,DEFAULT,ADAPTIVE,CAR,
1787973285771,4.94293928,3699,unnamed,,NO_POSE,UNKNOWN,0,0,0,0,0,0,0,0,1,0,0,0,0,,,,,,,,,,,,0.608792007,1642.59717,0,,,0,4,301.884033,352.192291,38338,DEFAULT,ADAPTIVE,CAR,
1787973285772,4.94353247,3700,unnamed,,NO_POSE,UNKNOWN,0,0,0,0,0,0,0,0,1,0,0,0,0,,,,,,,,,,,,0.592958033,1686.46008,0,,,0,4,301.884888,352.192291,38338,DEFAULT,ADAPTIVE,CAR,
1787973285773,4.94424295,3701,unnamed,,NO_POSE,UNKNOWN,0,0,0,0,0,0,0,0,1,0,0,0,0,,,,,,,,,,,,0.710500002,1407.45959,0,,,0,4,301.8862,352.192291,38338,DEFAULT,ADAPTIVE,CAR,
1787973285773,4.94484854,3702,unnamed,,NO_POSE,UNKNOWN,0,0,0,0,0,0,0,0,1,0,0,0,0,,,,,,,,,,,,0.605666995,1651.07227,0,,,0,4,301.887085,352.192291,38338,DEFAULT,ADAPTIVE,CAR,
1787973285774,4.94543457,3703,unnamed,,NO_POSE,UNKNOWN,0,0,0,0,0,0,0,0,1,0,0,0,0,,,,,,,,,,,,0.586165965,1706.00146,0,,,0,4,301.887939,352.192291,38338,DEFAULT,ADAPTIVE,CAR,
1787973285774,4.94604015,3704,unnamed,,NO_POSE,UNKNOWN,0,0,0,0,0,0,0,0,1,0,0,0,0,,,,,,,,,,,,0.605417013,1651.75403,0,,,0,4,301.888824,352.192291,38338,DEFAULT,ADAPTIVE,CAR,
1787973285775,4.94673204,3705,unnamed,,NO_POSE,UNKNOWN,0,0,0,0,0,0,0,0,1,0,0,0,0,,,,,,,,,,,,0.691624999,1445.87024,0,,,0,4,301.889679,352.192291,38338,DEFAULT,ADAPTIVE,CAR,
1787973285776,4.94743872,3706,unnamed,,NO_POSE,UNKNOWN,0,0,0,0,0,0,0,0,1,0,0,0,0,,,,,,,,,,,,0.706791997,1414.84338,0,,,0,4,301.890564,352.192291,38338,DEFAULT,ADAPTIVE,CAR,
1787973285776,4.94803476,3707,unnamed,,NO_POSE,UNKNOWN,0,0,0,0,0,0,0,0,1,0,0,0,0,,,,,,,,,,,,0.596333027,1676.91541,0,,,0,4,301.891418,352.192291,38338,DEFAULT,ADAPTIVE,CAR,
1787973285777,4.94863796,3708,unnamed,,NO_POSE,UNKNOWN,0,0,0,0,0,0,0,0,1,0,0,0,0,,,,,,,,,,,,0.603125036,1658.03101,0,,,0,4,301.892303,352.192291,38338,DEFAULT,ADAPTIVE,CAR,
1787973285778,4.94923449,3709,unnamed,,NO_POSE,UNKNOWN,0,0,0,0,0,0,0,0,1,0,0,0,0,,,,,,,,,,,,0.596249998,1677.1488,0,,,0,4,301.893158,352.192291,38338,DEFAULT,ADAPTIVE,CAR,
1787973285778,4.94983816,3710,unnamed,,NO_POSE,UNKNOWN,0,0,0,0,0,0,0,0,1,0,0,0,0,,,,,,,,,,,,0.603957951,1655.74438,0,,,0,4,301.894043,352.192291,38338,DEFAULT,ADAPTIVE,CAR,
1787973285779,4.95043325,3711,unnamed,,NO_POSE,UNKNOWN,0,0,0,0,0,0,0,0,1,0,0,0,0,,,,,,,,,,,,0.59512502,1680.31921,0,,,0,4,301.894897,352.192291,38338,DEFAULT,ADAPTIVE,CAR,
1787973285779,4.9510355,3712,unnamed,,NO_POSE,UNKNOWN,0,0,0,0,0,0,0,0,1,0,0,0,0,,,,,,,,,,,,0.601875007,1661.47449,0,,,0,4,301.895782,352.192291,38338,DEFAULT,ADAPTIVE,CAR,
1787973285780,4.95163584,3713,unnamed,,NO_POSE,UNKNOWN,0,0,0,0,0,0,0,0,1,0,0,0,0,,,,,,,,,,,,0.600374997,1665.62561,0,,,0,4,301.896637,352.192291,38338,DEFAULT,ADAPTIVE,CAR,
1787973285781,4.95231962,3714,unnamed,,NO_POSE,UNKNOWN,0,0,0,0,0,0,0,0,1,0,0,0,0,,,,,,,,,,,,0.683834016,1462.34314,0,,,0,4,301.897949,352.192291,38338,DEFAULT,ADAPTIVE,CAR,
1787973285781,4.95294189,3715,unnamed,,NO_POSE,UNKNOWN,0,0,0,0,0,0,0,0,1,0,0,0,0,,,,,,,,,,,,0.622165978,1607.28821,0,,,0,4,301.898804,352.192291,38338,DEFAULT,ADAPTIVE,CAR,
1787973285782,4.95353746,3716,unnamed,,NO_POSE,UNKNOWN,0,0,0,0,0,0,0,0,1,0,0,0,0,,,,,,,,,,,,0.595749974,1678.5564,0,,,0,4,301.899689,352.192291,38338,DEFAULT,ADAPTIVE,CAR,
1787973285783,4.95413542,3717,unnamed,,NO_POSE,UNKNOWN,0,0,0,0,0,0,0,0,1,0,0,0,0,,,,,,,,,,,,0.598208964,1671.65662,0,,,0,4,301.900543,352.192291,38338,DEFAULT,ADAPTIVE,CAR,
1787973285783,4.95474911,3718,unnamed,,NO_POSE,UNKNOWN,0,0,0,0,0,0,0,0,1,0,0,0,0,,,,,,,,,,,,0.613375008,1630.3241,0,,,0,4,301.901428,352.192291,38338,DEFAULT,ADAPTIVE,CAR,
1787973285784,4.95547771,3719,unnamed,,NO_POSE,UNKNOWN,0,0,0,0,0,0,0,0,1,0,0,0,0,,,,,,,,,,,,0.728790998,1372.1355,0,,,0,4,301.902283,352.192291,38338,DEFAULT,ADAPTIVE,CAR,
1787973285785,4.95613813,3720,unnamed,,NO_POSE,UNKNOWN,0,0,0,0,0,0,0,0,1,0,0,0,0,,,,,,,,,,,,0.66050005,1514.00452,0,,,0,4,301.903168,352.192291,38338,DEFAULT,ADAPTIVE,CAR,
1787973285785,4.95704842,3721,unnamed,,NO_POSE,UNKNOWN,0,0,0,0,0,0,0,0,1,0,0,0,0,,,,,,,,,,,,0.91029197,1098.54858,0,,,0,4,301.904846,352.192291,38338,DEFAULT,ADAPTIVE,CAR,
1787973285786,4.95774126,3722,unnamed,,NO_POSE,UNKNOWN,0,0,0,0,0,0,0,0,1,0,0,0,0,,,,,,,,,,,,0.692791998,1443.43469,0,,,0,4,301.905731,352.192291,38338,DEFAULT,ADAPTIVE,CAR,
1787973285787,4.95833302,3723,unnamed,,NO_POSE,UNKNOWN,0,0,0,0,0,0,0,0,1,0,0,0,0,,,,,,,,,,,,0.591750026,1689.90271,0,,,0,4,301.906586,352.192291,38338,DEFAULT,ADAPTIVE,CAR,
1787973285787,4.95893383,3724,unnamed,,NO_POSE,UNKNOWN,0,0,0,0,0,0,0,0,1,0,0,0,0,,,,,,,,,,,,0.600749969,1664.58606,0,,,0,4,301.907471,352.192291,38338,DEFAULT,ADAPTIVE,CAR,
1787973285788,4.9595356,3725,unnamed,,NO_POSE,UNKNOWN,0,0,0,0,0,0,0,0,1,0,0,0,0,,,,,,,,,,,,0.601665974,1662.05176,0,,,0,4,301.908325,352.192291,38338,DEFAULT,ADAPTIVE,CAR,
1787973285789,4.96021986,3726,unnamed,,NO_POSE,UNKNOWN,0,0,0,0,0,0,0,0,1,0,0,0,0,,,,,,,,,,,,0.684249997,1461.45422,0,,,0,4,301.909637,352.192291,38338,DEFAULT,ADAPTIVE,CAR,
1787973285789,4.96083975,3727,unnamed,,NO_POSE,UNKNOWN,0,0,0,0,0,0,0,0,1,0,0,0,0,,,,,,,,,,,,0.620124996,1612.57813,0,,,0,4,301.910492,352.192291,38338,DEFAULT,ADAPTIVE,CAR,
1787973285790,4.96143675,3728,unnamed,,NO_POSE,UNKNOWN,0,0,0,0,0,0,0,0,1,0,0,0,0,,,,,,,,,,,,0.597041965,1674.92407,0,,,0,4,301.911377,352.192291,38338,DEFAULT,ADAPTIVE,CAR,
1787973285790,4.96203804,3729,unnamed,,NO_POSE,UNKNOWN,0,0,0,0,0,0,0,0,1,0,0,0,0,,,,,,,,,,,,0.601292014,1663.08545,0,,,0,4,301.912231,352.192291,38338,DEFAULT,ADAPTIVE,CAR,
1787973285791,4.96263409,3730,unnamed,,NO_POSE,UNKNOWN,0,0,0,0,0,0,0,0,1,0,0,0,0,,,,,,,,,,,,0.595916033,1678.08887,0,,,0,4,301.913116,352.192291,38338,DEFAULT,ADAPTIVE,CAR,
1787973285792,4.96326208,3731,unnamed,,NO_POSE,UNKNOWN,0,0,0,0,0,0,0,0,1,0,0,0,0,,,,,,,,,,,,0.627834022,1592.77771,0,,,0,4,301.913971,352.192291,38338,DEFAULT,ADAPTIVE,CAR,
1787973285793,4.96434927,3732,unnamed,,NO_POSE,UNKNOWN,0,0,0,0,0,0,0,0,1,0,0,0,0,,,,,,,,,,,,1.08741593,919.611267,0,,,0,4,301.914856,352.192291,38338,DEFAULT,ADAPTIVE,CAR,
1787973285793,4.9650445,3733,unnamed,,NO_POSE,UNKNOWN,0,0,0,0,0,0,0,0,1,0,0,0,0,,,,,,,,,,,,0.695125043,1438.59009,0,,,0,4,301.91571,352.192291,38338,DEFAULT,ADAPTIVE,CAR,
1787973285794,4.96564817,3734,unnamed,,NO_POSE,UNKNOWN,0,0,0,0,0,0,0,0,1,0,0,0,0,,,,,,,,,,,,0.603459001,1657.1134,0,,,0,4,301.916595,352.192291,38338,DEFAULT,ADAPTIVE,CAR,
1787973285795,4.96623898,3735,unnamed,,NO_POSE,UNKNOWN,0,0,0,0,0,0,0,0,1,0,0,0,0,,,,,,,,,,,,0.59087497,1692.4054,0,,,0,4,301.91745,352.192291,38338,DEFAULT,ADAPTIVE,CAR,
1787973285795,4.96683455,3736,unnamed,,NO_POSE,UNKNOWN,0,0,0,0,0,0,0,0,1,0,0,0,0,,,,,,,,,,,,0.595790982,1678.44104,0,,,0,4,301.918335,352.192291,38338,DEFAULT,ADAPTIVE,CAR,
1787973285796,4.96743202,3737,unnamed,,NO_POSE,UNKNOWN,0,0,0,0,0,0,0,0,1,0,0,0,0,,,,,,,,,,,,0.597458959,1673.75513,0,,,0,4,301.919189,352.192291,38338,DEFAULT,ADAPTIVE,CAR,
1787973285797,4.96816444,3738,unnamed,,NO_POSE,UNKNOWN,0,0,0,0,0,0,0,0,1,0,0,0,0,,,,,,,,,,,,0.732165992,1365.81055,0,,,0,4,301.920502,352.192291,38338,DEFAULT,ADAPTIVE,CAR,
1787973285797,4.96873569,3739,unnamed,,NO_POSE,UNKNOWN,0,0,0,0,0,0,0,0,1,0,0,0,0,,,,,,,,,,,,0.571583986,1749.52417,0,,,0,4,301.921387,352.192291,38338,DEFAULT,ADAPTIVE,CAR,
1787973285798,4.96933508,3740,unnamed,,NO_POSE,UNKNOWN,0,0,0,0,0,0,0,0,1,0,0,0,0,,,,,,,,,,,,0.599124968,1669.10083,0,,,0,4,301.922241,352.192291,38338,DEFAULT,ADAPTIVE,CAR,
1787973285798,4.96993303,3741,unnamed,,NO_POSE,UNKNOWN,0,0,0,0,0,0,0,0,1,0,0,0,0,,,,,,,,,,,,0.59799999,1672.24072,0,,,0,4,301.923126,352.192291,38338,DEFAULT,ADAPTIVE,CAR,
1787973285799,4.97053814,3742,unnamed,,NO_POSE,UNKNOWN,0,0,0,0,0,0,0,0,1,0,0,0,0,,,,,,,,,,,,0.605000019,1652.89258,0,,,0,4,301.923981,352.192291,38338,DEFAULT,ADAPTIVE,CAR,
1787973285800,4.97121048,3743,unnamed,,NO_POSE,UNKNOWN,0,0,0,0,0,0,0,0,1,0,0,0,0,,,,,,,,,,,,0.672540963,1486.89819,0,,,0,4,301.924866,352.192291,38338,DEFAULT,ADAPTIVE,CAR,
1787973285800,4.97183704,3744,unnamed,,NO_POSE,UNKNOWN,0,0,0,0,0,0,0,0,1,0,0,0,0,,,,,,,,,,,,0.62650001,1596.16919,0,,,0,4,301.92572,352.192291,38338,DEFAULT,ADAPTIVE,CAR,
1787973285801,4.97254801,3745,unnamed,,NO_POSE,UNKNOWN,0,0,0,0,0,0,0,0,1,0,0,0,0,,,,,,,,,,,,0.710749984,1406.96448,0,,,0,4,301.926605,352.192291,38338,DEFAULT,ADAPTIVE,CAR,
1787973285802,4.97324228,3746,unnamed,,NO_POSE,UNKNOWN,0,0,0,0,0,0,0,0,1,0,0,0,0,,,,,,,,,,,,0.694584012,1439.71069,0,,,0,4,301.92746,352.192291,38338,DEFAULT,ADAPTIVE,CAR,
1787973285802,4.97394037,3747,unnamed,,NO_POSE,UNKNOWN,0,0,0,0,0,0,0,0,1,0,0,0,0,,,,,,,,,,,,0.697916031,1432.83716,0,,,0,4,301.928345,352.192291,38338,DEFAULT,ADAPTIVE,CAR,
1787973285803,4.97453547,3748,unnamed,,NO_POSE,UNKNOWN,0,0,0,0,0,0,0,0,1,0,0,0,0,,,,,,,,,,,,0.594959021,1680.78809,0,,,0,4,301.929199,352.192291,38338,DEFAULT,ADAPTIVE,CAR,
1787973285804,4.97513771,3749,unnamed,,NO_POSE,UNKNOWN,0,0,0,0,0,0,0,0,1,0,0,0,0,,,,,,,,,,,,0.602541029,1659.63806,0,,,0,4,301.930084,352.192291,38338,DEFAULT,ADAPTIVE,CAR,
1787973285804,4.97575092,3750,unnamed,,NO_POSE,UNKNOWN,0,0,0,0,0,0,0,0,1,0,0,0,0,,,,,,,,,,,,0.613000035,1631.32129,0,,,0,4,301.930939,352.192291,38338,DEFAULT,ADAPTIVE,CAR,
1787973285805,4.97644567,3751,unnamed,,NO_POSE,UNKNOWN,0,0,0,0,0,0,0,0,1,0,0,0,0,,,,,,,,,,,,0.694833994,1439.19275,0,,,0,4,301.931824,352.192291,38338,DEFAULT,ADAPTIVE,CAR,
1787973285806,4.97763157,3752,unnamed,,NO_POSE,UNKNOWN,0,0,0,0,0,0,0,0,1,0,0,0,0,,,,,,,,,,,,1.18612504,843.081482,0,,,0,4,302.158386,352.192291,38338,DEFAULT,ADAPTIVE,CAR,
1787973285807,4.97823191,3753,unnamed,,NO_POSE,UNKNOWN,0,0,0,0,0,0,0,0,1,0,0,0,0,,,,,,,,,,,,0.600332975,1665.74219,0,,,0,4,302.159241,352.192291,38338,DEFAULT,ADAPTIVE,CAR,
1787973285807,4.97883797,3754,unnamed,,NO_POSE,UNKNOWN,0,0,0,0,0,0,0,0,1,0,0,0,0,,,,,,,,,,,,0.605666995,1651.07227,0,,,0,4,302.160126,352.192291,38338,DEFAULT,ADAPTIVE,CAR,
1787973285808,4.97943544,3755,unnamed,,NO_POSE,UNKNOWN,0,0,0,0,0,0,0,0,1,0,0,0,0,,,,,,,,,,,,0.597916007,1672.47571,0,,,0,4,302.16098,352.192291,38338,DEFAULT,ADAPTIVE,CAR,
1787973285809,4.98007727,3756,unnamed,,NO_POSE,UNKNOWN,0,0,0,0,0,0,0,0,1,0,0,0,0,,,,,,,,,,,,0.641667008,1558.4408,0,,,0,4,302.161865,352.192291,38338,DEFAULT,ADAPTIVE,CAR,
1787973285809,4.98073816,3757,unnamed,,NO_POSE,UNKNOWN,0,0,0,0,0,0,0,0,1,0,0,0,0,,,,,,,,,,,,0.66070801,1513.52795,0,,,0,4,302.16272,352.192291,38338,DEFAULT,ADAPTIVE,CAR,
1787973285810,4.98133087,3758,unnamed,,NO_POSE,UNKNOWN,0,0,0,0,0,0,0,0,1,0,0,0,0,,,,,,,,,,,,0.592999995,1686.3407,0,,,0,4,302.163605,352.192291,38338,DEFAULT,ADAPTIVE,CAR,
1787973285810,4.98193407,3759,unnamed,,NO_POSE,UNKNOWN,0,0,0,0,0,0,0,0,1,0,0,0,0,,,,,,,,,,,,0.602874994,1658.71863,0,,,0,4,302.164459,352.192291,38338,DEFAULT,ADAPTIVE,CAR,
1787973285811,4.98253918,3760,unnamed,,NO_POSE,UNKNOWN,0,0,0,0,0,0,0,0,1,0,0,0,0,,,,,,,,,,,,0.605374992,1651.86877,0,,,0,4,302.165344,352.192291,38338,DEFAULT,ADAPTIVE,CAR,
1787973285812,4.98313189,3761,unnamed,,NO_POSE,UNKNOWN,0,0,0,0,0,0,0,0,1,0,0,0,0,,,,,,,,,,,,0.59237498,1688.11987,0,,,0,4,302.166199,352.192291,38338,DEFAULT,ADAPTIVE,CAR,
1787973285812,4.9837327,3762,unnamed,,NO_POSE,UNKNOWN,0,0,0,0,0,0,0,0,1,0,0,0,0,,,,,,,,,,,,0.601042032,1663.77722,0,,,0,4,302.167084,352.192291,38338,DEFAULT,ADAPTIVE,CAR,
1787973285813,4.98445702,3763,unnamed,,NO_POSE,UNKNOWN,0,0,0,0,0,0,0,0,1,0,0,0,0,,,,,,,,,,,,0.724332988,1380.58044,0,,,0,4,302.168396,352.192291,38338,DEFAULT,ADAPTIVE,CAR,
1787973285813,4.98502398,3764,unnamed,,NO_POSE,UNKNOWN,0,0,0,0,0,0,0,0,1,0,0,0,0,,,,,,,,,,,,0.566833973,1764.18494,0,,,0,4,302.16925,352.192291,38338,DEFAULT,ADAPTIVE,CAR,
1787973285814,4.98563194,3765,unnamed,,NO_POSE,UNKNOWN,0,0,0,0,0,0,0,0,1,0,0,0,0,,,,,,,,,,,,0.607832968,1645.18884,0,,,0,4,302.170135,352.192291,38338,DEFAULT,ADAPTIVE,CAR,
1787973285815,4.98624372,3766,unnamed,,NO_POSE,UNKNOWN,0,0,0,0,0,0,0,0,1,0,0,0,0,,,,,,,,,,,,0.612124979,1633.65332,0,,,0,4,302.17099,352.192291,38338,DEFAULT,ADAPTIVE,CAR,
1787973285815,4.98682499,3767,unnamed,,NO_POSE,UNKNOWN,0,0,0,0,0,0,0,0,1,0,0,0,0,,,,,,,,,,,,0.58099997,1721.17041,0,,,0,4,302.171875,352.192291,38338,DEFAULT,ADAPTIVE,CAR,
1787973285816,4.98742819,3768,unnamed,,NO_POSE,UNKNOWN,0,0,0,0,0,0,0,0,1,0,0,0,0,,,,,,,,,,,,0.603500009,1657.00085,0,,,0,4,302.172729,352.192291,38338,DEFAULT,ADAPTIVE,CAR,
1787973285816,4.98803139,3769,unnamed,,NO_POSE,UNKNOWN,0,0,0,0,0,0,0,0,1,0,0,0,0,,,,,,,,,,,,0.603042006,1658.25928,0,,,0,4,302.173615,352.192291,38338,DEFAULT,ADAPTIVE,CAR,
1787973285817,4.98863697,3770,unnamed,,NO_POSE,UNKNOWN,0,0,0,0,0,0,0,0,1,0,0,0,0,,,,,,,,,,,,0.605374992,1651.86877,0,,,0,4,302.174469,352.192291,38338,DEFAULT,ADAPTIVE,CAR,
1787973285818,4.98934126,3771,unnamed,,NO_POSE,UNKNOWN,0,0,0,0,0,0,0,0,1,0,0,0,0,,,,,,,,,,,,0.704666018,1419.11194,0,,,0,4,302.175354,352.192291,38338,DEFAULT,ADAPTIVE,CAR,
1787973285818,4.99003553,3772,unnamed,,NO_POSE,UNKNOWN,0,0,0,0,0,0,0,0,1,0,0,0,0,,,,,,,,,,,,0.694124997,1440.66272,0,,,0,4,302.176208,352.192291,38338,DEFAULT,ADAPTIVE,CAR,
1787973285819,4.99073648,3773,unnamed,,NO_POSE,UNKNOWN,0,0,0,0,0,0,0,0,1,0,0,0,0,,,,,,,,,,,,0.700708985,1427.12598,0,,,0,4,302.177094,352.192291,38338,DEFAULT,ADAPTIVE,CAR,
1787973285820,4.99132633,3774,unnamed,,NO_POSE,UNKNOWN,0,0,0,0,0,0,0,0,1,0,0,0,0,,,,,,,,,,,,0.590083003,1694.67676,0,,,0,4,302.177948,352.192291,38338,DEFAULT,ADAPTIVE,CAR,
1787973285820,4.99193192,3775,unnamed,,NO_POSE,UNKNOWN,0,0,0,0,0,0,0,0,1,0,0,0,0,,,,,,,,,,,,0.605666995,1651.07227,0,,,0,4,302.178833,352.192291,38338,DEFAULT,ADAPTIVE,CAR,
1787973285821,4.992661,3776,unnamed,,NO_POSE,UNKNOWN,0,0,0,0,0,0,0,0,1,0,0,0,0,,,,,,,,,,,,0.72883302,1372.0564,0,,,0,4,302.180115,352.192291,38338,DEFAULT,ADAPTIVE,CAR,
1787973285822,4.99321318,3777,unnamed,,NO_POSE,UNKNOWN,0,0,0,0,0,0,0,0,1,0,0,0,0,,,,,,,,,,,,0.552166998,1811.04626,0,,,0,4,302.181,352.192291,38338,DEFAULT,ADAPTIVE,CAR,
1787973285822,4.99383497,3778,unnamed,,NO_POSE,UNKNOWN,0,0,0,0,0,0,0,0,1,0,0,0,0,,,,,,,,,,,,0.621874988,1608.04028,0,,,0,4,302.181854,352.192291,38338,DEFAULT,ADAPTIVE,CAR,
1787973285823,4.99443007,3779,unnamed,,NO_POSE,UNKNOWN,0,0,0,0,0,0,0,0,1,0,0,0,0,,,,,,,,,,,,0.595416009,1679.49805,0,,,0,4,302.182739,352.192291,38338,DEFAULT,ADAPTIVE,CAR,
1787973285823,4.99503469,3780,unnamed,,NO_POSE,UNKNOWN,0,0,0,0,0,0,0,0,1,0,0,0,0,,,,,,,,,,,,0.604209006,1655.0564,0,,,0,4,302.183594,352.192291,38338,DEFAULT,ADAPTIVE,CAR,
1787973285824,4.99562979,3781,unnamed,,NO_POSE,UNKNOWN,0,0,0,0,0,0,0,0,1,0,0,0,0,,,,,,,,,,,,0.59512502,1680.31921,0,,,0,4,302.184479,352.192291,38338,DEFAULT,ADAPTIVE,CAR,
1787973285825,4.99628448,3782,unnamed,,NO_POSE,UNKNOWN,0,0,0,0,0,0,0,0,1,0,0,0,0,,,,,,,,,,,,0.654790998,1527.20483,0,,,0,4,302.185333,352.192291,38338,DEFAULT,ADAPTIVE,CAR,
1787973285825,4.99693108,3783,unnamed,,NO_POSE,UNKNOWN,0,0,0,0,0,0,0,0,1,0,0,0,0,,,,,,,,,,,,0.646791995,1546.09204,0,,,0,4,302.186218,352.192291,38338,DEFAULT,ADAPTIVE,CAR,
1787973285826,4.99763727,3784,unnamed,,NO_POSE,UNKNOWN,0,0,0,0,0,0,0,0,1,0,0,0,0,,,,,,,,,,,,0.705917001,1416.59705,0,,,0,4,302.187073,352.192291,38338,DEFAULT,ADAPTIVE,CAR,
1787973285827,4.9982214,3785,unnamed,,NO_POSE,UNKNOWN,0,0,0,0,0,0,0,0,1,0,0,0,0,,,,,,,,,,,,0.584290981,1711.47595,0,,,0,4,302.187958,352.192291,38338,DEFAULT,ADAPTIVE,CAR,
1787973285827,4.99883318,3786,unnamed,,NO_POSE,UNKNOWN,0,0,0,0,0,0,0,0,1,0,0,0,0,,,,,,,,,,,,0.61195904,1634.09631,0,,,0,4,302.188812,352.192291,38338,DEFAULT,ADAPTIVE,CAR,
1787973285828,4.99943066,3787,unnamed,,NO_POSE,UNKNOWN,0,0,0,0,0,0,0,0,1,0,0,0,0,,,,,,,,,,,,0.597207963,1674.4585,0,,,0,4,302.189697,352.192291,38338,DEFAULT,ADAPTIVE,CAR,
1787973285828,5.00002861,3788,unnamed,,NO_POSE,UNKNOWN,0,0,0,0,0,0,0,0,1,0,0,0,0,,,,,,,,,,,,0.597957969,1672.35828,0,,,0,4,302.190552,352.192291,38338,DEFAULT,ADAPTIVE,CAR,
1787973285829,5.00072241,3789,unnamed,,NO_POSE,UNKNOWN,0,0,0,0,0,0,0,0,1,0,0,0,0,,,,,,,,,,,,0.693749964,1441.44153,0,,,0,4,302.191864,352.192291,38338,DEFAULT,ADAPTIVE,CAR,
1787973285830,5.00133276,3790,unnamed,,NO_POSE,UNKNOWN,0,0,0,0,0,0,0,0,1,0,0,0,0,,,,,,,,,,,,0.610292017,1638.55981,0,,,0,4,302.192749,352.192291,38338,DEFAULT,ADAPTIVE,CAR,
1787973285830,5.00192928,3791,unnamed,,NO_POSE,UNKNOWN,0,0,0,0,0,0,0,0,1,0,0,0,0,,,,,,,,,,,,0.596791983,1675.62573,0,,,0,4,302.193604,352.192291,38338,DEFAULT,ADAPTIVE,CAR,
1787973285831,5.00252962,3792,unnamed,,NO_POSE,UNKNOWN,0,0,0,0,0,0,0,0,1,0,0,0,0,,,,,,,,,,,,0.600249946,1665.97253,0,,,0,4,302.194489,352.192291,38338,DEFAULT,ADAPTIVE,CAR,
1787973285832,5.00312662,3793,unnamed,,NO_POSE,UNKNOWN,0,0,0,0,0,0,0,0,1,0,0,0,0,,,,,,,,,,,,0.597166002,1674.57617,0,,,0,4,302.195343,352.192291,38338,DEFAULT,ADAPTIVE,CAR,
1787973285832,5.00372458,3794,unnamed,,NO_POSE,UNKNOWN,0,0,0,0,0,0,0,0,1,0,0,0,0,,,,,,,,,,,,0.597584009,1673.40491,0,,,0,4,302.196228,352.192291,38338,DEFAULT,ADAPTIVE,CAR,
1787973285833,5.00433111,3795,unnamed,,NO_POSE,UNKNOWN,0,0,0,0,0,0,0,0,1,0,0,0,0,,,,,,,,,,,,0.606791019,1648.01392,0,,,0,4,302.197083,352.192291,38338,DEFAULT,ADAPTIVE,CAR,
1787973285833,5.00497913,3796,unnamed,,NO_POSE,UNKNOWN,0,0,0,0,0,0,0,0,1,0,0,0,0,,,,,,,,,,,,0.648000002,1543.20996,0,,,0,4,302.197968,352.192291,38338,DEFAULT,ADAPTIVE,CAR,
1787973285834,5.00562525,3797,unnamed,,NO_POSE,UNKNOWN,0,0,0,0,0,0,0,0,1,0,0,0,0,,,,,,,,,,,,0.646041989,1547.88696,0,,,0,4,302.198822,352.192291,38338,DEFAULT,ADAPTIVE,CAR,
1787973285835,5.00636196,3798,unnamed,,NO_POSE,UNKNOWN,0,0,0,0,0,0,0,0,1,0,0,0,0,,,,,,,,,,,,0.736917019,1357.00488,0,,,0,4,302.199707,352.192291,38338,DEFAULT,ADAPTIVE,CAR,
1787973285836,5.00713873,3799,unnamed,,NO_POSE,UNKNOWN,0,0,0,0,0,0,0,0,1,0,0,0,0,,,,,,,,,,,,0.776499987,1287.83008,0,,,0,4,302.200562,352.192291,38338,DEFAULT,ADAPTIVE,CAR,
1787973285836,5.00772095,3800,unnamed,,NO_POSE,UNKNOWN,0,0,0,0,0,0,0,0,1,0,0,0,0,,,,,,,,,,,,0.582125008,1717.84412,0,,,0,4,302.201447,352.192291,38338,DEFAULT,ADAPTIVE,CAR,
1787973285837,5.00833416,3801,unnamed,,NO_POSE,UNKNOWN,0,0,0,0,0,0,0,0,1,0,0,0,0,,,,,,,,,,,,0.613457978,1630.10352,0,,,0,4,302.202301,352.192291,38338,DEFAULT,ADAPTIVE,CAR,
1787973285838,5.00907087,3802,unnamed,,NO_POSE,UNKNOWN,0,0,0,0,0,0,0,0,1,0,0,0,0,,,,,,,,,,,,0.736833036,1357.15955,0,,,0,4,302.203613,352.192291,38338,DEFAULT,ADAPTIVE,CAR,
1787973285838,5.00961971,3803,unnamed,,NO_POSE,UNKNOWN,0,0,0,0,0,0,0,0,1,0,0,0,0,,,,,,,,,,,,0.548792005,1822.18396,0,,,0,4,302.204468,352.192291,38338,DEFAULT,ADAPTIVE,CAR,
1787973285839,5.01024246,3804,unnamed,,NO_POSE,UNKNOWN,0,0,0,0,0,0,0,0,1,0,0,0,0,,,,,,,,,,,,0.622832954,1605.56689,0,,,0,4,302.205353,352.192291,38338,DEFAULT,ADAPTIVE,CAR,
1787973285839,5.01094055,3805,unnamed,,NO_POSE,UNKNOWN,0,0,0,0,0,0,0,0,1,0,0,0,0,,,,,,,,,,,,0.698083997,1432.49231,0,,,0,4,302.206207,352.192291,38338,DEFAULT,ADAPTIVE,CAR,
1787973285840,5.01153088,3806,unnamed,,NO_POSE,UNKNOWN,0,0,0,0,0,0,0,0,1,0,0,0,0,,,,,,,,,,,,0.590124965,1694.55627,0,,,0,4,302.207092,352.192291,38338,DEFAULT,ADAPTIVE,CAR,
1787973285841,5.01213264,3807,unnamed,,NO_POSE,UNKNOWN,0,0,0,0,0,0,0,0,1,0,0,0,0,,,,,,,,,,,,0.601707995,1661.93567,0,,,0,4,302.207947,352.192291,38338,DEFAULT,ADAPTIVE,CAR,
1787973285841,5.01273441,3808,unnamed,,NO_POSE,UNKNOWN,0,0,0,0,0,0,0,0,1,0,0,0,0,,,,,,,,,,,,0.601958036,1661.24536,0,,,0,4,302.208832,352.192291,38338,DEFAULT,ADAPTIVE,CAR,
1787973285842,5.01343775,3809,unnamed,,NO_POSE,UNKNOWN,0,0,0,0,0,0,0,0,1,0,0,0,0,,,,,,,,,,,,0.703167021,1422.13733,0,,,0,4,302.209686,352.192291,38338,DEFAULT,ADAPTIVE,CAR,
1787973285843,5.01414013,3810,unnamed,,NO_POSE,UNKNOWN,0,0,0,0,0,0,0,0,1,0,0,0,0,,,,,,,,,,,,0.702583015,1423.31934,0,,,0,4,302.210571,352.192291,38338,DEFAULT,ADAPTIVE,CAR,
1787973285843,5.01483774,3811,unnamed,,NO_POSE,UNKNOWN,0,0,0,0,0,0,0,0,1,0,0,0,0,,,,,,,,,,,,0.697541952,1433.60547,0,,,0,4,302.211426,352.192291,38338,DEFAULT,ADAPTIVE,CAR,
1787973285844,5.01542282,3812,unnamed,,NO_POSE,UNKNOWN,0,0,0,0,0,0,0,0,1,0,0,0,0,,,,,,,,,,,,0.584750056,1710.13245,0,,,0,4,302.212311,352.192291,38338,DEFAULT,ADAPTIVE,CAR,
1787973285844,5.01602745,3813,unnamed,,NO_POSE,UNKNOWN,0,0,0,0,0,0,0,0,1,0,0,0,0,,,,,,,,,,,,0.604833007,1653.34888,0,,,0,4,302.213165,352.192291,38338,DEFAULT,ADAPTIVE,CAR,
1787973285845,5.01673365,3814,unnamed,,NO_POSE,UNKNOWN,0,0,0,0,0,0,0,0,1,0,0,0,0,,,,,,,,,,,,0.706417024,1415.59448,0,,,0,4,302.214478,352.192291,38338,DEFAULT,ADAPTIVE,CAR,
1787973285846,5.0173316,3815,unnamed,,NO_POSE,UNKNOWN,0,0,0,0,0,0,0,0,1,0,0,0,0,,,,,,,,,,,,0.597582996,1673.40771,0,,,0,4,302.215363,352.192291,38338,DEFAULT,ADAPTIVE,CAR,
1787973285846,5.01792383,3816,unnamed,,NO_POSE,UNKNOWN,0,0,0,0,0,0,0,0,1,0,0,0,0,,,,,,,,,,,,0.592250049,1688.47607,0,,,0,4,302.216217,352.192291,38338,DEFAULT,ADAPTIVE,CAR,
1787973285847,5.01853085,3817,unnamed,,NO_POSE,UNKNOWN,0,0,0,0,0,0,0,0,1,0,0,0,0,,,,,,,,,,,,0.607250035,1646.76819,0,,,0,4,302.217102,352.192291,38338,DEFAULT,ADAPTIVE,CAR,
1787973285848,5.01912975,3818,unnamed,,NO_POSE,UNKNOWN,0,0,0,0,0,0,0,0,1,0,0,0,0,,,,,,,,,,,,0.598625004,1670.49487,0,,,0,4,302.217957,352.192291,38338,DEFAULT,ADAPTIVE,CAR,
1787973285848,5.01973104,3819,unnamed,,NO_POSE,UNKNOWN,0,0,0,0,0,0,0,0,1,0,0,0,0,,,,,,,,,,,,0.601709008,1661.93286,0,,,0,4,302.218842,352.192291,38338,DEFAULT,ADAPTIVE,CAR,
1787973285849,5.02032757,3820,unnamed,,NO_POSE,UNKNOWN,0,0,0,0,0,0,0,0,1,0,0,0,0,,,,,,,,,,,,0.596125007,1677.50049,0,,,0,4,302.219696,352.192291,38338,DEFAULT,ADAPTIVE,CAR,
1787973285849,5.02093363,3821,unnamed,,NO_POSE,UNKNOWN,0,0,0,0,0,0,0,0,1,0,0,0,0,,,,,,,,,,,,0.606041014,1650.05334,0,,,0,4,302.220581,352.192291,38338,DEFAULT,ADAPTIVE,CAR,
1787973285850,5.02163553,3822,unnamed,,NO_POSE,UNKNOWN,0,0,0,0,0,0,0,0,1,0,0,0,0,,,,,,,,,,,,0.702125013,1424.2478,0,,,0,4,302.221436,352.192291,38338,DEFAULT,ADAPTIVE,CAR,
1787973285851,5.02233028,3823,unnamed,,NO_POSE,UNKNOWN,0,0,0,0,0,0,0,0,1,0,0,0,0,,,,,,,,,,,,0.694833994,1439.19275,0,,,0,4,302.222321,352.192291,38338,DEFAULT,ADAPTIVE,CAR,
1787973285851,5.02304077,3824,unnamed,,NO_POSE,UNKNOWN,0,0,0,0,0,0,0,0,1,0,0,0,0,,,,,,,,,,,,0.71054095,1407.37842,0,,,0,4,302.223175,352.192291,38338,DEFAULT,ADAPTIVE,CAR,
1787973285852,5.02373314,3825,unnamed,,NO_POSE,UNKNOWN,0,0,0,0,0,0,0,0,1,0,0,0,0,,,,,,,,,,,,0.692167044,1444.73804,0,,,0,4,302.22406,352.192291,38338,DEFAULT,ADAPTIVE,CAR,
1787973285853,5.02433205,3826,unnamed,,NO_POSE,UNKNOWN,0,0,0,0,0,0,0,0,1,0,0,0,0,,,,,,,,,,,,0.599041998,1669.33203,0,,,0,4,302.224915,352.192291,38338,DEFAULT,ADAPTIVE,CAR,
1787973285853,5.02502155,3827,unnamed,,NO_POSE,UNKNOWN,0,0,0,0,0,0,0,0,1,0,0,0,0,,,,,,,,,,,,0.689207971,1450.9408,0,,,0,4,302.2258,352.192291,38338,DEFAULT,ADAPTIVE,CAR,
1787973285854,5.02568722,3828,unnamed,,NO_POSE,UNKNOWN,0,0,0,0,0,0,0,0,1,0,0,0,0,,,,,,,,,,,,0.665708005,1502.16016,0,,,0,4,302.227081,352.192291,38338,DEFAULT,ADAPTIVE,CAR,
1787973285855,5.02633762,3829,unnamed,,NO_POSE,UNKNOWN,0,0,0,0,0,0,0,0,1,0,0,0,0,,,,,,,,,,,,0.650708973,1536.78528,0,,,0,4,302.227966,352.192291,38338,DEFAULT,ADAPTIVE,CAR,
1787973285855,5.02694607,3830,unnamed,,NO_POSE,UNKNOWN,0,0,0,0,0,0,0,0,1,0,0,0,0,,,,,,,,,,,,0.608125031,1644.3988,0,,,0,4,302.228821,352.192291,38338,DEFAULT,ADAPTIVE,CAR,
1787973285856,5.02752829,3831,unnamed,,NO_POSE,UNKNOWN,0,0,0,0,0,0,0,0,1,0,0,0,0,,,,,,,,,,,,0.58237499,1717.10669,0,,,0,4,302.229706,352.192291,38338,DEFAULT,ADAPTIVE,CAR,
1787973285857,5.02813244,3832,unnamed,,NO_POSE,UNKNOWN,0,0,0,0,0,0,0,0,1,0,0,0,0,,,,,,,,,,,,0.603999972,1655.62915,0,,,0,4,302.23056,352.192291,38338,DEFAULT,ADAPTIVE,CAR,
1787973285857,5.02873802,3833,unnamed,,NO_POSE,UNKNOWN,0,0,0,0,0,0,0,0,1,0,0,0,0,,,,,,,,,,,,0.606000006,1650.16492,0,,,0,4,302.231445,352.192291,38338,DEFAULT,ADAPTIVE,CAR,
1787973285858,5.02933073,3834,unnamed,,NO_POSE,UNKNOWN,0,0,0,0,0,0,0,0,1,0,0,0,0,,,,,,,,,,,,0.592250049,1688.47607,0,,,0,4,302.2323,352.192291,38338,DEFAULT,ADAPTIVE,CAR,
1787973285858,5.02995825,3835,unnamed,,NO_POSE,UNKNOWN,0,0,0,0,0,0,0,0,1,0,0,0,0,,,,,,,,,,,,0.627749979,1592.99084,0,,,0,4,302.233185,352.192291,38338,DEFAULT,ADAPTIVE,CAR,
1787973285859,5.03063393,3836,unnamed,,NO_POSE,UNKNOWN,0,0,0,0,0,0,0,0,1,0,0,0,0,,,,,,,,,,,,0.675500035,1480.38489,0,,,0,4,302.234039,352.192291,38338,DEFAULT,ADAPTIVE,CAR,
1787973285860,5.03123188,3837,unnamed,,NO_POSE,UNKNOWN,0,0,0,0,0,0,0,0,1,0,0,0,0,,,,,,,,,,,,0.598083019,1672.00867,0,,,0,4,302.234955,352.192291,38338,DEFAULT,ADAPTIVE,CAR,
1787973285860,5.0318327,3838,unnamed,,NO_POSE,UNKNOWN,0,0,0,0,0,0,0,0,1,0,0,0,0,,,,,,,,,,,,0.601082981,1663.66382,0,,,0,4,302.23584,352.192291,38338,DEFAULT,ADAPTIVE,CAR,
1787973285861,5.03243446,3839,unnamed,,NO_POSE,UNKNOWN,0,0,0,0,0,0,0,0,1,0,0,0,0,,,,,,,,,,,,0.601459026,1662.62366,0,,,0,4,302.236694,352.192291,38338,DEFAULT,ADAPTIVE,CAR,
1787973285862,5.03316307,3840,unnamed,,NO_POSE,UNKNOWN,0,0,0,0,0,0,0,0,1,0,0,0,0,,,,,,,,,,,,0.728916049,1371.90015,0,,,0,4,302.238007,352.192291,38338,DEFAULT,ADAPTIVE,CAR,
1787973285862,5.03393745,3841,unnamed,,NO_POSE,UNKNOWN,0,0,0,0,0,0,0,0,1,0,0,0,0,,,,,,,,,,,,0.774208963,1291.64087,0,,,0,4,302.239685,352.192291,38338,DEFAULT,ADAPTIVE,CAR,
1787973285863,5.03453636,3842,unnamed,,NO_POSE,UNKNOWN,0,0,0,0,0,0,0,0,1,0,0,0,0,,,,,,,,,,,,0.599083006,1669.21777,0,,,0,4,302.24057,352.192291,38338,DEFAULT,ADAPTIVE,CAR,
1787973285864,5.03513527,3843,unnamed,,NO_POSE,UNKNOWN,0,0,0,0,0,0,0,0,1,0,0,0,0,,,,,,,,,,,,0.598500013,1670.84375,0,,,0,4,302.241425,352.192291,38338,DEFAULT,ADAPTIVE,CAR,
1787973285864,5.03573704,3844,unnamed,,NO_POSE,UNKNOWN,0,0,0,0,0,0,0,0,1,0,0,0,0,,,,,,,,,,,,0.601792037,1661.70374,0,,,0,4,302.24231,352.192291,38338,DEFAULT,ADAPTIVE,CAR,
1787973285865,5.0363369,3845,unnamed,,NO_POSE,UNKNOWN,0,0,0,0,0,0,0,0,1,0,0,0,0,,,,,,,,,,,,0.600041032,1666.55273,0,,,0,4,302.243164,352.192291,38338,DEFAULT,ADAPTIVE,CAR,
1787973285865,5.0369525,3846,unnamed,,NO_POSE,UNKNOWN,0,0,0,0,0,0,0,0,1,0,0,0,0,,,,,,,,,,,,0.615499973,1624.69543,0,,,0,4,302.244049,352.192291,38338,DEFAULT,ADAPTIVE,CAR,
1787973285866,5.03753567,3847,unnamed,,NO_POSE,UNKNOWN,0,0,0,0,0,0,0,0,1,0,0,0,0,,,,,,,,,,,,0.583124995,1714.89819,0,,,0,4,302.244904,352.192291,38338,DEFAULT,ADAPTIVE,CAR,
1787973285867,5.03814125,3848,unnamed,,NO_POSE,UNKNOWN,0,0,0,0,0,0,0,0,1,0,0,0,0,,,,,,,,,,,,0.605791986,1650.73169,0,,,0,4,302.245789,352.192291,38338,DEFAULT,ADAPTIVE,CAR,
1787973285867,5.03884172,3849,unnamed,,NO_POSE,UNKNOWN,0,0,0,0,0,0,0,0,1,0,0,0,0,,,,,,,,,,,,0.700208008,1428.14709,0,,,0,4,302.246643,352.192291,38338,DEFAULT,ADAPTIVE,CAR,
1787973285868,5.03953981,3850,unnamed,,NO_POSE,UNKNOWN,0,0,0,0,0,0,0,0,1,0,0,0,0,,,,,,,,,,,,0.698334038,1431.97949,0,,,0,4,302.247528,352.192291,38338,DEFAULT,ADAPTIVE,CAR,
1787973285869,5.04023361,3851,unnamed,,NO_POSE,UNKNOWN,0,0,0,0,0,0,0,0,1,0,0,0,0,,,,,,,,,,,,0.693832994,1441.26904,0,,,0,4,302.248383,352.192291,38338,DEFAULT,ADAPTIVE,CAR,
1787973285869,5.04083157,3852,unnamed,,NO_POSE,UNKNOWN,0,0,0,0,0,0,0,0,1,0,0,0,0,,,,,,,,,,,,0.598083019,1672.00867,0,,,0,4,302.249268,352.192291,38338,DEFAULT,ADAPTIVE,CAR,
1787973285870,5.04153109,3853,unnamed,,NO_POSE,UNKNOWN,0,0,0,0,0,0,0,0,1,0,0,0,0,,,,,,,,,,,,0.699124992,1430.35938,0,,,0,4,302.250549,352.192291,38338,DEFAULT,ADAPTIVE,CAR,
1787973285871,5.0421381,3854,unnamed,,NO_POSE,UNKNOWN,0,0,0,0,0,0,0,0,1,0,0,0,0,,,,,,,,,,,,0.607167006,1646.99329,0,,,0,4,302.251434,352.192291,38338,DEFAULT,ADAPTIVE,CAR,
1787973285871,5.04273462,3855,unnamed,,NO_POSE,UNKNOWN,0,0,0,0,0,0,0,0,1,0,0,0,0,,,,,,,,,,,,0.596457958,1676.56409,0,,,0,4,302.252319,352.192291,38338,DEFAULT,ADAPTIVE,CAR,
1787973285872,5.04333735,3856,unnamed,,NO_POSE,UNKNOWN,0,0,0,0,0,0,0,0,1,0,0,0,0,,,,,,,,,,,,0.602999985,1658.37476,0,,,0,4,302.253174,352.192291,38338,DEFAULT,ADAPTIVE,CAR,
1787973285872,5.04393387,3857,unnamed,,NO_POSE,UNKNOWN,0,0,0,0,0,0,0,0,1,0,0,0,0,,,,,,,,,,,,0.596374989,1676.79736,0,,,0,4,302.254028,352.192291,38338,DEFAULT,ADAPTIVE,CAR,
1787973285873,5.04453754,3858,unnamed,,NO_POSE,UNKNOWN,0,0,0,0,0,0,0,0,1,0,0,0,0,,,,,,,,,,,,0.603583992,1656.77026,0,,,0,4,302.254913,352.192291,38338,DEFAULT,ADAPTIVE,CAR,
1787973285874,5.0451355,3859,unnamed,,NO_POSE,UNKNOWN,0,0,0,0,0,0,0,0,1,0,0,0,0,,,,,,,,,,,,0.598166049,1671.77661,0,,,0,4,302.255798,352.192291,38338,DEFAULT,ADAPTIVE,CAR,
1787973285874,5.04573011,3860,unnamed,,NO_POSE,UNKNOWN,0,0,0,0,0,0,0,0,1,0,0,0,0,,,,,,,,,,,,0.594500005,1682.08582,0,,,0,4,302.256653,352.192291,38338,DEFAULT,ADAPTIVE,CAR,
1787973285875,5.04633093,3861,unnamed,,NO_POSE,UNKNOWN,0,0,0,0,0,0,0,0,1,0,0,0,0,,,,,,,,,,,,0.600709021,1664.69958,0,,,0,4,302.257507,352.192291,38338,DEFAULT,ADAPTIVE,CAR,
1787973285875,5.04694939,3862,unnamed,,NO_POSE,UNKNOWN,0,0,0,0,0,0,0,0,1,0,0,0,0,,,,,,,,,,,,0.618375003,1617.1416,0,,,0,4,302.258423,352.192291,38338,DEFAULT,ADAPTIVE,CAR,
1787973285876,5.04765415,3863,unnamed,,NO_POSE,UNKNOWN,0,0,0,0,0,0,0,0,1,0,0,0,0,,,,,,,,,,,,0.704874992,1418.69128,0,,,0,4,302.259308,352.192291,38338,DEFAULT,ADAPTIVE,CAR,
1787973285877,5.04823303,3864,unnamed,,NO_POSE,UNKNOWN,0,0,0,0,0,0,0,0,1,0,0,0,0,,,,,,,,,,,,0.578916013,1727.36633,0,,,0,4,302.260162,352.192291,38338,DEFAULT,ADAPTIVE,CAR,
1787973285877,5.04891586,3865,unnamed,,NO_POSE,UNKNOWN,0,0,0,0,0,0,0,0,1,0,0,0,0,,,,,,,,,,,,0.682583988,1465.02112,0,,,0,4,302.261475,352.192291,38338,DEFAULT,ADAPTIVE,CAR,
1787973285878,5.04953766,3866,unnamed,,NO_POSE,UNKNOWN,0,0,0,0,0,0,0,0,1,0,0,0,0,,,,,,,,,,,,0.622207999,1607.17957,0,,,0,4,302.26239,352.192291,38338,DEFAULT,ADAPTIVE,CAR,
1787973285879,5.05013609,3867,unnamed,,NO_POSE,UNKNOWN,0,0,0,0,0,0,0,0,1,0,0,0,0,,,,,,,,,,,,0.598124981,1671.89136,0,,,0,4,302.263245,352.192291,38338,DEFAULT,ADAPTIVE,CAR,
1787973285879,5.05073738,3868,unnamed,,NO_POSE,UNKNOWN,0,0,0,0,0,0,0,0,1,0,0,0,0,,,,,,,,,,,,0.601458013,1662.62646,0,,,0,4,302.26413,352.192291,38338,DEFAULT,ADAPTIVE,CAR,
1787973285880,5.0513339,3869,unnamed,,NO_POSE,UNKNOWN,0,0,0,0,0,0,0,0,1,0,0,0,0,,,,,,,,,,,,0.596542001,1676.32788,0,,,0,4,302.264984,352.192291,38338,DEFAULT,ADAPTIVE,CAR,
1787973285880,5.05193806,3870,unnamed,,NO_POSE,UNKNOWN,0,0,0,0,0,0,0,0,1,0,0,0,0,,,,,,,,,,,,0.604083002,1655.40161,0,,,0,4,302.265869,352.192291,38338,DEFAULT,ADAPTIVE,CAR,
1787973285881,5.05252361,3871,unnamed,,NO_POSE,UNKNOWN,0,0,0,0,0,0,0,0,1,0,0,0,0,,,,,,,,,,,,0.585708976,1707.33252,0,,,0,4,302.266724,352.192291,38338,DEFAULT,ADAPTIVE,CAR,
1787973285881,5.05302572,3872,unnamed,,NO_POSE,UNKNOWN,0,0,0,0,0,0,0,0,1,0,0,0,0,,,,,,,,,,,,0.501832962,1992.69482,0,,,0,4,302.267609,352.192291,38338,DEFAULT,ADAPTIVE,CAR,
1787973285882,5.05363989,3873,unnamed,,NO_POSE,UNKNOWN,0,0,0,0,0,0,0,0,1,0,0,0,0,,,,,,,,,,,,0.614125013,1628.33301,0,,,0,4,302.268463,352.192291,38338,DEFAULT,ADAPTIVE,CAR,
1787973285891,5.06277275,3874,unnamed,,NO_POSE,UNKNOWN,0,0,0,0,0,0,0,0,1,0,0,0,0,,,,,,,,,,,,9.13287544,109.494545,0,,,0,4,302.046875,352.192291,38338,DEFAULT,ADAPTIVE,CAR,
1787973285893,5.06420803,3875,unnamed,,NO_POSE,UNKNOWN,0,0,0,0,0,0,0,0,1,0,0,0,0,,,,,,,,,,,,1.43537498,696.682068,0,,,0,4,301.655273,352.192291,38338,DEFAULT,ADAPTIVE,CAR,
1787973285894,5.06537914,3876,unnamed,,NO_POSE,UNKNOWN,0,0,0,0,0,0,0,0,1,0,0,0,0,,,,,,,,,,,,1.17108297,853.910461,0,,,0,4,301.189148,352.192291,38338,DEFAULT,ADAPTIVE,CAR,
1787973285895,5.06635141,3877,unnamed,,NO_POSE,UNKNOWN,0,0,0,0,0,0,0,0,1,0,0,0,0,,,,,,,,,,,,0.972374976,1028.40979,0,,,0,4,300.864685,352.192291,38338,DEFAULT,ADAPTIVE,CAR,
1787973285896,5.06725407,3878,unnamed,,NO_POSE,UNKNOWN,0,0,0,0,0,0,0,0,1,0,0,0,0,,,,,,,,,,,,0.902417004,1108.13513,0,,,0,4,300.467102,352.192291,38338,DEFAULT,ADAPTIVE,CAR,
1787973285897,5.0681572,3879,unnamed,,NO_POSE,UNKNOWN,0,0,0,0,0,0,0,0,1,0,0,0,0,,,,,,,,,,,,0.903333008,1107.01147,0,,,0,4,300.122772,352.192291,38338,DEFAULT,ADAPTIVE,CAR,
1787973285897,5.0687294,3880,unnamed,,NO_POSE,UNKNOWN,0,0,0,0,0,0,0,0,1,0,0,0,0,,,,,,,,,,,,0.572209001,1747.61316,0,,,0,4,300.123657,352.192291,38338,DEFAULT,ADAPTIVE,CAR,
1787973285898,5.06933689,3881,unnamed,,NO_POSE,UNKNOWN,0,0,0,0,0,0,0,0,1,0,0,0,0,,,,,,,,,,,,0.607332945,1646.54321,0,,,0,4,300.124512,352.192291,38338,DEFAULT,ADAPTIVE,CAR,
1787973285898,5.06993723,3882,unnamed,,NO_POSE,UNKNOWN,0,0,0,0,0,0,0,0,1,0,0,0,0,,,,,,,,,,,,0.600582957,1665.04883,0,,,0,4,300.125366,352.192291,38338,DEFAULT,ADAPTIVE,CAR,
1787973285899,5.07052994,3883,unnamed,,NO_POSE,UNKNOWN,0,0,0,0,0,0,0,0,1,0,0,0,0,,,,,,,,,,,,0.592499971,1687.76379,0,,,0,4,300.126251,352.192291,38338,DEFAULT,ADAPTIVE,CAR,
1787973285900,5.07121897,3884,unnamed,,NO_POSE,UNKNOWN,0,0,0,0,0,0,0,0,1,0,0,0,0,,,,,,,,,,,,0.689208984,1450.93872,0,,,0,4,300.127136,352.192291,38338,DEFAULT,ADAPTIVE,CAR,
1787973285900,5.07194757,3885,unnamed,,NO_POSE,UNKNOWN,0,0,0,0,0,0,0,0,1,0,0,0,0,,,,,,,,,,,,0.728666008,1372.37085,0,,,0,4,300.127991,352.192291,38338,DEFAULT,ADAPTIVE,CAR,
1787973285901,5.07263947,3886,unnamed,,NO_POSE,UNKNOWN,0,0,0,0,0,0,0,0,1,0,0,0,0,,,,,,,,,,,,0.69175005,1445.60889,0,,,0,4,300.128845,352.192291,38338,DEFAULT,ADAPTIVE,CAR,
1787973285902,5.07333755,3887,unnamed,,NO_POSE,UNKNOWN,0,0,0,0,0,0,0,0,1,0,0,0,0,,,,,,,,,,,,0.698083997,1432.49231,0,,,0,4,300.12973,352.192291,38338,DEFAULT,ADAPTIVE,CAR,
1787973285902,5.07404423,3888,unnamed,,NO_POSE,UNKNOWN,0,0,0,0,0,0,0,0,1,0,0,0,0,,,,,,,,,,,,0.706790984,1414.84534,0,,,0,4,300.130615,352.192291,38338,DEFAULT,ADAPTIVE,CAR,
1787973285904,5.07505274,3889,unnamed,,NO_POSE,UNKNOWN,0,0,0,0,0,0,0,0,1,0,0,0,0,,,,,,,,,,,,1.00833404,991.734863,0,,,0,4,300.132324,352.192291,38338,DEFAULT,ADAPTIVE,CAR,
1787973285904,5.07574368,3890,unnamed,,NO_POSE,UNKNOWN,0,0,0,0,0,0,0,0,1,0,0,0,0,,,,,,,,,,,,0.691124976,1446.91626,0,,,0,4,300.133209,352.192291,38338,DEFAULT,ADAPTIVE,CAR,
1787973285905,5.07644415,3891,unnamed,,NO_POSE,UNKNOWN,0,0,0,0,0,0,0,0,1,0,0,0,0,,,,,,,,,,,,0.700332999,1427.89221,0,,,0,4,300.134094,352.192291,38338,DEFAULT,ADAPTIVE,CAR,
1787973285905,5.07702541,3892,unnamed,,NO_POSE,UNKNOWN,0,0,0,0,0,0,0,0,1,0,0,0,0,,,,,,,,,,,,0.581499994,1719.69043,0,,,0,4,300.134949,352.192291,38338,DEFAULT,ADAPTIVE,CAR,
1787973285906,5.07763958,3893,unnamed,,NO_POSE,UNKNOWN,0,0,0,0,0,0,0,0,1,0,0,0,0,,,,,,,,,,,,0.613874972,1628.99622,0,,,0,4,300.135803,352.192291,38338,DEFAULT,ADAPTIVE,CAR,
1787973285907,5.07825089,3894,unnamed,,NO_POSE,UNKNOWN,0,0,0,0,0,0,0,0,1,0,0,0,0,,,,,,,,,,,,0.611457944,1635.43542,0,,,0,4,300.136688,352.192291,38338,DEFAULT,ADAPTIVE,CAR,
1787973285907,5.07882977,3895,unnamed,,NO_POSE,UNKNOWN,0,0,0,0,0,0,0,0,1,0,0,0,0,,,,,,,,,,,,0.578999996,1727.11572,0,,,0,4,300.137573,352.192291,38338,DEFAULT,ADAPTIVE,CAR,
1787973285908,5.07944393,3896,unnamed,,NO_POSE,UNKNOWN,0,0,0,0,0,0,0,0,1,0,0,0,0,,,,,,,,,,,,0.614000022,1628.66443,0,,,0,4,300.138428,352.192291,38338,DEFAULT,ADAPTIVE,CAR,
1787973285909,5.08013535,3897,unnamed,,NO_POSE,UNKNOWN,0,0,0,0,0,0,0,0,1,0,0,0,0,,,,,,,,,,,,0.691624999,1445.87024,0,,,0,4,300.139282,352.192291,38338,DEFAULT,ADAPTIVE,CAR,
1787973285909,5.08085966,3898,unnamed,,NO_POSE,UNKNOWN,0,0,0,0,0,0,0,0,1,0,0,0,0,,,,,,,,,,,,0.724125028,1380.97705,0,,,0,4,300.140167,352.192291,38338,DEFAULT,ADAPTIVE,CAR,
1787973285910,5.08168221,3899,unnamed,,NO_POSE,UNKNOWN,0,0,0,0,0,0,0,0,1,0,0,0,0,,,,,,,,,,,,0.822584033,1215.68127,0,,,0,4,300.141052,352.192291,38338,DEFAULT,ADAPTIVE,CAR,
1787973285911,5.08243084,3900,unnamed,,NO_POSE,UNKNOWN,0,0,0,0,0,0,0,0,1,0,0,0,0,,,,,,,,,,,,0.748790979,1335.48621,0,,,0,4,300.142944,352.192291,38338,DEFAULT,ADAPTIVE,CAR,
1787973285912,5.08313274,3901,unnamed,,NO_POSE,UNKNOWN,0,0,0,0,0,0,0,0,1,0,0,0,0,,,,,,,,,,,,0.701792002,1424.92358,0,,,0,4,300.143829,352.192291,38338,DEFAULT,ADAPTIVE,CAR,
1787973285912,5.08372974,3902,unnamed,,NO_POSE,UNKNOWN,0,0,0,0,0,0,0,0,1,0,0,0,0,,,,,,,,,,,,0.597124994,1674.69128,0,,,0,4,300.144684,352.192291,38338,DEFAULT,ADAPTIVE,CAR,
1787973285913,5.08432817,3903,unnamed,,NO_POSE,UNKNOWN,0,0,0,0,0,0,0,0,1,0,0,0,0,,,,,,,,,,,,0.598250031,1671.54199,0,,,0,4,300.145569,352.192291,38338,DEFAULT,ADAPTIVE,CAR,
1787973285913,5.08492708,3904,unnamed,,NO_POSE,UNKNOWN,0,0,0,0,0,0,0,0,1,0,0,0,0,,,,,,,,,,,,0.598917007,1669.68042,0,,,0,4,300.146423,352.192291,38338,DEFAULT,ADAPTIVE,CAR,
1787973285914,5.08552933,3905,unnamed,,NO_POSE,UNKNOWN,0,0,0,0,0,0,0,0,1,0,0,0,0,,,,,,,,,,,,0.602291048,1660.3269,0,,,0,4,300.147308,352.192291,38338,DEFAULT,ADAPTIVE,CAR,
1787973285915,5.08612776,3906,unnamed,,NO_POSE,UNKNOWN,0,0,0,0,0,0,0,0,1,0,0,0,0,,,,,,,,,,,,0.598167002,1671.77393,0,,,0,4,300.148163,352.192291,38338,DEFAULT,ADAPTIVE,CAR,
1787973285915,5.08673,3907,unnamed,,NO_POSE,UNKNOWN,0,0,0,0,0,0,0,0,1,0,0,0,0,,,,,,,,,,,,0.602333009,1660.21118,0,,,0,4,300.149048,352.192291,38338,DEFAULT,ADAPTIVE,CAR,
1787973285916,5.08732176,3908,unnamed,,NO_POSE,UNKNOWN,0,0,0,0,0,0,0,0,1,0,0,0,0,,,,,,,,,,,,0.592041969,1689.06934,0,,,0,4,300.149902,352.192291,38338,DEFAULT,ADAPTIVE,CAR,
1787973285916,5.087955,3909,unnamed,,NO_POSE,UNKNOWN,0,0,0,0,0,0,0,0,1,0,0,0,0,,,,,,,,,,,,0.632916987,1579.98608,0,,,0,4,300.150787,352.192291,38338,DEFAULT,ADAPTIVE,CAR,
1787973285917,5.08867359,3910,unnamed,,NO_POSE,UNKNOWN,0,0,0,0,0,0,0,0,1,0,0,0,0,,,,,,,,,,,,0.718915999,1390.98303,0,,,0,4,300.151642,352.192291,38338,DEFAULT,ADAPTIVE,CAR,
1787973285918,5.08944273,3911,unnamed,,NO_POSE,UNKNOWN,0,0,0,0,0,0,0,0,1,0,0,0,0,,,,,,,,,,,,0.768834054,1300.6709,0,,,0,4,300.152527,352.192291,38338,DEFAULT,ADAPTIVE,CAR,
1787973285919,5.09014273,3912,unnamed,,NO_POSE,UNKNOWN,0,0,0,0,0,0,0,0,1,0,0,0,0,,,,,,,,,,,,0.699958026,1428.6571,0,,,0,4,300.153381,352.192291,38338,DEFAULT,ADAPTIVE,CAR,
1787973285919,5.09093332,3913,unnamed,,NO_POSE,UNKNOWN,0,0,0,0,0,0,0,0,1,0,0,0,0,,,,,,,,,,,,0.790832996,1264.4895,0,,,0,4,300.154266,352.192291,38338,DEFAULT,ADAPTIVE,CAR,
1787973285920,5.09161615,3914,unnamed,,NO_POSE,UNKNOWN,0,0,0,0,0,0,0,0,1,0,0,0,0,,,,,,,,,,,,0.682792008,1464.57495,0,,,0,4,300.155121,352.192291,38338,DEFAULT,ADAPTIVE,CAR,
1787973285921,5.0922575,3915,unnamed,,NO_POSE,UNKNOWN,0,0,0,0,0,0,0,0,1,0,0,0,0,,,,,,,,,,,,0.641292036,1559.35205,0,,,0,4,300.156006,352.192291,38338,DEFAULT,ADAPTIVE,CAR,
1787973285921,5.09283447,3916,unnamed,,NO_POSE,UNKNOWN,0,0,0,0,0,0,0,0,1,0,0,0,0,,,,,,,,,,,,0.577207983,1732.47766,0,,,0,4,300.15686,352.192291,38338,DEFAULT,ADAPTIVE,CAR,
1787973285922,5.09342909,3917,unnamed,,NO_POSE,UNKNOWN,0,0,0,0,0,0,0,0,1,0,0,0,0,,,,,,,,,,,,0.594249964,1682.79346,0,,,0,4,300.157745,352.192291,38338,DEFAULT,ADAPTIVE,CAR,
1787973285922,5.09402466,3918,unnamed,,NO_POSE,UNKNOWN,0,0,0,0,0,0,0,0,1,0,0,0,0,,,,,,,,,,,,0.595791996,1678.43811,0,,,0,4,300.1586,352.192291,38338,DEFAULT,ADAPTIVE,CAR,
1787973285923,5.09463072,3919,unnamed,,NO_POSE,UNKNOWN,0,0,0,0,0,0,0,0,1,0,0,0,0,,,,,,,,,,,,0.606041014,1650.05334,0,,,0,4,300.159485,352.192291,38338,DEFAULT,ADAPTIVE,CAR,
1787973285924,5.09522963,3920,unnamed,,NO_POSE,UNKNOWN,0,0,0,0,0,0,0,0,1,0,0,0,0,,,,,,,,,,,,0.598917007,1669.68042,0,,,0,4,300.160339,352.192291,38338,DEFAULT,ADAPTIVE,CAR,
1787973285924,5.09583759,3921,unnamed,,NO_POSE,UNKNOWN,0,0,0,0,0,0,0,0,1,0,0,0,0,,,,,,,,,,,,0.60779202,1645.29968,0,,,0,4,300.161224,352.192291,38338,DEFAULT,ADAPTIVE,CAR,
1787973285925,5.0965724,3922,unnamed,,NO_POSE,UNKNOWN,0,0,0,0,0,0,0,0,1,0,0,0,0,,,,,,,,,,,,0.735000014,1360.54419,0,,,0,4,300.162079,352.192291,38338,DEFAULT,ADAPTIVE,CAR,
1787973285926,5.09736061,3923,unnamed,,NO_POSE,UNKNOWN,0,0,0,0,0,0,0,0,1,0,0,0,0,,,,,,,,,,,,0.788250029,1268.63306,0,,,0,4,300.162964,352.192291,38338,DEFAULT,ADAPTIVE,CAR,
1787973285927,5.09814072,3924,unnamed,,NO_POSE,UNKNOWN,0,0,0,0,0,0,0,0,1,0,0,0,0,,,,,,,,,,,,0.779790998,1282.3949,0,,,0,4,300.163818,352.192291,38338,DEFAULT,ADAPTIVE,CAR,
1787973285927,5.09887981,3925,unnamed,,NO_POSE,UNKNOWN,0,0,0,0,0,0,0,0,1,0,0,0,0,,,,,,,,,,,,0.739458978,1352.33997,0,,,0,4,300.164703,352.192291,38338,DEFAULT,ADAPTIVE,CAR,
1787973285928,5.09953213,3926,unnamed,,NO_POSE,UNKNOWN,0,0,0,0,0,0,0,0,1,0,0,0,0,,,,,,,,,,,,0.652249992,1533.15442,0,,,0,4,300.165558,352.192291,38338,DEFAULT,ADAPTIVE,CAR,
1787973285929,5.10013247,3927,unnamed,,NO_POSE,UNKNOWN,0,0,0,0,0,0,0,0,1,0,0,0,0,,,,,,,,,,,,0.600416005,1665.51196,0,,,0,4,300.166443,352.192291,38338,DEFAULT,ADAPTIVE,CAR,
1787973285929,5.10073423,3928,unnamed,,NO_POSE,UNKNOWN,0,0,0,0,0,0,0,0,1,0,0,0,0,,,,,,,,,,,,0.601333976,1662.96936,0,,,0,4,300.167297,352.192291,38338,DEFAULT,ADAPTIVE,CAR,
1787973285930,5.10132551,3929,unnamed,,NO_POSE,UNKNOWN,0,0,0,0,0,0,0,0,1,0,0,0,0,,,,,,,,,,,,0.591665983,1690.14282,0,,,0,4,300.168182,352.192291,38338,DEFAULT,ADAPTIVE,CAR,
1787973285930,5.10193014,3930,unnamed,,NO_POSE,UNKNOWN,0,0,0,0,0,0,0,0,1,0,0,0,0,,,,,,,,,,,,0.604709029,1653.68787,0,,,0,4,300.169037,352.192291,38338,DEFAULT,ADAPTIVE,CAR,
1787973285931,5.10263634,3931,unnamed,,NO_POSE,UNKNOWN,0,0,0,0,0,0,0,0,1,0,0,0,0,,,,,,,,,,,,0.705750048,1416.93225,0,,,0,4,300.169922,352.192291,38338,DEFAULT,ADAPTIVE,CAR,
1787973285932,5.10322857,3932,unnamed,,NO_POSE,UNKNOWN,0,0,0,0,0,0,0,0,1,0,0,0,0,,,,,,,,,,,,0.592332959,1688.23962,0,,,0,4,300.170776,352.192291,38338,DEFAULT,ADAPTIVE,CAR,
1787973285932,5.10382271,3933,unnamed,,NO_POSE,UNKNOWN,0,0,0,0,0,0,0,0,1,0,0,0,0,,,,,,,,,,,,0.594083011,1683.26648,0,,,0,4,300.171661,352.192291,38338,DEFAULT,ADAPTIVE,CAR,
1787973285933,5.10443258,3934,unnamed,,NO_POSE,UNKNOWN,0,0,0,0,0,0,0,0,1,0,0,0,0,,,,,,,,,,,,0.609833956,1639.79053,0,,,0,4,300.172516,352.192291,38338,DEFAULT,ADAPTIVE,CAR,
1787973285934,5.10510206,3935,unnamed,,NO_POSE,UNKNOWN,0,0,0,0,0,0,0,0,1,0,0,0,0,,,,,,,,,,,,0.669875026,1492.8158,0,,,0,4,300.173401,352.192291,38338,DEFAULT,ADAPTIVE,CAR,
1787973285934,5.10584402,3936,unnamed,,NO_POSE,UNKNOWN,0,0,0,0,0,0,0,0,1,0,0,0,0,,,,,,,,,,,,0.741666019,1348.3158,0,,,0,4,300.174255,352.192291,38338,DEFAULT,ADAPTIVE,CAR,
1787973285935,5.10653973,3937,unnamed,,NO_POSE,UNKNOWN,0,0,0,0,0,0,0,0,1,0,0,0,0,,,,,,,,,,,,0.695749998,1437.29785,0,,,0,4,300.17514,352.192291,38338,DEFAULT,ADAPTIVE,CAR,
1787973285936,5.10723829,3938,unnamed,,NO_POSE,UNKNOWN,0,0,0,0,0,0,0,0,1,0,0,0,0,,,,,,,,,,,,0.698750019,1431.12695,0,,,0,4,300.175995,352.192291,38338,DEFAULT,ADAPTIVE,CAR,
1787973285936,5.10782385,3939,unnamed,,NO_POSE,UNKNOWN,0,0,0,0,0,0,0,0,1,0,0,0,0,,,,,,,,,,,,0.585334003,1708.42627,0,,,0,4,300.17688,352.192291,38338,DEFAULT,ADAPTIVE,CAR,
1787973285937,5.10843658,3940,unnamed,,NO_POSE,UNKNOWN,0,0,0,0,0,0,0,0,1,0,0,0,0,,,,,,,,,,,,0.612833023,1631.76587,0,,,0,4,300.177734,352.192291,38338,DEFAULT,ADAPTIVE,CAR,
1787973285937,5.10903931,3941,unnamed,,NO_POSE,UNKNOWN,0,0,0,0,0,0,0,0,1,0,0,0,0,,,,,,,,,,,,0.602708042,1659.17822,0,,,0,4,300.178619,352.192291,38338,DEFAULT,ADAPTIVE,CAR,
1787973285938,5.10963011,3942,unnamed,,NO_POSE,UNKNOWN,0,0,0,0,0,0,0,0,1,0,0,0,0,,,,,,,,,,,,0.590624988,1693.1217,0,,,0,4,300.179474,352.192291,38338,DEFAULT,ADAPTIVE,CAR,
1787973285939,5.11023331,3943,unnamed,,NO_POSE,UNKNOWN,0,0,0,0,0,0,0,0,1,0,0,0,0,,,,,,,,,,,,0.603625,1656.65759,0,,,0,4,300.180359,352.192291,38338,DEFAULT,ADAPTIVE,CAR,
1787973285939,5.11083078,3944,unnamed,,NO_POSE,UNKNOWN,0,0,0,0,0,0,0,0,1,0,0,0,0,,,,,,,,,,,,0.597291946,1674.22302,0,,,0,4,300.181213,352.192291,38338,DEFAULT,ADAPTIVE,CAR,
1787973285940,5.11142826,3945,unnamed,,NO_POSE,UNKNOWN,0,0,0,0,0,0,0,0,1,0,0,0,0,,,,,,,,,,,,0.597249985,1674.3407,0,,,0,4,300.182098,352.192291,38338,DEFAULT,ADAPTIVE,CAR,
1787973285940,5.11203003,3946,unnamed,,NO_POSE,UNKNOWN,0,0,0,0,0,0,0,0,1,0,0,0,0,,,,,,,,,,,,0.601999998,1661.12964,0,,,0,4,300.182953,352.192291,38338,DEFAULT,ADAPTIVE,CAR,
1787973285941,5.11263037,3947,unnamed,,NO_POSE,UNKNOWN,0,0,0,0,0,0,0,0,1,0,0,0,0,,,,,,,,,,,,0.600292027,1665.85596,0,,,0,4,300.183838,352.192291,38338,DEFAULT,ADAPTIVE,CAR,
1787973285942,5.11333704,3948,unnamed,,NO_POSE,UNKNOWN,0,0,0,0,0,0,0,0,1,0,0,0,0,,,,,,,,,,,,0.706832945,1414.76135,0,,,0,4,300.184692,352.192291,38338,DEFAULT,ADAPTIVE,CAR,
1787973285942,5.11402178,3949,unnamed,,NO_POSE,UNKNOWN,0,0,0,0,0,0,0,0,1,0,0,0,0,,,,,,,,,,,,0.684458017,1461.01001,0,,,0,4,300.185577,352.192291,38338,DEFAULT,ADAPTIVE,CAR,
1787973285943,5.11463594,3950,unnamed,,NO_POSE,UNKNOWN,0,0,0,0,0,0,0,0,1,0,0,0,0,,,,,,,,,,,,0.614084005,1628.44165,0,,,0,4,300.186432,352.192291,38338,DEFAULT,ADAPTIVE,CAR,
1787973285944,5.11534691,3951,unnamed,,NO_POSE,UNKNOWN,0,0,0,0,0,0,0,0,1,0,0,0,0,,,,,,,,,,,,0.711166024,1406.14148,0,,,0,4,300.187317,352.192291,38338,DEFAULT,ADAPTIVE,CAR,
1787973285944,5.11592722,3952,unnamed,,NO_POSE,UNKNOWN,0,0,0,0,0,0,0,0,1,0,0,0,0,,,,,,,,,,,,0.580125034,1723.76636,0,,,0,4,300.188171,352.192291,38338,DEFAULT,ADAPTIVE,CAR,
1787973285945,5.11652756,3953,unnamed,,NO_POSE,UNKNOWN,0,0,0,0,0,0,0,0,1,0,0,0,0,,,,,,,,,,,,0.600667,1664.81604,0,,,0,4,300.189056,352.192291,38338,DEFAULT,ADAPTIVE,CAR,
1787973285946,5.11713362,3954,unnamed,,NO_POSE,UNKNOWN,0,0,0,0,0,0,0,0,1,0,0,0,0,,,,,,,,,,,,0.606083035,1649.93896,0,,,0,4,300.189911,352.192291,38338,DEFAULT,ADAPTIVE,CAR,
1787973285946,5.11773014,3955,unnamed,,NO_POSE,UNKNOWN,0,0,0,0,0,0,0,0,1,0,0,0,0,,,,,,,,,,,,0.596292019,1677.03064,0,,,0,4,300.190796,352.192291,38338,DEFAULT,ADAPTIVE,CAR,
1787973285947,5.11833048,3956,unnamed,,NO_POSE,UNKNOWN,0,0,0,0,0,0,0,0,1,0,0,0,0,,,,,,,,,,,,0.600458026,1665.39539,0,,,0,4,300.19165,352.192291,38338,DEFAULT,ADAPTIVE,CAR,
1787973285947,5.11893129,3957,unnamed,,NO_POSE,UNKNOWN,0,0,0,0,0,0,0,0,1,0,0,0,0,,,,,,,,,,,,0.600791991,1664.4696,0,,,0,4,300.192535,352.192291,38338,DEFAULT,ADAPTIVE,CAR,
1787973285948,5.11954498,3958,unnamed,,NO_POSE,UNKNOWN,0,0,0,0,0,0,0,0,1,0,0,0,0,,,,,,,,,,,,0.613417029,1630.2124,0,,,0,4,300.19339,352.192291,38338,DEFAULT,ADAPTIVE,CAR,
1787973285949,5.12012863,3959,unnamed,,NO_POSE,UNKNOWN,0,0,0,0,0,0,0,0,1,0,0,0,0,,,,,,,,,,,,0.583707988,1713.18542,0,,,0,4,300.194275,352.192291,38338,DEFAULT,ADAPTIVE,CAR,
1787973285949,5.12073469,3960,unnamed,,NO_POSE,UNKNOWN,0,0,0,0,0,0,0,0,1,0,0,0,0,,,,,,,,,,,,0.606207967,1649.59888,0,,,0,4,300.195129,352.192291,38338,DEFAULT,ADAPTIVE,CAR,
1787973285950,5.12163067,3961,unnamed,,NO_POSE,UNKNOWN,0,0,0,0,0,0,0,0,1,0,0,0,0,,,,,,,,,,,,0.896000028,1116.07141,0,,,0,4,300.196838,352.192291,38338,DEFAULT,ADAPTIVE,CAR,
1787973285951,5.1224556,3962,unnamed,,NO_POSE,UNKNOWN,0,0,0,0,0,0,0,0,1,0,0,0,0,,,,,,,,,,,,0.824708998,1212.54883,0,,,0,4,300.197693,352.192291,38338,DEFAULT,ADAPTIVE,CAR,
1787973285952,5.1231308,3963,unnamed,,NO_POSE,UNKNOWN,0,0,0,0,0,0,0,0,1,0,0,0,0,,,,,,,,,,,,0.675500035,1480.38489,0,,,0,4,300.198578,352.192291,38338,DEFAULT,ADAPTIVE,CAR,
1787973285952,5.12384748,3964,unnamed,,NO_POSE,UNKNOWN,0,0,0,0,0,0,0,0,1,0,0,0,0,,,,,,,,,,,,0.716708004,1395.26831,0,,,0,4,300.199432,352.192291,38338,DEFAULT,ADAPTIVE,CAR,
1787973285953,5.12453651,3965,unnamed,,NO_POSE,UNKNOWN,0,0,0,0,0,0,0,0,1,0,0,0,0,,,,,,,,,,,,0.688957989,1451.46729,0,,,0,4,300.200317,352.192291,38338,DEFAULT,ADAPTIVE,CAR,
1787973285954,5.12512732,3966,unnamed,,NO_POSE,UNKNOWN,0,0,0,0,0,0,0,0,1,0,0,0,0,,,,,,,,,,,,0.590667009,1693.00122,0,,,0,4,300.201172,352.192291,38338,DEFAULT,ADAPTIVE,CAR,
1787973285954,5.1257329,3967,unnamed,,NO_POSE,UNKNOWN,0,0,0,0,0,0,0,0,1,0,0,0,0,,,,,,,,,,,,0.605791986,1650.73169,0,,,0,4,300.202057,352.192291,38338,DEFAULT,ADAPTIVE,CAR,
1787973285955,5.12632704,3968,unnamed,,NO_POSE,UNKNOWN,0,0,0,0,0,0,0,0,1,0,0,0,0,,,,,,,,,,,,0.594249964,1682.79346,0,,,0,4,300.202911,352.192291,38338,DEFAULT,ADAPTIVE,CAR,
1787973285955,5.12693644,3969,unnamed,,NO_POSE,UNKNOWN,0,0,0,0,0,0,0,0,1,0,0,0,0,,,,,,,,,,,,0.609125018,1641.6991,0,,,0,4,300.203796,352.192291,38338,DEFAULT,ADAPTIVE,CAR,
1787973285956,5.1275301,3970,unnamed,,NO_POSE,UNKNOWN,0,0,0,0,0,0,0,0,1,0,0,0,0,,,,,,,,,,,,0.593791008,1684.09424,0,,,0,4,300.204651,352.192291,38338,DEFAULT,ADAPTIVE,CAR,
1787973285957,5.1281333,3971,unnamed,,NO_POSE,UNKNOWN,0,0,0,0,0,0,0,0,1,0,0,0,0,,,,,,,,,,,,0.603042006,1658.25928,0,,,0,4,300.205536,352.192291,38338,DEFAULT,ADAPTIVE,CAR,
1787973285957,5.12872791,3972,unnamed,,NO_POSE,UNKNOWN,0,0,0,0,0,0,0,0,1,0,0,0,0,,,,,,,,,,,,0.594792008,1681.26001,0,,,0,4,300.20639,352.192291,38338,DEFAULT,ADAPTIVE,CAR,
1787973285958,5.12933588,3973,unnamed,,NO_POSE,UNKNOWN,0,0,0,0,0,0,0,0,1,0,0,0,0,,,,,,,,,,,,0.607958019,1644.85046,0,,,0,4,300.207275,352.192291,38338,DEFAULT,ADAPTIVE,CAR,
1787973285958,5.13000441,3974,unnamed,,NO_POSE,UNKNOWN,0,0,0,0,0,0,0,0,1,0,0,0,0,,,,,,,,,,,,0.668582976,1495.70068,0,,,0,4,300.20813,352.192291,38338,DEFAULT,ADAPTIVE,CAR,
1787973285959,5.13074112,3975,unnamed,,NO_POSE,UNKNOWN,0,0,0,0,0,0,0,0,1,0,0,0,0,,,,,,,,,,,,0.736625016,1357.54285,0,,,0,4,300.209015,352.192291,38338,DEFAULT,ADAPTIVE,CAR,
1787973285960,5.13133001,3976,unnamed,,NO_POSE,UNKNOWN,0,0,0,0,0,0,0,0,1,0,0,0,0,,,,,,,,,,,,0.58908397,1697.55078,0,,,0,4,300.209869,352.192291,38338,DEFAULT,ADAPTIVE,CAR,
1787973285960,5.13201475,3977,unnamed,,NO_POSE,UNKNOWN,0,0,0,0,0,0,0,0,1,0,0,0,0,,,,,,,,,,,,0.684499979,1460.92041,0,,,0,4,300.210754,352.192291,38338,DEFAULT,ADAPTIVE,CAR,
1787973285961,5.13263512,3978,unnamed,,NO_POSE,UNKNOWN,0,0,0,0,0,0,0,0,1,0,0,0,0,,,,,,,,,,,,0.620374978,1611.92834,0,,,0,4,300.211609,352.192291,38338,DEFAULT,ADAPTIVE,CAR,
1787973285962,5.13323545,3979,unnamed,,NO_POSE,UNKNOWN,0,0,0,0,0,0,0,0,1,0,0,0,0,,,,,,,,,,,,0.600332975,1665.74219,0,,,0,4,300.212494,352.192291,38338,DEFAULT,ADAPTIVE,CAR,
1787973285962,5.13383627,3980,unnamed,,NO_POSE,UNKNOWN,0,0,0,0,0,0,0,0,1,0,0,0,0,,,,,,,,,,,,0.600667,1664.81604,0,,,0,4,300.213348,352.192291,38338,DEFAULT,ADAPTIVE,CAR,
1787973285963,5.13443375,3981,unnamed,,NO_POSE,UNKNOWN,0,0,0,0,0,0,0,0,1,0,0,0,0,,,,,,,,,,,,0.597791016,1672.82544,0,,,0,4,300.214233,352.192291,38338,DEFAULT,ADAPTIVE,CAR,
1787973285963,5.13503599,3982,unnamed,,NO_POSE,UNKNOWN,0,0,0,0,0,0,0,0,1,0,0,0,0,,,,,,,,,,,,0.602209032,1660.55298,0,,,0,4,300.215149,352.192291,38338,DEFAULT,ADAPTIVE,CAR,
1787973285964,5.13563633,3983,unnamed,,NO_POSE,UNKNOWN,0,0,0,0,0,0,0,0,1,0,0,0,0,,,,,,,,,,,,0.600041032,1666.55273,0,,,0,4,300.216003,352.192291,38338,DEFAULT,ADAPTIVE,CAR,
1787973285965,5.13623857,3984,unnamed,,NO_POSE,UNKNOWN,0,0,0,0,0,0,0,0,1,0,0,0,0,,,,,,,,,,,,0.602292001,1660.32422,0,,,0,4,300.216858,352.192291,38338,DEFAULT,ADAPTIVE,CAR,
1787973285965,5.13682699,3985,unnamed,,NO_POSE,UNKNOWN,0,0,0,0,0,0,0,0,1,0,0,0,0,,,,,,,,,,,,0.588416994,1699.4751,0,,,0,4,300.217743,352.192291,38338,DEFAULT,ADAPTIVE,CAR,
1787973285966,5.13743114,3986,unnamed,,NO_POSE,UNKNOWN,0,0,0,0,0,0,0,0,1,0,0,0,0,,,,,,,,,,,,0.604250014,1654.94409,0,,,0,4,300.218628,352.192291,38338,DEFAULT,ADAPTIVE,CAR,
1787973285966,5.13804626,3987,unnamed,,NO_POSE,UNKNOWN,0,0,0,0,0,0,0,0,1,0,0,0,0,,,,,,,,,,,,0.615332961,1625.13635,0,,,0,4,300.219482,352.192291,38338,DEFAULT,ADAPTIVE,CAR,
1787973285967,5.13863468,3988,unnamed,,NO_POSE,UNKNOWN,0,0,0,0,0,0,0,0,1,0,0,0,0,,,,,,,,,,,,0.588458002,1699.35669,0,,,0,4,300.220337,352.192291,38338,DEFAULT,ADAPTIVE,CAR,
1787973285968,5.13923407,3989,unnamed,,NO_POSE,UNKNOWN,0,0,0,0,0,0,0,0,1,0,0,0,0,,,,,,,,,,,,0.59908402,1669.21497,0,,,0,4,300.221222,352.192291,38338,DEFAULT,ADAPTIVE,CAR,
1787973285968,5.13994598,3990,unnamed,,NO_POSE,UNKNOWN,0,0,0,0,0,0,0,0,1,0,0,0,0,,,,,,,,,,,,0.711790979,1404.90686,0,,,0,4,300.222107,352.192291,38338,DEFAULT,ADAPTIVE,CAR,
1787973285969,5.14075089,3991,unnamed,,NO_POSE,UNKNOWN,0,0,0,0,0,0,0,0,1,0,0,0,0,,,,,,,,,,,,0.805250049,1241.85034,0,,,0,4,300.222961,352.192291,38338,DEFAULT,ADAPTIVE,CAR,
1787973285970,5.14143801,3992,unnamed,,NO_POSE,UNKNOWN,0,0,0,0,0,0,0,0,1,0,0,0,0,,,,,,,,,,,,0.686917007,1455.78003,0,,,0,4,300.223816,352.192291,38338,DEFAULT,ADAPTIVE,CAR,
1787973285970,5.14203596,3993,unnamed,,NO_POSE,UNKNOWN,0,0,0,0,0,0,0,0,1,0,0,0,0,,,,,,,,,,,,0.59791702,1672.4729,0,,,0,4,300.224701,352.192291,38338,DEFAULT,ADAPTIVE,CAR,
1787973285971,5.14263153,3994,unnamed,,NO_POSE,UNKNOWN,0,0,0,0,0,0,0,0,1,0,0,0,0,,,,,,,,,,,,0.595875025,1678.20422,0,,,0,4,300.225586,352.192291,38338,DEFAULT,ADAPTIVE,CAR,
1787973285972,5.14323807,3995,unnamed,,NO_POSE,UNKNOWN,0,0,0,0,0,0,0,0,1,0,0,0,0,,,,,,,,,,,,0.606250048,1649.4845,0,,,0,4,300.22644,352.192291,38338,DEFAULT,ADAPTIVE,CAR,
1787973285972,5.1438365,3996,unnamed,,NO_POSE,UNKNOWN,0,0,0,0,0,0,0,0,1,0,0,0,0,,,,,,,,,,,,0.598625004,1670.49487,0,,,0,4,300.227295,352.192291,38338,DEFAULT,ADAPTIVE,CAR,
1787973285973,5.14443302,3997,unnamed,,NO_POSE,UNKNOWN,0,0,0,0,0,0,0,0,1,0,0,0,0,,,,,,,,,,,,0.596166015,1677.38513,0,,,0,4,300.22818,352.192291,38338,DEFAULT,ADAPTIVE,CAR,
1787973285973,5.14503765,3998,unnamed,,NO_POSE,UNKNOWN,0,0,0,0,0,0,0,0,1,0,0,0,0,,,,,,,,,,,,0.605000019,1652.89258,0,,,0,4,300.229065,352.192291,38338,DEFAULT,ADAPTIVE,CAR,
1787973285974,5.1456356,3999,unnamed,,NO_POSE,UNKNOWN,0,0,0,0,0,0,0,0,1,0,0,0,0,,,,,,,,,,,,0.597709,1673.05505,0,,,0,4,300.229919,352.192291,38338,DEFAULT,ADAPTIVE,CAR,
1787973285975,5.14643145,4000,unnamed,,NO_POSE,UNKNOWN,0,0,0,0,0,0,0,0,1,0,0,0,0,,,,,,,,,,,,0.79579097,1256.61133,0,,,0,4,300.230774,352.192291,38338,DEFAULT,ADAPTIVE,CAR,
1787973285976,5.14716291,4001,unnamed,,NO_POSE,UNKNOWN,0,0,0,0,0,0,0,0,1,0,0,0,0,,,,,,,,,,,,0.731417,1367.20923,0,,,0,4,300.231659,352.192291,38338,DEFAULT,ADAPTIVE,CAR,
1787973285976,5.14783621,4002,unnamed,,NO_POSE,UNKNOWN,0,0,0,0,0,0,0,0,1,0,0,0,0,,,,,,,,,,,,0.67345798,1484.87366,0,,,0,4,300.232544,352.192291,38338,DEFAULT,ADAPTIVE,CAR,
1787973285977,5.14843416,4003,unnamed,,NO_POSE,UNKNOWN,0,0,0,0,0,0,0,0,1,0,0,0,0,,,,,,,,,,,,0.598084033,1672.00586,0,,,0,4,300.233398,352.192291,38338,DEFAULT,ADAPTIVE,CAR,
1787973285977,5.14903402,4004,unnamed,,NO_POSE,UNKNOWN,0,0,0,0,0,0,0,0,1,0,0,0,0,,,,,,,,,,,,0.599541008,1667.94263,0,,,0,4,300.234253,352.192291,38338,DEFAULT,ADAPTIVE,CAR,
1787973285978,5.14963531,4005,unnamed,,NO_POSE,UNKNOWN,0,0,0,0,0,0,0,0,1,0,0,0,0,,,,,,,,,,,,0.601417005,1662.73987,0,,,0,4,300.235138,352.192291,38338,DEFAULT,ADAPTIVE,CAR,
1787973285979,5.15023851,4006,unnamed,,NO_POSE,UNKNOWN,0,0,0,0,0,0,0,0,1,0,0,0,0,,,,,,,,,,,,0.603208005,1657.80286,0,,,0,4,300.236023,352.192291,38338,DEFAULT,ADAPTIVE,CAR,
1787973285979,5.15085125,4007,unnamed,,NO_POSE,UNKNOWN,0,0,0,0,0,0,0,0,1,0,0,0,0,,,,,,,,,,,,0.612708986,1632.09619,0,,,0,4,300.236877,352.192291,38338,DEFAULT,ADAPTIVE,CAR,
1787973285980,5.15143108,4008,unnamed,,NO_POSE,UNKNOWN,0,0,0,0,0,0,0,0,1,0,0,0,0,,,,,,,,,,,,0.579874992,1724.50952,0,,,0,4,300.237732,352.192291,38338,DEFAULT,ADAPTIVE,CAR,
1787973285980,5.15203571,4009,unnamed,,NO_POSE,UNKNOWN,0,0,0,0,0,0,0,0,1,0,0,0,0,,,,,,,,,,,,0.604916036,1653.12207,0,,,0,4,300.238617,352.192291,38338,DEFAULT,ADAPTIVE,CAR,
1787973285981,5.15263271,4010,unnamed,,NO_POSE,UNKNOWN,0,0,0,0,0,0,0,0,1,0,0,0,0,,,,,,,,,,,,0.596750021,1675.74365,0,,,0,4,300.239502,352.192291,38338,DEFAULT,ADAPTIVE,CAR,
1787973285982,5.15323782,4011,unnamed,,NO_POSE,UNKNOWN,0,0,0,0,0,0,0,0,1,0,0,0,0,,,,,,,,,,,,0.605167031,1652.4364,0,,,0,4,300.240387,352.192291,38338,DEFAULT,ADAPTIVE,CAR,
1787973285982,5.15383482,4012,unnamed,,NO_POSE,UNKNOWN,0,0,0,0,0,0,0,0,1,0,0,0,0,,,,,,,,,,,,0.596957982,1675.15979,0,,,0,4,300.241272,352.192291,38338,DEFAULT,ADAPTIVE,CAR,
1787973285983,5.15444088,4013,unnamed,,NO_POSE,UNKNOWN,0,0,0,0,0,0,0,0,1,0,0,0,0,,,,,,,,,,,,0.605917037,1650.39099,0,,,0,4,300.242126,352.192291,38338,DEFAULT,ADAPTIVE,CAR,
1787973285984,5.15509605,4014,unnamed,,NO_POSE,UNKNOWN,0,0,0,0,0,0,0,0,1,0,0,0,0,,,,,,,,,,,,0.655582964,1525.35986,0,,,0,4,300.243011,352.192291,38338,DEFAULT,ADAPTIVE,CAR,
1787973285984,5.15573502,4015,unnamed,,NO_POSE,UNKNOWN,0,0,0,0,0,0,0,0,1,0,0,0,0,,,,,,,,,,,,0.638709009,1565.6582,0,,,0,4,300.243866,352.192291,38338,DEFAULT,ADAPTIVE,CAR,
1787973285985,5.15633154,4016,unnamed,,NO_POSE,UNKNOWN,0,0,0,0,0,0,0,0,1,0,0,0,0,,,,,,,,,,,,0.596499979,1676.44592,0,,,0,4,300.244751,352.192291,38338,DEFAULT,ADAPTIVE,CAR,
1787973285986,5.15706396,4017,unnamed,,NO_POSE,UNKNOWN,0,0,0,0,0,0,0,0,1,0,0,0,0,,,,,,,,,,,,0.732333004,1365.49902,0,,,0,4,300.245605,352.192291,38338,DEFAULT,ADAPTIVE,CAR,
1787973285986,5.1577487,4018,unnamed,,NO_POSE,UNKNOWN,0,0,0,0,0,0,0,0,1,0,0,0,0,,,,,,,,,,,,0.685000002,1459.854,0,,,0,4,300.24649,352.192291,38338,DEFAULT,ADAPTIVE,CAR,
1787973285987,5.15832758,4019,unnamed,,NO_POSE,UNKNOWN,0,0,0,0,0,0,0,0,1,0,0,0,0,,,,,,,,,,,,0.578832984,1727.61401,0,,,0,4,300.247345,352.192291,38338,DEFAULT,ADAPTIVE,CAR,
1787973285987,5.15893698,4020,unnamed,,NO_POSE,UNKNOWN,0,0,0,0,0,0,0,0,1,0,0,0,0,,,,,,,,,,,,0.609542012,1640.57605,0,,,0,4,300.24823,352.192291,38338,DEFAULT,ADAPTIVE,CAR,
1787973285988,5.15952778,4021,unnamed,,NO_POSE,UNKNOWN,0,0,0,0,0,0,0,0,1,0,0,0,0,,,,,,,,,,,,0.590624988,1693.1217,0,,,0,4,300.249084,352.192291,38338,DEFAULT,ADAPTIVE,CAR,
1787973285989,5.16013193,4022,unnamed,,NO_POSE,UNKNOWN,0,0,0,0,0,0,0,0,1,0,0,0,0,,,,,,,,,,,,0.603999972,1655.62915,0,,,0,4,300.249969,352.192291,38338,DEFAULT,ADAPTIVE,CAR,
1787973285989,5.16073608,4023,unnamed,,NO_POSE,UNKNOWN,0,0,0,0,0,0,0,0,1,0,0,0,0,,,,,,,,,,,,0.604083002,1655.40161,0,,,0,4,300.250824,352.192291,38338,DEFAULT,ADAPTIVE,CAR,
1787973285990,5.16135168,4024,unnamed,,NO_POSE,UNKNOWN,0,0,0,0,0,0,0,0,1,0,0,0,0,,,,,,,,,,,,0.615958989,1623.48474,0,,,0,4,300.251709,352.192291,38338,DEFAULT,ADAPTIVE,CAR,
1787973285990,5.16201639,4025,unnamed,,NO_POSE,UNKNOWN,0,0,0,0,0,0,0,0,1,0,0,0,0,,,,,,,,,,,,0.66474998,1504.32495,0,,,0,4,300.252563,352.192291,38338,DEFAULT,ADAPTIVE,CAR,
1787973285991,5.16264439,4026,unnamed,,NO_POSE,UNKNOWN,0,0,0,0,0,0,0,0,1,0,0,0,0,,,,,,,,,,,,0.627583027,1593.41467,0,,,0,4,300.253448,352.192291,38338,DEFAULT,ADAPTIVE,CAR,
1787973285992,5.16332865,4027,unnamed,,NO_POSE,UNKNOWN,0,0,0,0,0,0,0,0,1,0,0,0,0,,,,,,,,,,,,0.684207976,1461.54382,0,,,0,4,300.254303,352.192291,38338,DEFAULT,ADAPTIVE,CAR,
1787973285992,5.16403246,4028,unnamed,,NO_POSE,UNKNOWN,0,0,0,0,0,0,0,0,1,0,0,0,0,,,,,,,,,,,,0.703917027,1420.62207,0,,,0,4,300.255188,352.192291,38338,DEFAULT,ADAPTIVE,CAR,
1787973285993,5.16474104,4029,unnamed,,NO_POSE,UNKNOWN,0,0,0,0,0,0,0,0,1,0,0,0,0,,,,,,,,,,,,0.708875,1410.68591,0,,,0,4,300.256042,352.192291,38338,DEFAULT,ADAPTIVE,CAR,
1787973285994,5.16532278,4030,unnamed,,NO_POSE,UNKNOWN,0,0,0,0,0,0,0,0,1,0,0,0,0,,,,,,,,,,,,0.581667006,1719.19678,0,,,0,4,300.256927,352.192291,38338,DEFAULT,ADAPTIVE,CAR,
1787973285994,5.16582727,4031,unnamed,,NO_POSE,UNKNOWN,0,0,0,0,0,0,0,0,1,0,0,0,0,,,,,,,,,,,,0.504333019,1982.81689,0,,,0,4,300.257782,352.192291,38338,DEFAULT,ADAPTIVE,CAR,
1787973285995,5.16644144,4032,unnamed,,NO_POSE,UNKNOWN,0,0,0,0,0,0,0,0,1,0,0,0,0,,,,,,,,,,,,0.614374995,1627.67041,0,,,0,4,300.258667,352.192291,38338,DEFAULT,ADAPTIVE,CAR,
1787973285995,5.16703224,4033,unnamed,,NO_POSE,UNKNOWN,0,0,0,0,0,0,0,0,1,0,0,0,0,,,,,,,,,,,,0.590667009,1693.00122,0,,,0,4,300.259521,352.192291,38338,DEFAULT,ADAPTIVE,CAR,
1787973285996,5.16764212,4034,unnamed,,NO_POSE,UNKNOWN,0,0,0,0,0,0,0,0,1,0,0,0,0,,,,,,,,,,,,0.609708011,1640.12927,0,,,0,4,300.260406,352.192291,38338,DEFAULT,ADAPTIVE,CAR,
1787973285997,5.16823578,4035,unnamed,,NO_POSE,UNKNOWN,0,0,0,0,0,0,0,0,1,0,0,0,0,,,,,,,,,,,,0.593582988,1684.68445,0,,,0,4,300.261261,352.192291,38338,DEFAULT,ADAPTIVE,CAR,
1787973285997,5.16883564,4036,unnamed,,NO_POSE,UNKNOWN,0,0,0,0,0,0,0,0,1,0,0,0,0,,,,,,,,,,,,0.600167036,1666.20288,0,,,0,4,300.262146,352.192291,38338,DEFAULT,ADAPTIVE,CAR,
1787973285998,5.16943789,4037,unnamed,,NO_POSE,UNKNOWN,0,0,0,0,0,0,0,0,1,0,0,0,0,,,,,,,,,,,,0.602124989,1660.78467,0,,,0,4,300.263,352.192291,38338,DEFAULT,ADAPTIVE,CAR,
1787973285999,5.17010117,4038,unnamed,,NO_POSE,UNKNOWN,0,0,0,0,0,0,0,0,1,0,0,0,0,,,,,,,,,,,,0.663416982,1507.34766,0,,,0,4,300.263885,352.192291,38338,DEFAULT,ADAPTIVE,CAR,
1787973285999,5.17073774,4039,unnamed,,NO_POSE,UNKNOWN,0,0,0,0,0,0,0,0,1,0,0,0,0,,,,,,,,,,,,0.636708021,1570.57874,0,,,0,4,300.26474,352.192291,38338,DEFAULT,ADAPTIVE,CAR,
1787973286000,5.1713748,4040,unnamed,,NO_POSE,UNKNOWN,0,0,0,0,0,0,0,0,1,0,0,0,0,,,,,,,,,,,,0.636708021,1570.57874,0,,,0,4,300.265625,352.192291,38338,DEFAULT,ADAPTIVE,CAR,
1787973286000,5.1720376,4041,unnamed,,NO_POSE,UNKNOWN,0,0,0,0,0,0,0,0,1,0,0,0,0,,,,,,,,,,,,0.662750006,1508.86462,0,,,0,4,300.266479,352.192291,38338,DEFAULT,ADAPTIVE,CAR,
1787973286001,5.17263556,4042,unnamed,,NO_POSE,UNKNOWN,0,0,0,0,0,0,0,0,1,0,0,0,0,,,,,,,,,,,,0.598250031,1671.54199,0,,,0,4,300.267365,352.192291,38338,DEFAULT,ADAPTIVE,CAR,
1787973286002,5.17323303,4043,unnamed,,NO_POSE,UNKNOWN,0,0,0,0,0,0,0,0,1,0,0,0,0,,,,,,,,,,,,0.597541988,1673.52258,0,,,0,4,300.268219,352.192291,38338,DEFAULT,ADAPTIVE,CAR,
1787973286002,5.17394686,4044,unnamed,,NO_POSE,UNKNOWN,0,0,0,0,0,0,0,0,1,0,0,0,0,,,,,,,,,,,,0.713833034,1400.88782,0,,,0,4,300.269104,352.192291,38338,DEFAULT,ADAPTIVE,CAR,
1787973286003,5.17463779,4045,unnamed,,NO_POSE,UNKNOWN,0,0,0,0,0,0,0,0,1,0,0,0,0,,,,,,,,,,,,0.690958977,1447.26392,0,,,0,4,300.269958,352.192291,38338,DEFAULT,ADAPTIVE,CAR,
1787973286004,5.17523813,4046,unnamed,,NO_POSE,UNKNOWN,0,0,0,0,0,0,0,0,1,0,0,0,0,,,,,,,,,,,,0.600332975,1665.74219,0,,,0,4,300.270844,352.192291,38338,DEFAULT,ADAPTIVE,CAR,
1787973286004,5.1758399,4047,unnamed,,NO_POSE,UNKNOWN,0,0,0,0,0,0,0,0,1,0,0,0,0,,,,,,,,,,,,0.601707995,1661.93567,0,,,0,4,300.271698,352.192291,38338,DEFAULT,ADAPTIVE,CAR,
1787973286005,5.17643738,4048,unnamed,,NO_POSE,UNKNOWN,0,0,0,0,0,0,0,0,1,0,0,0,0,,,,,,,,,,,,0.597167015,1674.57349,0,,,0,4,300.272583,352.192291,38338,DEFAULT,ADAPTIVE,CAR,
1787973286005,5.17703819,4049,unnamed,,NO_POSE,UNKNOWN,0,0,0,0,0,0,0,0,1,0,0,0,0,,,,,,,,,,,,0.60095799,1664.00977,0,,,0,4,300.273438,352.192291,38338,DEFAULT,ADAPTIVE,CAR,
1787973286007,5.17834806,4050,unnamed,,NO_POSE,UNKNOWN,0,0,0,0,0,0,0,0,1,0,0,0,0,,,,,,,,,,,,1.30979204,763.47998,0,,,0,4,300.499023,352.192291,38338,DEFAULT,ADAPTIVE,CAR,
1787973286007,5.17903233,4051,unnamed,,NO_POSE,UNKNOWN,0,0,0,0,0,0,0,0,1,0,0,0,0,,,,,,,,,,,,0.684417009,1461.09753,0,,,0,4,300.499908,352.192291,38338,DEFAULT,ADAPTIVE,CAR,
1787973286008,5.17965221,4052,unnamed,,NO_POSE,UNKNOWN,0,0,0,0,0,0,0,0,1,0,0,0,0,,,,,,,,,,,,0.61966604,1613.77258,0,,,0,4,300.500763,352.192291,38338,DEFAULT,ADAPTIVE,CAR,
1787973286009,5.18035412,4053,unnamed,,NO_POSE,UNKNOWN,0,0,0,0,0,0,0,0,1,0,0,0,0,,,,,,,,,,,,0.702250004,1423.99426,0,,,0,4,300.501648,352.192291,38338,DEFAULT,ADAPTIVE,CAR,
1787973286009,5.18103838,4054,unnamed,,NO_POSE,UNKNOWN,0,0,0,0,0,0,0,0,1,0,0,0,0,,,,,,,,,,,,0.684000015,1461.98828,0,,,0,4,300.502502,352.192291,38338,DEFAULT,ADAPTIVE,CAR,
1787973286010,5.18165064,4055,unnamed,,NO_POSE,UNKNOWN,0,0,0,0,0,0,0,0,1,0,0,0,0,,,,,,,,,,,,0.612374961,1632.98633,0,,,0,4,300.503387,352.192291,38338,DEFAULT,ADAPTIVE,CAR,
1787973286011,5.18223715,4056,unnamed,,NO_POSE,UNKNOWN,0,0,0,0,0,0,0,0,1,0,0,0,0,,,,,,,,,,,,0.58662504,1704.6665,0,,,0,4,300.504242,352.192291,38338,DEFAULT,ADAPTIVE,CAR,
1787973286011,5.18283367,4057,unnamed,,NO_POSE,UNKNOWN,0,0,0,0,0,0,0,0,1,0,0,0,0,,,,,,,,,,,,0.596166968,1677.38232,0,,,0,4,300.505127,352.192291,38338,DEFAULT,ADAPTIVE,CAR,
1787973286012,5.18343735,4058,unnamed,,NO_POSE,UNKNOWN,0,0,0,0,0,0,0,0,1,0,0,0,0,,,,,,,,,,,,0.603917003,1655.85669,0,,,0,4,300.505981,352.192291,38338,DEFAULT,ADAPTIVE,CAR,
1787973286012,5.18403149,4059,unnamed,,NO_POSE,UNKNOWN,0,0,0,0,0,0,0,0,1,0,0,0,0,,,,,,,,,,,,0.594249964,1682.79346,0,,,0,4,300.506866,352.192291,38338,DEFAULT,ADAPTIVE,CAR,
1787973286013,5.18463326,4060,unnamed,,NO_POSE,UNKNOWN,0,0,0,0,0,0,0,0,1,0,0,0,0,,,,,,,,,,,,0.601499975,1662.5105,0,,,0,4,300.507721,352.192291,38338,DEFAULT,ADAPTIVE,CAR,
1787973286014,5.18523502,4061,unnamed,,NO_POSE,UNKNOWN,0,0,0,0,0,0,0,0,1,0,0,0,0,,,,,,,,,,,,0.601665974,1662.05176,0,,,0,4,300.508606,352.192291,38338,DEFAULT,ADAPTIVE,CAR,
1787973286014,5.18582916,4062,unnamed,,NO_POSE,UNKNOWN,0,0,0,0,0,0,0,0,1,0,0,0,0,,,,,,,,,,,,0.594166994,1683.02856,0,,,0,4,300.50946,352.192291,38338,DEFAULT,ADAPTIVE,CAR,
1787973286015,5.18652296,4063,unnamed,,NO_POSE,UNKNOWN,0,0,0,0,0,0,0,0,1,0,0,0,0,,,,,,,,,,,,0.694082975,1440.74988,0,,,0,4,300.510345,352.192291,38338,DEFAULT,ADAPTIVE,CAR,
1787973286016,5.18713093,4064,unnamed,,NO_POSE,UNKNOWN,0,0,0,0,0,0,0,0,1,0,0,0,0,,,,,,,,,,,,0.608042002,1644.62329,0,,,0,4,300.5112,352.192291,38338,DEFAULT,ADAPTIVE,CAR,
1787973286016,5.18773222,4065,unnamed,,NO_POSE,UNKNOWN,0,0,0,0,0,0,0,0,1,0,0,0,0,,,,,,,,,,,,0.601292014,1663.08545,0,,,0,4,300.512085,352.192291,38338,DEFAULT,ADAPTIVE,CAR,
1787973286017,5.18838549,4066,unnamed,,NO_POSE,UNKNOWN,0,0,0,0,0,0,0,0,1,0,0,0,0,,,,,,,,,,,,0.652999997,1531.39355,0,,,0,4,300.512939,352.192291,38338,DEFAULT,ADAPTIVE,CAR,
1787973286017,5.18902445,4067,unnamed,,NO_POSE,UNKNOWN,0,0,0,0,0,0,0,0,1,0,0,0,0,,,,,,,,,,,,0.638915956,1565.151,0,,,0,4,300.513824,352.192291,38338,DEFAULT,ADAPTIVE,CAR,
1787973286018,5.1896348,4068,unnamed,,NO_POSE,UNKNOWN,0,0,0,0,0,0,0,0,1,0,0,0,0,,,,,,,,,,,,0.61045903,1638.11157,0,,,0,4,300.514679,352.192291,38338,DEFAULT,ADAPTIVE,CAR,
1787973286019,5.19033289,4069,unnamed,,NO_POSE,UNKNOWN,0,0,0,0,0,0,0,0,1,0,0,0,0,,,,,,,,,,,,0.697916031,1432.83716,0,,,0,4,300.515564,352.192291,38338,DEFAULT,ADAPTIVE,CAR,
1787973286019,5.19093323,4070,unnamed,,NO_POSE,UNKNOWN,0,0,0,0,0,0,0,0,1,0,0,0,0,,,,,,,,,,,,0.600791991,1664.4696,0,,,0,4,300.516418,352.192291,38338,DEFAULT,ADAPTIVE,CAR,
1787973286020,5.19153118,4071,unnamed,,NO_POSE,UNKNOWN,0,0,0,0,0,0,0,0,1,0,0,0,0,,,,,,,,,,,,0.597541988,1673.52258,0,,,0,4,300.517303,352.192291,38338,DEFAULT,ADAPTIVE,CAR,
1787973286021,5.19214821,4072,unnamed,,NO_POSE,UNKNOWN,0,0,0,0,0,0,0,0,1,0,0,0,0,,,,,,,,,,,,0.617208004,1620.19934,0,,,0,4,300.518158,352.192291,38338,DEFAULT,ADAPTIVE,CAR,
1787973286021,5.19273853,4073,unnamed,,NO_POSE,UNKNOWN,0,0,0,0,0,0,0,0,1,0,0,0,0,,,,,,,,,,,,0.590207994,1694.31799,0,,,0,4,300.519043,352.192291,38338,DEFAULT,ADAPTIVE,CAR,
1787973286022,5.19332504,4074,unnamed,,NO_POSE,UNKNOWN,0,0,0,0,0,0,0,0,1,0,0,0,0,,,,,,,,,,,,0.58654201,1704.90771,0,,,0,4,300.519897,352.192291,38338,DEFAULT,ADAPTIVE,CAR,
1787973286022,5.19393396,4075,unnamed,,NO_POSE,UNKNOWN,0,0,0,0,0,0,0,0,1,0,0,0,0,,,,,,,,,,,,0.608875036,1642.37317,0,,,0,4,300.520782,352.192291,38338,DEFAULT,ADAPTIVE,CAR,
1787973286023,5.1946063,4076,unnamed,,NO_POSE,UNKNOWN,0,0,0,0,0,0,0,0,1,0,0,0,0,,,,,,,,,,,,0.672625005,1486.7124,0,,,0,4,300.521637,352.192291,38338,DEFAULT,ADAPTIVE,CAR,
1787973286024,5.19523191,4077,unnamed,,NO_POSE,UNKNOWN,0,0,0,0,0,0,0,0,1,0,0,0,0,,,,,,,,,,,,0.625375032,1599.04053,0,,,0,4,300.522522,352.192291,38338,DEFAULT,ADAPTIVE,CAR,
1787973286024,5.19582939,4078,unnamed,,NO_POSE,UNKNOWN,0,0,0,0,0,0,0,0,1,0,0,0,0,,,,,,,,,,,,0.597624958,1673.29016,0,,,0,4,300.523376,352.192291,38338,DEFAULT,ADAPTIVE,CAR,
1787973286025,5.19647694,4079,unnamed,,NO_POSE,UNKNOWN,0,0,0,0,0,0,0,0,1,0,0,0,0,,,,,,,,,,,,0.647542,1544.30139,0,,,0,4,300.524261,352.192291,38338,DEFAULT,ADAPTIVE,CAR,
1787973286026,5.19714117,4080,unnamed,,NO_POSE,UNKNOWN,0,0,0,0,0,0,0,0,1,0,0,0,0,,,,,,,,,,,,0.663958013,1506.11926,0,,,0,4,300.525116,352.192291,38338,DEFAULT,ADAPTIVE,CAR,
1787973286026,5.19804478,4081,unnamed,,NO_POSE,UNKNOWN,0,0,0,0,0,0,0,0,1,0,0,0,0,,,,,,,,,,,,0.903957963,1106.24609,0,,,0,4,300.526825,352.192291,38338,DEFAULT,ADAPTIVE,CAR,
1787973286027,5.19862843,4082,unnamed,,NO_POSE,UNKNOWN,0,0,0,0,0,0,0,0,1,0,0,0,0,,,,,,,,,,,,0.583292007,1714.40723,0,,,0,4,300.527679,352.192291,38338,DEFAULT,ADAPTIVE,CAR,
1787973286028,5.19922495,4083,unnamed,,NO_POSE,UNKNOWN,0,0,0,0,0,0,0,0,1,0,0,0,0,,,,,,,,,,,,0.596916974,1675.27478,0,,,0,4,300.528564,352.192291,38338,DEFAULT,ADAPTIVE,CAR,
1787973286028,5.19983244,4084,unnamed,,NO_POSE,UNKNOWN,0,0,0,0,0,0,0,0,1,0,0,0,0,,,,,,,,,,,,0.607500017,1646.09045,0,,,0,4,300.529419,352.192291,38338,DEFAULT,ADAPTIVE,CAR,
1787973286029,5.20042896,4085,unnamed,,NO_POSE,UNKNOWN,0,0,0,0,0,0,0,0,1,0,0,0,0,,,,,,,,,,,,0.596540987,1676.33081,0,,,0,4,300.530304,352.192291,38338,DEFAULT,ADAPTIVE,CAR,
1787973286029,5.20103073,4086,unnamed,,NO_POSE,UNKNOWN,0,0,0,0,0,0,0,0,1,0,0,0,0,,,,,,,,,,,,0.601625025,1662.16492,0,,,0,4,300.531158,352.192291,38338,DEFAULT,ADAPTIVE,CAR,
1787973286030,5.20163441,4087,unnamed,,NO_POSE,UNKNOWN,0,0,0,0,0,0,0,0,1,0,0,0,0,,,,,,,,,,,,0.603416979,1657.22876,0,,,0,4,300.532043,352.192291,38338,DEFAULT,ADAPTIVE,CAR,
1787973286031,5.20234871,4088,unnamed,,NO_POSE,UNKNOWN,0,0,0,0,0,0,0,0,1,0,0,0,0,,,,,,,,,,,,0.71429199,1399.98767,0,,,0,4,300.532898,352.192291,38338,DEFAULT,ADAPTIVE,CAR,
1787973286032,5.2030735,4089,unnamed,,NO_POSE,UNKNOWN,0,0,0,0,0,0,0,0,1,0,0,0,0,,,,,,,,,,,,0.724999964,1379.3103,0,,,0,4,300.533783,352.192291,38338,DEFAULT,ADAPTIVE,CAR,
1787973286032,5.20373535,4090,unnamed,,NO_POSE,UNKNOWN,0,0,0,0,0,0,0,0,1,0,0,0,0,,,,,,,,,,,,0.66208297,1510.38464,0,,,0,4,300.534637,352.192291,38338,DEFAULT,ADAPTIVE,CAR,
1787973286033,5.20433426,4091,unnamed,,NO_POSE,UNKNOWN,0,0,0,0,0,0,0,0,1,0,0,0,0,,,,,,,,,,,,0.598583043,1670.61206,0,,,0,4,300.535522,352.192291,38338,DEFAULT,ADAPTIVE,CAR,
1787973286033,5.20504427,4092,unnamed,,NO_POSE,UNKNOWN,0,0,0,0,0,0,0,0,1,0,0,0,0,,,,,,,,,,,,0.710334003,1407.78845,0,,,0,4,300.536377,352.192291,38338,DEFAULT,ADAPTIVE,CAR,
1787973286034,5.20572996,4093,unnamed,,NO_POSE,UNKNOWN,0,0,0,0,0,0,0,0,1,0,0,0,0,,,,,,,,,,,,0.685249984,1459.32141,0,,,0,4,300.537262,352.192291,38338,DEFAULT,ADAPTIVE,CAR,
1787973286035,5.20644426,4094,unnamed,,NO_POSE,UNKNOWN,0,0,0,0,0,0,0,0,1,0,0,0,0,,,,,,,,,,,,0.714375019,1399.82507,0,,,0,4,300.538116,352.192291,38338,DEFAULT,ADAPTIVE,CAR,
1787973286036,5.20713377,4095,unnamed,,NO_POSE,UNKNOWN,0,0,0,0,0,0,0,0,1,0,0,0,0,,,,,,,,,,,,0.689458013,1450.41467,0,,,0,4,300.539001,352.192291,38338,DEFAULT,ADAPTIVE,CAR,
1787973286036,5.20773506,4096,unnamed,,NO_POSE,UNKNOWN,0,0,0,0,0,0,0,0,1,0,0,0,0,,,,,,,,,,,,0.601499975,1662.5105,0,,,0,4,300.539856,352.192291,38338,DEFAULT,ADAPTIVE,CAR,
1787973286037,5.20833206,4097,unnamed,,NO_POSE,UNKNOWN,0,0,0,0,0,0,0,0,1,0,0,0,0,,,,,,,,,,,,0.597207963,1674.4585,0,,,0,4,300.540741,352.192291,38338,DEFAULT,ADAPTIVE,CAR,
1787973286037,5.20892668,4098,unnamed,,NO_POSE,UNKNOWN,0,0,0,0,0,0,0,0,1,0,0,0,0,,,,,,,,,,,,0.594416976,1682.32068,0,,,0,4,300.541595,352.192291,38338,DEFAULT,ADAPTIVE,CAR,
1787973286038,5.20953274,4099,unnamed,,NO_POSE,UNKNOWN,0,0,0,0,0,0,0,0,1,0,0,0,0,,,,,,,,,,,,0.605875015,1650.50549,0,,,0,4,300.54248,352.192291,38338,DEFAULT,ADAPTIVE,CAR,
1787973286039,5.21012926,4100,unnamed,,NO_POSE,UNKNOWN,0,0,0,0,0,0,0,0,1,0,0,0,0,,,,,,,,,,,,0.596874952,1675.3927,0,,,0,4,300.543335,352.192291,38338,DEFAULT,ADAPTIVE,CAR,
1787973286039,5.21082783,4101,unnamed,,NO_POSE,UNKNOWN,0,0,0,0,0,0,0,0,1,0,0,0,0,,,,,,,,,,,,0.698417008,1431.80933,0,,,0,4,300.54422,352.192291,38338,DEFAULT,ADAPTIVE,CAR,
1787973286040,5.21142769,4102,unnamed,,NO_POSE,UNKNOWN,0,0,0,0,0,0,0,0,1,0,0,0,0,,,,,,,,,,,,0.600000024,1666.66663,0,,,0,4,300.545074,352.192291,38338,DEFAULT,ADAPTIVE,CAR,
1787973286040,5.21203089,4103,unnamed,,NO_POSE,UNKNOWN,0,0,0,0,0,0,0,0,1,0,0,0,0,,,,,,,,,,,,0.603165984,1657.91833,0,,,0,4,300.545959,352.192291,38338,DEFAULT,ADAPTIVE,CAR,
1787973286041,5.21265554,4104,unnamed,,NO_POSE,UNKNOWN,0,0,0,0,0,0,0,0,1,0,0,0,0,,,,,,,,,,,,0.624625027,1600.96057,0,,,0,4,300.546814,352.192291,38338,DEFAULT,ADAPTIVE,CAR,
1787973286042,5.21336269,4105,unnamed,,NO_POSE,UNKNOWN,0,0,0,0,0,0,0,0,1,0,0,0,0,,,,,,,,,,,,0.707167029,1414.09314,0,,,0,4,300.547699,352.192291,38338,DEFAULT,ADAPTIVE,CAR,
1787973286042,5.21402931,4106,unnamed,,NO_POSE,UNKNOWN,0,0,0,0,0,0,0,0,1,0,0,0,0,,,,,,,,,,,,0.66633302,1500.7511,0,,,0,4,300.548553,352.192291,38338,DEFAULT,ADAPTIVE,CAR,
1787973286043,5.21463013,4107,unnamed,,NO_POSE,UNKNOWN,0,0,0,0,0,0,0,0,1,0,0,0,0,,,,,,,,,,,,0.601042032,1663.77722,0,,,0,4,300.549438,352.192291,38338,DEFAULT,ADAPTIVE,CAR,
1787973286044,5.21524048,4108,unnamed,,NO_POSE,UNKNOWN,0,0,0,0,0,0,0,0,1,0,0,0,0,,,,,,,,,,,,0.610125005,1639.0083,0,,,0,4,300.550293,352.192291,38338,DEFAULT,ADAPTIVE,CAR,
1787973286044,5.21582174,4109,unnamed,,NO_POSE,UNKNOWN,0,0,0,0,0,0,0,0,1,0,0,0,0,,,,,,,,,,,,0.581624985,1719.32092,0,,,0,4,300.551178,352.192291,38338,DEFAULT,ADAPTIVE,CAR,
1787973286045,5.21642876,4110,unnamed,,NO_POSE,UNKNOWN,0,0,0,0,0,0,0,0,1,0,0,0,0,,,,,,,,,,,,0.606791973,1648.01123,0,,,0,4,300.552032,352.192291,38338,DEFAULT,ADAPTIVE,CAR,
1787973286045,5.21702337,4111,unnamed,,NO_POSE,UNKNOWN,0,0,0,0,0,0,0,0,1,0,0,0,0,,,,,,,,,,,,0.594624996,1681.73218,0,,,0,4,300.552917,352.192291,38338,DEFAULT,ADAPTIVE,CAR,
1787973286046,5.21762848,4112,unnamed,,NO_POSE,UNKNOWN,0,0,0,0,0,0,0,0,1,0,0,0,0,,,,,,,,,,,,0.605291009,1652.0979,0,,,0,4,300.553772,352.192291,38338,DEFAULT,ADAPTIVE,CAR,
1787973286047,5.2182312,4113,unnamed,,NO_POSE,UNKNOWN,0,0,0,0,0,0,0,0,1,0,0,0,0,,,,,,,,,,,,0.602499962,1659.7511,0,,,0,4,300.554688,352.192291,38338,DEFAULT,ADAPTIVE,CAR,
1787973286047,5.21892166,4114,unnamed,,NO_POSE,UNKNOWN,0,0,0,0,0,0,0,0,1,0,0,0,0,,,,,,,,,,,,0.690584004,1448.04968,0,,,0,4,300.555542,352.192291,38338,DEFAULT,ADAPTIVE,CAR,
1787973286048,5.21953201,4115,unnamed,,NO_POSE,UNKNOWN,0,0,0,0,0,0,0,0,1,0,0,0,0,,,,,,,,,,,,0.610375047,1638.33704,0,,,0,4,300.556427,352.192291,38338,DEFAULT,ADAPTIVE,CAR,
1787973286049,5.22012949,4116,unnamed,,NO_POSE,UNKNOWN,0,0,0,0,0,0,0,0,1,0,0,0,0,,,,,,,,,,,,0.597500026,1673.64014,0,,,0,4,300.557281,352.192291,38338,DEFAULT,ADAPTIVE,CAR,
1787973286049,5.22072792,4117,unnamed,,NO_POSE,UNKNOWN,0,0,0,0,0,0,0,0,1,0,0,0,0,,,,,,,,,,,,0.598166049,1671.77661,0,,,0,4,300.558167,352.192291,38338,DEFAULT,ADAPTIVE,CAR,
1787973286050,5.22136784,4118,unnamed,,NO_POSE,UNKNOWN,0,0,0,0,0,0,0,0,1,0,0,0,0,,,,,,,,,,,,0.639874995,1562.80518,0,,,0,4,300.559021,352.192291,38338,DEFAULT,ADAPTIVE,CAR,
1787973286050,5.22203112,4119,unnamed,,NO_POSE,UNKNOWN,0,0,0,0,0,0,0,0,1,0,0,0,0,,,,,,,,,,,,0.663459003,1507.25208,0,,,0,4,300.559906,352.192291,38338,DEFAULT,ADAPTIVE,CAR,
1787973286051,5.22276402,4120,unnamed,,NO_POSE,UNKNOWN,0,0,0,0,0,0,0,0,1,0,0,0,0,,,,,,,,,,,,0.73299998,1364.25647,0,,,0,4,300.56076,352.192291,38338,DEFAULT,ADAPTIVE,CAR,
1787973286052,5.22344351,4121,unnamed,,NO_POSE,UNKNOWN,0,0,0,0,0,0,0,0,1,0,0,0,0,,,,,,,,,,,,0.679499984,1471.67041,0,,,0,4,300.561646,352.192291,38338,DEFAULT,ADAPTIVE,CAR,
1787973286053,5.22413206,4122,unnamed,,NO_POSE,UNKNOWN,0,0,0,0,0,0,0,0,1,0,0,0,0,,,,,,,,,,,,0.688624978,1452.16919,0,,,0,4,300.5625,352.192291,38338,DEFAULT,ADAPTIVE,CAR,
1787973286053,5.22472429,4123,unnamed,,NO_POSE,UNKNOWN,0,0,0,0,0,0,0,0,1,0,0,0,0,,,,,,,,,,,,0.592250049,1688.47607,0,,,0,4,300.563385,352.192291,38338,DEFAULT,ADAPTIVE,CAR,
1787973286054,5.22532845,4124,unnamed,,NO_POSE,UNKNOWN,0,0,0,0,0,0,0,0,1,0,0,0,0,,,,,,,,,,,,0.60404098,1655.51685,0,,,0,4,300.56424,352.192291,38338,DEFAULT,ADAPTIVE,CAR,
1787973286054,5.22593832,4125,unnamed,,NO_POSE,UNKNOWN,0,0,0,0,0,0,0,0,1,0,0,0,0,,,,,,,,,,,,0.609583974,1640.46301,0,,,0,4,300.565125,352.192291,38338,DEFAULT,ADAPTIVE,CAR,
1787973286055,5.22669649,4126,unnamed,,NO_POSE,UNKNOWN,0,0,0,0,0,0,0,0,1,0,0,0,0,,,,,,,,,,,,0.758457959,1318.4646,0,,,0,4,300.565979,352.192291,38338,DEFAULT,ADAPTIVE,CAR,
1787973286056,5.22763443,4127,unnamed,,NO_POSE,UNKNOWN,0,0,0,0,0,0,0,0,1,0,0,0,0,,,,,,,,,,,,0.937916994,1066.1925,0,,,0,4,300.567902,352.192291,38338,DEFAULT,ADAPTIVE,CAR,
1787973286057,5.22833681,4128,unnamed,,NO_POSE,UNKNOWN,0,0,0,0,0,0,0,0,1,0,0,0,0,,,,,,,,,,,,0.702208042,1424.07947,0,,,0,4,300.57019,352.192291,38338,DEFAULT,ADAPTIVE,CAR,
1787973286057,5.22893667,4129,unnamed,,NO_POSE,UNKNOWN,0,0,0,0,0,0,0,0,1,0,0,0,0,,,,,,,,,,,,0.599832952,1667.13074,0,,,0,4,300.571075,352.192291,38338,DEFAULT,ADAPTIVE,CAR,
1787973286058,5.22964191,4130,unnamed,,NO_POSE,UNKNOWN,0,0,0,0,0,0,0,0,1,0,0,0,0,,,,,,,,,,,,0.705417037,1417.6012,0,,,0,4,300.57193,352.192291,38338,DEFAULT,ADAPTIVE,CAR,
1787973286059,5.23033285,4131,unnamed,,NO_POSE,UNKNOWN,0,0,0,0,0,0,0,0,1,0,0,0,0,,,,,,,,,,,,0.691124976,1446.91626,0,,,0,4,300.572815,352.192291,38338,DEFAULT,ADAPTIVE,CAR,
1787973286059,5.23093462,4132,unnamed,,NO_POSE,UNKNOWN,0,0,0,0,0,0,0,0,1,0,0,0,0,,,,,,,,,,,,0.601625025,1662.16492,0,,,0,4,300.573669,352.192291,38338,DEFAULT,ADAPTIVE,CAR,
1787973286060,5.23153687,4133,unnamed,,NO_POSE,UNKNOWN,0,0,0,0,0,0,0,0,1,0,0,0,0,,,,,,,,,,,,0.602042019,1661.01367,0,,,0,4,300.574554,352.192291,38338,DEFAULT,ADAPTIVE,CAR,
1787973286061,5.23213339,4134,unnamed,,NO_POSE,UNKNOWN,0,0,0,0,0,0,0,0,1,0,0,0,0,,,,,,,,,,,,0.596832991,1675.5105,0,,,0,4,300.575409,352.192291,38338,DEFAULT,ADAPTIVE,CAR,
1787973286061,5.23273897,4135,unnamed,,NO_POSE,UNKNOWN,0,0,0,0,0,0,0,0,1,0,0,0,0,,,,,,,,,,,,0.605291963,1652.09521,0,,,0,4,300.576294,352.192291,38338,DEFAULT,ADAPTIVE,CAR,
1787973286062,5.23334932,4136,unnamed,,NO_POSE,UNKNOWN,0,0,0,0,0,0,0,0,1,0,0,0,0,,,,,,,,,,,,0.610375047,1638.33704,0,,,0,4,300.577148,352.192291,38338,DEFAULT,ADAPTIVE,CAR,
1787973286062,5.23393583,4137,unnamed,,NO_POSE,UNKNOWN,0,0,0,0,0,0,0,0,1,0,0,0,0,,,,,,,,,,,,0.586458027,1705.15186,0,,,0,4,300.578033,352.192291,38338,DEFAULT,ADAPTIVE,CAR,
1787973286063,5.23464441,4138,unnamed,,NO_POSE,UNKNOWN,0,0,0,0,0,0,0,0,1,0,0,0,0,,,,,,,,,,,,0.70866698,1411.09998,0,,,0,4,300.578888,352.192291,38338,DEFAULT,ADAPTIVE,CAR,
1787973286064,5.23537493,4139,unnamed,,NO_POSE,UNKNOWN,0,0,0,0,0,0,0,0,1,0,0,0,0,,,,,,,,,,,,0.730582952,1368.7699,0,,,0,4,300.579773,352.192291,38338,DEFAULT,ADAPTIVE,CAR,
1787973286064,5.23593044,4140,unnamed,,NO_POSE,UNKNOWN,0,0,0,0,0,0,0,0,1,0,0,0,0,,,,,,,,,,,,0.555666983,1799.63904,0,,,0,4,300.580627,352.192291,38338,DEFAULT,ADAPTIVE,CAR,
1787973286065,5.23652411,4141,unnamed,,NO_POSE,UNKNOWN,0,0,0,0,0,0,0,0,1,0,0,0,0,,,,,,,,,,,,0.593375027,1685.2749,0,,,0,4,300.581512,352.192291,38338,DEFAULT,ADAPTIVE,CAR,
1787973286066,5.23712921,4142,unnamed,,NO_POSE,UNKNOWN,0,0,0,0,0,0,0,0,1,0,0,0,0,,,,,,,,,,,,0.60520798,1652.32458,0,,,0,4,300.582367,352.192291,38338,DEFAULT,ADAPTIVE,CAR,
1787973286066,5.23774338,4143,unnamed,,NO_POSE,UNKNOWN,0,0,0,0,0,0,0,0,1,0,0,0,0,,,,,,,,,,,,0.614083052,1628.44434,0,,,0,4,300.583252,352.192291,38338,DEFAULT,ADAPTIVE,CAR,
1787973286067,5.23843479,4144,unnamed,,NO_POSE,UNKNOWN,0,0,0,0,0,0,0,0,1,0,0,0,0,,,,,,,,,,,,0.69166702,1445.78235,0,,,0,4,300.584106,352.192291,38338,DEFAULT,ADAPTIVE,CAR,
1787973286068,5.23915052,4145,unnamed,,NO_POSE,UNKNOWN,0,0,0,0,0,0,0,0,1,0,0,0,0,,,,,,,,,,,,0.715542018,1397.54199,0,,,0,4,300.584991,352.192291,38338,DEFAULT,ADAPTIVE,CAR,
1787973286068,5.23984146,4146,unnamed,,NO_POSE,UNKNOWN,0,0,0,0,0,0,0,0,1,0,0,0,0,,,,,,,,,,,,0.691083014,1447.00415,0,,,0,4,300.585846,352.192291,38338,DEFAULT,ADAPTIVE,CAR,
1787973286069,5.24053288,4147,unnamed,,NO_POSE,UNKNOWN,0,0,0,0,0,0,0,0,1,0,0,0,0,,,,,,,,,,,,0.691208005,1446.74255,0,,,0,4,300.586731,352.192291,38338,DEFAULT,ADAPTIVE,CAR,
1787973286070,5.24113464,4148,unnamed,,NO_POSE,UNKNOWN,0,0,0,0,0,0,0,0,1,0,0,0,0,,,,,,,,,,,,0.60195899,1661.24268,0,,,0,4,300.587585,352.192291,38338,DEFAULT,ADAPTIVE,CAR,
1787973286070,5.24173737,4149,unnamed,,NO_POSE,UNKNOWN,0,0,0,0,0,0,0,0,1,0,0,0,0,,,,,,,,,,,,0.602750003,1659.06262,0,,,0,4,300.58847,352.192291,38338,DEFAULT,ADAPTIVE,CAR,
1787973286071,5.24233484,4150,unnamed,,NO_POSE,UNKNOWN,0,0,0,0,0,0,0,0,1,0,0,0,0,,,,,,,,,,,,0.597458005,1673.75781,0,,,0,4,300.589325,352.192291,38338,DEFAULT,ADAPTIVE,CAR,
1787973286071,5.2429347,4151,unnamed,,NO_POSE,UNKNOWN,0,0,0,0,0,0,0,0,1,0,0,0,0,,,,,,,,,,,,0.599624991,1667.70898,0,,,0,4,300.59021,352.192291,38338,DEFAULT,ADAPTIVE,CAR,
1787973286072,5.24354553,4152,unnamed,,NO_POSE,UNKNOWN,0,0,0,0,0,0,0,0,1,0,0,0,0,,,,,,,,,,,,0.610832989,1637.10864,0,,,0,4,300.591064,352.192291,38338,DEFAULT,ADAPTIVE,CAR,
1787973286073,5.24413109,4153,unnamed,,NO_POSE,UNKNOWN,0,0,0,0,0,0,0,0,1,0,0,0,0,,,,,,,,,,,,0.585584044,1707.6969,0,,,0,4,300.591949,352.192291,38338,DEFAULT,ADAPTIVE,CAR,
1787973286073,5.24473715,4154,unnamed,,NO_POSE,UNKNOWN,0,0,0,0,0,0,0,0,1,0,0,0,0,,,,,,,,,,,,0.606374979,1649.14453,0,,,0,4,300.592804,352.192291,38338,DEFAULT,ADAPTIVE,CAR,
1787973286074,5.24532938,4155,unnamed,,NO_POSE,UNKNOWN,0,0,0,0,0,0,0,0,1,0,0,0,0,,,,,,,,,,,,0.591957986,1689.30908,0,,,0,4,300.593689,352.192291,38338,DEFAULT,ADAPTIVE,CAR,
1787973286074,5.24593687,4156,unnamed,,NO_POSE,UNKNOWN,0,0,0,0,0,0,0,0,1,0,0,0,0,,,,,,,,,,,,0.607707977,1645.5271,0,,,0,4,300.594543,352.192291,38338,DEFAULT,ADAPTIVE,CAR,
1787973286075,5.24658489,4157,unnamed,,NO_POSE,UNKNOWN,0,0,0,0,0,0,0,0,1,0,0,0,0,,,,,,,,,,,,0.647666991,1544.00342,0,,,0,4,300.595428,352.192291,38338,DEFAULT,ADAPTIVE,CAR,
1787973286076,5.2472353,4158,unnamed,,NO_POSE,UNKNOWN,0,0,0,0,0,0,0,0,1,0,0,0,0,,,,,,,,,,,,0.65062499,1536.98376,0,,,0,4,300.596283,352.192291,38338,DEFAULT,ADAPTIVE,CAR,
1787973286076,5.24786186,4159,unnamed,,NO_POSE,UNKNOWN,0,0,0,0,0,0,0,0,1,0,0,0,0,,,,,,,,,,,,0.62637502,1596.48767,0,,,0,4,300.597168,352.192291,38338,DEFAULT,ADAPTIVE,CAR,
1787973286077,5.24843073,4160,unnamed,,NO_POSE,UNKNOWN,0,0,0,0,0,0,0,0,1,0,0,0,0,,,,,,,,,,,,0.568957984,1757.599,0,,,0,4,300.598022,352.192291,38338,DEFAULT,ADAPTIVE,CAR,
1787973286077,5.24903488,4161,unnamed,,NO_POSE,UNKNOWN,0,0,0,0,0,0,0,0,1,0,0,0,0,,,,,,,,,,,,0.604084015,1655.39893,0,,,0,4,300.598907,352.192291,38338,DEFAULT,ADAPTIVE,CAR,
1787973286078,5.24963474,4162,unnamed,,NO_POSE,UNKNOWN,0,0,0,0,0,0,0,0,1,0,0,0,0,,,,,,,,,,,,0.599874973,1667.01392,0,,,0,4,300.599762,352.192291,38338,DEFAULT,ADAPTIVE,CAR,
1787973286079,5.25024748,4163,unnamed,,NO_POSE,UNKNOWN,0,0,0,0,0,0,0,0,1,0,0,0,0,,,,,,,,,,,,0.612791002,1631.87781,0,,,0,4,300.600647,352.192291,38338,DEFAULT,ADAPTIVE,CAR,
1787973286079,5.25089169,4164,unnamed,,NO_POSE,UNKNOWN,0,0,0,0,0,0,0,0,1,0,0,0,0,,,,,,,,,,,,0.644208968,1552.29126,0,,,0,4,300.601501,352.192291,38338,DEFAULT,ADAPTIVE,CAR,
1787973286080,5.25142813,4165,unnamed,,NO_POSE,UNKNOWN,0,0,0,0,0,0,0,0,1,0,0,0,0,,,,,,,,,,,,0.536374986,1864.36731,0,,,0,4,300.602386,352.192291,38338,DEFAULT,ADAPTIVE,CAR,
1787973286080,5.25204277,4166,unnamed,,NO_POSE,UNKNOWN,0,0,0,0,0,0,0,0,1,0,0,0,0,,,,,,,,,,,,0.614708006,1626.7887,0,,,0,4,300.603241,352.192291,38338,DEFAULT,ADAPTIVE,CAR,
1787973286081,5.25263309,4167,unnamed,,NO_POSE,UNKNOWN,0,0,0,0,0,0,0,0,1,0,0,0,0,,,,,,,,,,,,0.590166986,1694.43567,0,,,0,4,300.604126,352.192291,38338,DEFAULT,ADAPTIVE,CAR,
1787973286082,5.25323963,4168,unnamed,,NO_POSE,UNKNOWN,0,0,0,0,0,0,0,0,1,0,0,0,0,,,,,,,,,,,,0.606625021,1648.46484,0,,,0,4,300.60498,352.192291,38338,DEFAULT,ADAPTIVE,CAR,
1787973286082,5.25384521,4169,unnamed,,NO_POSE,UNKNOWN,0,0,0,0,0,0,0,0,1,0,0,0,0,,,,,,,,,,,,0.605708003,1650.96057,0,,,0,4,300.605865,352.192291,38338,DEFAULT,ADAPTIVE,CAR,
1787973286083,5.25443983,4170,unnamed,,NO_POSE,UNKNOWN,0,0,0,0,0,0,0,0,1,0,0,0,0,,,,,,,,,,,,0.594416976,1682.32068,0,,,0,4,300.60672,352.192291,38338,DEFAULT,ADAPTIVE,CAR,
1787973286084,5.25517988,4171,unnamed,,NO_POSE,UNKNOWN,0,0,0,0,0,0,0,0,1,0,0,0,0,,,,,,,,,,,,0.740375042,1350.66687,0,,,0,4,300.607635,352.192291,38338,DEFAULT,ADAPTIVE,CAR,
1787973286084,5.25583601,4172,unnamed,,NO_POSE,UNKNOWN,0,0,0,0,0,0,0,0,1,0,0,0,0,,,,,,,,,,,,0.656041026,1524.29492,0,,,0,4,300.608551,352.192291,38338,DEFAULT,ADAPTIVE,CAR,
1787973286085,5.25643349,4173,unnamed,,NO_POSE,UNKNOWN,0,0,0,0,0,0,0,0,1,0,0,0,0,,,,,,,,,,,,0.597416997,1673.87268,0,,,0,4,300.609406,352.192291,38338,DEFAULT,ADAPTIVE,CAR,
1787973286086,5.2571454,4174,unnamed,,NO_POSE,UNKNOWN,0,0,0,0,0,0,0,0,1,0,0,0,0,,,,,,,,,,,,0.712083042,1404.33069,0,,,0,4,300.610291,352.192291,38338,DEFAULT,ADAPTIVE,CAR,
1787973286086,5.25772667,4175,unnamed,,NO_POSE,UNKNOWN,0,0,0,0,0,0,0,0,1,0,0,0,0,,,,,,,,,,,,0.581166983,1720.67578,0,,,0,4,300.611145,352.192291,38338,DEFAULT,ADAPTIVE,CAR,
1787973286087,5.2583499,4176,unnamed,,NO_POSE,UNKNOWN,0,0,0,0,0,0,0,0,1,0,0,0,0,,,,,,,,,,,,0.623291969,1604.38452,0,,,0,4,300.61203,352.192291,38338,DEFAULT,ADAPTIVE,CAR,
1787973286087,5.25893021,4177,unnamed,,NO_POSE,UNKNOWN,0,0,0,0,0,0,0,0,1,0,0,0,0,,,,,,,,,,,,0.580208004,1723.51978,0,,,0,4,300.612885,352.192291,38338,DEFAULT,ADAPTIVE,CAR,
1787973286088,5.25953293,4178,unnamed,,NO_POSE,UNKNOWN,0,0,0,0,0,0,0,0,1,0,0,0,0,,,,,,,,,,,,0.602625012,1659.40674,0,,,0,4,300.61377,352.192291,38338,DEFAULT,ADAPTIVE,CAR,
1787973286089,5.26013613,4179,unnamed,,NO_POSE,UNKNOWN,0,0,0,0,0,0,0,0,1,0,0,0,0,,,,,,,,,,,,0.603332996,1657.45947,0,,,0,4,300.614624,352.192291,38338,DEFAULT,ADAPTIVE,CAR,
1787973286089,5.2607379,4180,unnamed,,NO_POSE,UNKNOWN,0,0,0,0,0,0,0,0,1,0,0,0,0,,,,,,,,,,,,0.601709008,1661.93286,0,,,0,4,300.615509,352.192291,38338,DEFAULT,ADAPTIVE,CAR,
1787973286090,5.26133204,4181,unnamed,,NO_POSE,UNKNOWN,0,0,0,0,0,0,0,0,1,0,0,0,0,,,,,,,,,,,,0.594249964,1682.79346,0,,,0,4,300.616364,352.192291,38338,DEFAULT,ADAPTIVE,CAR,
1787973286090,5.26193571,4182,unnamed,,NO_POSE,UNKNOWN,0,0,0,0,0,0,0,0,1,0,0,0,0,,,,,,,,,,,,0.603457987,1657.11621,0,,,0,4,300.617249,352.192291,38338,DEFAULT,ADAPTIVE,CAR,
1787973286091,5.26253891,4183,unnamed,,NO_POSE,UNKNOWN,0,0,0,0,0,0,0,0,1,0,0,0,0,,,,,,,,,,,,0.603125036,1658.03101,0,,,0,4,300.618103,352.192291,38338,DEFAULT,ADAPTIVE,CAR,
1787973286092,5.26316977,4184,unnamed,,NO_POSE,UNKNOWN,0,0,0,0,0,0,0,0,1,0,0,0,0,,,,,,,,,,,,0.63083297,1585.20569,0,,,0,4,300.618988,352.192291,38338,DEFAULT,ADAPTIVE,CAR,
1787973286092,5.26382685,4185,unnamed,,NO_POSE,UNKNOWN,0,0,0,0,0,0,0,0,1,0,0,0,0,,,,,,,,,,,,0.657416999,1521.10461,0,,,0,4,300.619843,352.192291,38338,DEFAULT,ADAPTIVE,CAR,
1787973286093,5.26444817,4186,unnamed,,NO_POSE,UNKNOWN,0,0,0,0,0,0,0,0,1,0,0,0,0,,,,,,,,,,,,0.621333003,1609.44287,0,,,0,4,300.620728,352.192291,38338,DEFAULT,ADAPTIVE,CAR,
1787973286093,5.26503563,4187,unnamed,,NO_POSE,UNKNOWN,0,0,0,0,0,0,0,0,1,0,0,0,0,,,,,,,,,,,,0.587292016,1702.73047,0,,,0,4,300.621582,352.192291,38338,DEFAULT,ADAPTIVE,CAR,
1787973286094,5.26564741,4188,unnamed,,NO_POSE,UNKNOWN,0,0,0,0,0,0,0,0,1,0,0,0,0,,,,,,,,,,,,0.611874998,1634.3208,0,,,0,4,300.622467,352.192291,38338,DEFAULT,ADAPTIVE,CAR,
1787973286095,5.2662344,4189,unnamed,,NO_POSE,UNKNOWN,0,0,0,0,0,0,0,0,1,0,0,0,0,,,,,,,,,,,,0.586791992,1704.1814,0,,,0,4,300.623322,352.192291,38338,DEFAULT,ADAPTIVE,CAR,
1787973286095,5.26683474,4190,unnamed,,NO_POSE,UNKNOWN,0,0,0,0,0,0,0,0,1,0,0,0,0,,,,,,,,,,,,0.600249946,1665.97253,0,,,0,4,300.624207,352.192291,38338,DEFAULT,ADAPTIVE,CAR,
1787973286096,5.26743507,4191,unnamed,,NO_POSE,UNKNOWN,0,0,0,0,0,0,0,0,1,0,0,0,0,,,,,,,,,,,,0.600499988,1665.27905,0,,,0,4,300.625061,352.192291,38338,DEFAULT,ADAPTIVE,CAR,
1787973286096,5.26803446,4192,unnamed,,NO_POSE,UNKNOWN,0,0,0,0,0,0,0,0,1,0,0,0,0,,,,,,,,,,,,0.599665999,1667.59497,0,,,0,4,300.625946,352.192291,38338,DEFAULT,ADAPTIVE,CAR,
1787973286097,5.2686367,4193,unnamed,,NO_POSE,UNKNOWN,0,0,0,0,0,0,0,0,1,0,0,0,0,,,,,,,,,,,,0.60195899,1661.24268,0,,,0,4,300.626801,352.192291,38338,DEFAULT,ADAPTIVE,CAR,
1787973286098,5.26923466,4194,unnamed,,NO_POSE,UNKNOWN,0,0,0,0,0,0,0,0,1,0,0,0,0,,,,,,,,,,,,0.59799999,1672.24072,0,,,0,4,300.627686,352.192291,38338,DEFAULT,ADAPTIVE,CAR,
1787973286098,5.26984072,4195,unnamed,,NO_POSE,UNKNOWN,0,0,0,0,0,0,0,0,1,0,0,0,0,,,,,,,,,,,,0.606207967,1649.59888,0,,,0,4,300.62854,352.192291,38338,DEFAULT,ADAPTIVE,CAR,
1787973286099,5.27043104,4196,unnamed,,NO_POSE,UNKNOWN,0,0,0,0,0,0,0,0,1,0,0,0,0,,,,,,,,,,,,0.590124965,1694.55627,0,,,0,4,300.629425,352.192291,38338,DEFAULT,ADAPTIVE,CAR,
1787973286099,5.2710371,4197,unnamed,,NO_POSE,UNKNOWN,0,0,0,0,0,0,0,0,1,0,0,0,0,,,,,,,,,,,,0.606207967,1649.59888,0,,,0,4,300.63028,352.192291,38338,DEFAULT,ADAPTIVE,CAR,
1787973286100,5.27171803,4198,unnamed,,NO_POSE,UNKNOWN,0,0,0,0,0,0,0,0,1,0,0,0,0,,,,,,,,,,,,0.680917025,1468.60779,0,,,0,4,300.631165,352.192291,38338,DEFAULT,ADAPTIVE,CAR,
1787973286101,5.27232885,4199,unnamed,,NO_POSE,UNKNOWN,0,0,0,0,0,0,0,0,1,0,0,0,0,,,,,,,,,,,,0.61087501,1636.99609,0,,,0,4,300.632019,352.192291,38338,DEFAULT,ADAPTIVE,CAR,
1787973286101,5.27294016,4200,unnamed,,NO_POSE,UNKNOWN,0,0,0,0,0,0,0,0,1,0,0,0,0,,,,,,,,,,,,0.611333013,1635.76965,0,,,0,4,300.632904,352.192291,38338,DEFAULT,ADAPTIVE,CAR,
1787973286102,5.27383184,4201,unnamed,,NO_POSE,UNKNOWN,0,0,0,0,0,0,0,0,1,0,0,0,0,,,,,,,,,,,,0.891624987,1121.54773,0,,,0,4,300.634583,352.192291,38338,DEFAULT,ADAPTIVE,CAR,
1787973286103,5.27444983,4202,unnamed,,NO_POSE,UNKNOWN,0,0,0,0,0,0,0,0,1,0,0,0,0,,,,,,,,,,,,0.618041992,1618.01294,0,,,0,4,300.635468,352.192291,38338,DEFAULT,ADAPTIVE,CAR,
1787973286103,5.27502632,4203,unnamed,,NO_POSE,UNKNOWN,0,0,0,0,0,0,0,0,1,0,0,0,0,,,,,,,,,,,,0.576207995,1735.48438,0,,,0,4,300.413818,352.192291,38338,DEFAULT,ADAPTIVE,CAR,
1787973286104,5.27563381,4204,unnamed,,NO_POSE,UNKNOWN,0,0,0,0,0,0,0,0,1,0,0,0,0,,,,,,,,,,,,0.60787499,1645.07507,0,,,0,4,300.412018,352.192291,38338,DEFAULT,ADAPTIVE,CAR,
1787973286105,5.27623701,4205,unnamed,,NO_POSE,UNKNOWN,0,0,0,0,0,0,0,0,1,0,0,0,0,,,,,,,,,,,,0.602792025,1658.94702,0,,,0,4,300.412872,352.192291,38338,DEFAULT,ADAPTIVE,CAR,
1787973286105,5.27683258,4206,unnamed,,NO_POSE,UNKNOWN,0,0,0,0,0,0,0,0,1,0,0,0,0,,,,,,,,,,,,0.595708013,1678.67468,0,,,0,4,300.413757,352.192291,38338,DEFAULT,ADAPTIVE,CAR,
1787973286106,5.27743483,4207,unnamed,,NO_POSE,UNKNOWN,0,0,0,0,0,0,0,0,1,0,0,0,0,,,,,,,,,,,,0.602124989,1660.78467,0,,,0,4,300.414612,352.192291,38338,DEFAULT,ADAPTIVE,CAR,
1787973286106,5.27803135,4208,unnamed,,NO_POSE,UNKNOWN,0,0,0,0,0,0,0,0,1,0,0,0,0,,,,,,,,,,,,0.59662497,1676.09473,0,,,0,4,300.415497,352.192291,38338,DEFAULT,ADAPTIVE,CAR,
1787973286107,5.27863741,4209,unnamed,,NO_POSE,UNKNOWN,0,0,0,0,0,0,0,0,1,0,0,0,0,,,,,,,,,,,,0.606250048,1649.4845,0,,,0,4,300.416351,352.192291,38338,DEFAULT,ADAPTIVE,CAR,
1787973286108,5.27923346,4210,unnamed,,NO_POSE,UNKNOWN,0,0,0,0,0,0,0,0,1,0,0,0,0,,,,,,,,,,,,0.595791996,1678.43811,0,,,0,4,300.417236,352.192291,38338,DEFAULT,ADAPTIVE,CAR,
1787973286108,5.27987194,4211,unnamed,,NO_POSE,UNKNOWN,0,0,0,0,0,0,0,0,1,0,0,0,0,,,,,,,,,,,,0.638749957,1565.55774,0,,,0,4,300.418091,352.192291,38338,DEFAULT,ADAPTIVE,CAR,
1787973286109,5.28053713,4212,unnamed,,NO_POSE,UNKNOWN,0,0,0,0,0,0,0,0,1,0,0,0,0,,,,,,,,,,,,0.665207982,1503.28931,0,,,0,4,300.418976,352.192291,38338,DEFAULT,ADAPTIVE,CAR,
1787973286110,5.28124142,4213,unnamed,,NO_POSE,UNKNOWN,0,0,0,0,0,0,0,0,1,0,0,0,0,,,,,,,,,,,,0.704291999,1419.86572,0,,,0,4,300.41983,352.192291,38338,DEFAULT,ADAPTIVE,CAR,
1787973286110,5.2818985,4214,unnamed,,NO_POSE,UNKNOWN,0,0,0,0,0,0,0,0,1,0,0,0,0,,,,,,,,,,,,0.656708002,1522.7467,0,,,0,4,300.420715,352.192291,38338,DEFAULT,ADAPTIVE,CAR,
1787973286111,5.28242588,4215,unnamed,,NO_POSE,UNKNOWN,0,0,0,0,0,0,0,0,1,0,0,0,0,,,,,,,,,,,,0.527792037,1894.68567,0,,,0,4,300.42157,352.192291,38338,DEFAULT,ADAPTIVE,CAR,
1787973286111,5.28303766,4216,unnamed,,NO_POSE,UNKNOWN,0,0,0,0,0,0,0,0,1,0,0,0,0,,,,,,,,,,,,0.611375034,1635.65723,0,,,0,4,300.422455,352.192291,38338,DEFAULT,ADAPTIVE,CAR,
1787973286112,5.28363514,4217,unnamed,,NO_POSE,UNKNOWN,0,0,0,0,0,0,0,0,1,0,0,0,0,,,,,,,,,,,,0.597750008,1672.94019,0,,,0,4,300.423309,352.192291,38338,DEFAULT,ADAPTIVE,CAR,
1787973286113,5.28424263,4218,unnamed,,NO_POSE,UNKNOWN,0,0,0,0,0,0,0,0,1,0,0,0,0,,,,,,,,,,,,0.607417047,1646.31543,0,,,0,4,300.424194,352.192291,38338,DEFAULT,ADAPTIVE,CAR,
1787973286113,5.28485298,4219,unnamed,,NO_POSE,UNKNOWN,0,0,0,0,0,0,0,0,1,0,0,0,0,,,,,,,,,,,,0.610332966,1638.44983,0,,,0,4,300.425049,352.192291,38338,DEFAULT,ADAPTIVE,CAR,
1787973286116,5.28776121,4220,unnamed,,NO_POSE,UNKNOWN,0,0,0,0,0,0,0,0,1,0,0,0,0,,,,,,,,,,,,2.90816689,343.859222,0,,,0,4,300.425934,352.192291,38338,DEFAULT,ADAPTIVE,CAR,
1787973286118,5.28917503,4221,unnamed,,NO_POSE,UNKNOWN,0,0,0,0,0,0,0,0,1,0,0,0,0,,,,,,,,,,,,1.41395807,707.234558,0,,,0,4,300.427979,352.192291,38338,DEFAULT,ADAPTIVE,CAR,
1787973286119,5.29017448,4222,unnamed,,NO_POSE,UNKNOWN,0,0,0,0,0,0,0,0,1,0,0,0,0,,,,,,,,,,,,0.999583066,1000.41711,0,,,0,4,300.428833,352.192291,38338,DEFAULT,ADAPTIVE,CAR,
1787973286119,5.2909441,4223,unnamed,,NO_POSE,UNKNOWN,0,0,0,0,0,0,0,0,1,0,0,0,0,,,,,,,,,,,,0.769459009,1299.61438,0,,,0,4,300.429718,352.192291,38338,DEFAULT,ADAPTIVE,CAR,
1787973286120,5.29163933,4224,unnamed,,NO_POSE,UNKNOWN,0,0,0,0,0,0,0,0,1,0,0,0,0,,,,,,,,,,,,0.695375025,1438.07288,0,,,0,4,300.430573,352.192291,38338,DEFAULT,ADAPTIVE,CAR,
1787973286121,5.29223204,4225,unnamed,,NO_POSE,UNKNOWN,0,0,0,0,0,0,0,0,1,0,0,0,0,,,,,,,,,,,,0.592583001,1687.52734,0,,,0,4,300.431458,352.192291,38338,DEFAULT,ADAPTIVE,CAR,
1787973286121,5.29282331,4226,unnamed,,NO_POSE,UNKNOWN,0,0,0,0,0,0,0,0,1,0,0,0,0,,,,,,,,,,,,0.591291964,1691.21179,0,,,0,4,300.432312,352.192291,38338,DEFAULT,ADAPTIVE,CAR,
1787973286122,5.29343462,4227,unnamed,,NO_POSE,UNKNOWN,0,0,0,0,0,0,0,0,1,0,0,0,0,,,,,,,,,,,,0.611125052,1636.32642,0,,,0,4,300.433197,352.192291,38338,DEFAULT,ADAPTIVE,CAR,
1787973286122,5.29402924,4228,unnamed,,NO_POSE,UNKNOWN,0,0,0,0,0,0,0,0,1,0,0,0,0,,,,,,,,,,,,0.594624996,1681.73218,0,,,0,4,300.434052,352.192291,38338,DEFAULT,ADAPTIVE,CAR,
1787973286123,5.294631,4229,unnamed,,NO_POSE,UNKNOWN,0,0,0,0,0,0,0,0,1,0,0,0,0,,,,,,,,,,,,0.601749957,1661.8197,0,,,0,4,300.434937,352.192291,38338,DEFAULT,ADAPTIVE,CAR,
1787973286124,5.29524565,4230,unnamed,,NO_POSE,UNKNOWN,0,0,0,0,0,0,0,0,1,0,0,0,0,,,,,,,,,,,,0.614540994,1627.23071,0,,,0,4,300.435791,352.192291,38338,DEFAULT,ADAPTIVE,CAR,
1787973286127,5.29813671,4231,unnamed,,NO_POSE,UNKNOWN,0,0,0,0,0,0,0,0,1,0,0,0,0,,,,,,,,,,,,2.89137506,345.856201,0,,,0,4,300.436676,352.192291,38338,DEFAULT,ADAPTIVE,CAR,
1787973286127,5.29873419,4232,unnamed,,NO_POSE,UNKNOWN,0,0,0,0,0,0,0,0,1,0,0,0,0,,,,,,,,,,,,0.597541988,1673.52258,0,,,0,4,300.437531,352.192291,38338,DEFAULT,ADAPTIVE,CAR,
1787973286128,5.29932976,4233,unnamed,,NO_POSE,UNKNOWN,0,0,0,0,0,0,0,0,1,0,0,0,0,,,,,,,,,,,,0.595292032,1679.84778,0,,,0,4,300.438416,352.192291,38338,DEFAULT,ADAPTIVE,CAR,
1787973286128,5.29992867,4234,unnamed,,NO_POSE,UNKNOWN,0,0,0,0,0,0,0,0,1,0,0,0,0,,,,,,,,,,,,0.599250019,1668.75256,0,,,0,4,300.43927,352.192291,38338,DEFAULT,ADAPTIVE,CAR,
1787973286129,5.30053902,4235,unnamed,,NO_POSE,UNKNOWN,0,0,0,0,0,0,0,0,1,0,0,0,0,,,,,,,,,,,,0.610166013,1638.89832,0,,,0,4,300.440155,352.192291,38338,DEFAULT,ADAPTIVE,CAR,
1787973286130,5.30113125,4236,unnamed,,NO_POSE,UNKNOWN,0,0,0,0,0,0,0,0,1,0,0,0,0,,,,,,,,,,,,0.592124999,1688.83264,0,,,0,4,300.44101,352.192291,38338,DEFAULT,ADAPTIVE,CAR,
1787973286130,5.30172968,4237,unnamed,,NO_POSE,UNKNOWN,0,0,0,0,0,0,0,0,1,0,0,0,0,,,,,,,,,,,,0.598541975,1670.72656,0,,,0,4,300.441895,352.192291,38338,DEFAULT,ADAPTIVE,CAR,
1787973286131,5.30233383,4238,unnamed,,NO_POSE,UNKNOWN,0,0,0,0,0,0,0,0,1,0,0,0,0,,,,,,,,,,,,0.604292035,1654.8291,0,,,0,4,300.442749,352.192291,38338,DEFAULT,ADAPTIVE,CAR,
1787973286131,5.30293512,4239,unnamed,,NO_POSE,UNKNOWN,0,0,0,0,0,0,0,0,1,0,0,0,0,,,,,,,,,,,,0.600999951,1663.89355,0,,,0,4,300.443634,352.192291,38338,DEFAULT,ADAPTIVE,CAR,
1787973286132,5.30353165,4240,unnamed,,NO_POSE,UNKNOWN,0,0,0,0,0,0,0,0,1,0,0,0,0,,,,,,,,,,,,0.596750021,1675.74365,0,,,0,4,300.444489,352.192291,38338,DEFAULT,ADAPTIVE,CAR,
1787973286133,5.30413198,4241,unnamed,,NO_POSE,UNKNOWN,0,0,0,0,0,0,0,0,1,0,0,0,0,,,,,,,,,,,,0.600082994,1666.43616,0,,,0,4,300.445374,352.192291,38338,DEFAULT,ADAPTIVE,CAR,
1787973286133,5.30478859,4242,unnamed,,NO_POSE,UNKNOWN,0,0,0,0,0,0,0,0,1,0,0,0,0,,,,,,,,,,,,0.656875014,1522.35962,0,,,0,4,300.446228,352.192291,38338,DEFAULT,ADAPTIVE,CAR,
1787973286134,5.30545521,4243,unnamed,,NO_POSE,UNKNOWN,0,0,0,0,0,0,0,0,1,0,0,0,0,,,,,,,,,,,,0.666624963,1500.09375,0,,,0,4,300.447144,352.192291,38338,DEFAULT,ADAPTIVE,CAR,
1787973286135,5.30613041,4244,unnamed,,NO_POSE,UNKNOWN,0,0,0,0,0,0,0,0,1,0,0,0,0,,,,,,,,,,,,0.675167024,1481.11499,0,,,0,4,300.447998,352.192291,38338,DEFAULT,ADAPTIVE,CAR,
1787973286135,5.30673742,4245,unnamed,,NO_POSE,UNKNOWN,0,0,0,0,0,0,0,0,1,0,0,0,0,,,,,,,,,,,,0.606750011,1648.12524,0,,,0,4,300.448883,352.192291,38338,DEFAULT,ADAPTIVE,CAR,
1787973286136,5.30744028,4246,unnamed,,NO_POSE,UNKNOWN,0,0,0,0,0,0,0,0,1,0,0,0,0,,,,,,,,,,,,0.703125,1422.22217,0,,,0,4,300.449738,352.192291,38338,DEFAULT,ADAPTIVE,CAR,
1787973286137,5.30808353,4247,unnamed,,NO_POSE,UNKNOWN,0,0,0,0,0,0,0,0,1,0,0,0,0,,,,,,,,,,,,0.642957985,1555.31165,0,,,0,4,300.450623,352.192291,38338,DEFAULT,ADAPTIVE,CAR,
1787973286137,5.3086195,4248,unnamed,,NO_POSE,UNKNOWN,0,0,0,0,0,0,0,0,1,0,0,0,0,,,,,,,,,,,,0.535957992,1865.81787,0,,,0,4,300.451477,352.192291,38338,DEFAULT,ADAPTIVE,CAR,
1787973286138,5.30923128,4249,unnamed,,NO_POSE,UNKNOWN,0,0,0,0,0,0,0,0,1,0,0,0,0,,,,,,,,,,,,0.611917019,1634.20862,0,,,0,4,300.452362,352.192291,38338,DEFAULT,ADAPTIVE,CAR,
1787973286138,5.30983877,4250,unnamed,,NO_POSE,UNKNOWN,0,0,0,0,0,0,0,0,1,0,0,0,0,,,,,,,,,,,,0.607582986,1645.86572,0,,,0,4,300.453217,352.192291,38338,DEFAULT,ADAPTIVE,CAR,
1787973286139,5.31042433,4251,unnamed,,NO_POSE,UNKNOWN,0,0,0,0,0,0,0,0,1,0,0,0,0,,,,,,,,,,,,0.585458994,1708.06152,0,,,0,4,300.454102,352.192291,38338,DEFAULT,ADAPTIVE,CAR,
1787973286139,5.31103706,4252,unnamed,,NO_POSE,UNKNOWN,0,0,0,0,0,0,0,0,1,0,0,0,0,,,,,,,,,,,,0.612915993,1631.54492,0,,,0,4,300.454956,352.192291,38338,DEFAULT,ADAPTIVE,CAR,
1787973286140,5.31163692,4253,unnamed,,NO_POSE,UNKNOWN,0,0,0,0,0,0,0,0,1,0,0,0,0,,,,,,,,,,,,0.599750042,1667.36133,0,,,0,4,300.455841,352.192291,38338,DEFAULT,ADAPTIVE,CAR,
1787973286141,5.3122263,4254,unnamed,,NO_POSE,UNKNOWN,0,0,0,0,0,0,0,0,1,0,0,0,0,,,,,,,,,,,,0.589250028,1697.07251,0,,,0,4,300.456696,352.192291,38338,DEFAULT,ADAPTIVE,CAR,
1787973286141,5.31297731,4255,unnamed,,NO_POSE,UNKNOWN,0,0,0,0,0,0,0,0,1,0,0,0,0,,,,,,,,,,,,0.751166999,1331.26184,0,,,0,4,300.457581,352.192291,38338,DEFAULT,ADAPTIVE,CAR,
1787973286142,5.31374121,4256,unnamed,,NO_POSE,UNKNOWN,0,0,0,0,0,0,0,0,1,0,0,0,0,,,,,,,,,,,,0.763750017,1309.32898,0,,,0,4,300.458435,352.192291,38338,DEFAULT,ADAPTIVE,CAR,
1787973286143,5.31443787,4257,unnamed,,NO_POSE,UNKNOWN,0,0,0,0,0,0,0,0,1,0,0,0,0,,,,,,,,,,,,0.696624994,1435.49255,0,,,0,4,300.45932,352.192291,38338,DEFAULT,ADAPTIVE,CAR,
1787973286144,5.31513643,4258,unnamed,,NO_POSE,UNKNOWN,0,0,0,0,0,0,0,0,1,0,0,0,0,,,,,,,,,,,,0.698707998,1431.21301,0,,,0,4,300.460175,352.192291,38338,DEFAULT,ADAPTIVE,CAR,
1787973286144,5.31579208,4259,unnamed,,NO_POSE,UNKNOWN,0,0,0,0,0,0,0,0,1,0,0,0,0,,,,,,,,,,,,0.655667007,1525.16455,0,,,0,4,300.46106,352.192291,38338,DEFAULT,ADAPTIVE,CAR,
1787973286145,5.31643248,4260,unnamed,,NO_POSE,UNKNOWN,0,0,0,0,0,0,0,0,1,0,0,0,0,,,,,,,,,,,,0.64041698,1561.48267,0,,,0,4,300.461914,352.192291,38338,DEFAULT,ADAPTIVE,CAR,
1787973286145,5.31701803,4261,unnamed,,NO_POSE,UNKNOWN,0,0,0,0,0,0,0,0,1,0,0,0,0,,,,,,,,,,,,0.585749984,1707.21301,0,,,0,4,300.462799,352.192291,38338,DEFAULT,ADAPTIVE,CAR,
1787973286146,5.31763601,4262,unnamed,,NO_POSE,UNKNOWN,0,0,0,0,0,0,0,0,1,0,0,0,0,,,,,,,,,,,,0.61787504,1618.45032,0,,,0,4,300.463654,352.192291,38338,DEFAULT,ADAPTIVE,CAR,
1787973286147,5.31823158,4263,unnamed,,NO_POSE,UNKNOWN,0,0,0,0,0,0,0,0,1,0,0,0,0,,,,,,,,,,,,0.595625043,1678.90869,0,,,0,4,300.464539,352.192291,38338,DEFAULT,ADAPTIVE,CAR,
1787973286147,5.31883144,4264,unnamed,,NO_POSE,UNKNOWN,0,0,0,0,0,0,0,0,1,0,0,0,0,,,,,,,,,,,,0.599874973,1667.01392,0,,,0,4,300.465393,352.192291,38338,DEFAULT,ADAPTIVE,CAR,
1787973286148,5.31942844,4265,unnamed,,NO_POSE,UNKNOWN,0,0,0,0,0,0,0,0,1,0,0,0,0,,,,,,,,,,,,0.596874952,1675.3927,0,,,0,4,300.466278,352.192291,38338,DEFAULT,ADAPTIVE,CAR,
1787973286148,5.32002974,4266,unnamed,,NO_POSE,UNKNOWN,0,0,0,0,0,0,0,0,1,0,0,0,0,,,,,,,,,,,,0.601458013,1662.62646,0,,,0,4,300.467133,352.192291,38338,DEFAULT,ADAPTIVE,CAR,
1787973286149,5.32063293,4267,unnamed,,NO_POSE,UNKNOWN,0,0,0,0,0,0,0,0,1,0,0,0,0,,,,,,,,,,,,0.602874994,1658.71863,0,,,0,4,300.468018,352.192291,38338,DEFAULT,ADAPTIVE,CAR,
1787973286150,5.32128,4268,unnamed,,NO_POSE,UNKNOWN,0,0,0,0,0,0,0,0,1,0,0,0,0,,,,,,,,,,,,0.647332966,1544.80005,0,,,0,4,300.468872,352.192291,38338,DEFAULT,ADAPTIVE,CAR,
1787973286150,5.3219347,4269,unnamed,,NO_POSE,UNKNOWN,0,0,0,0,0,0,0,0,1,0,0,0,0,,,,,,,,,,,,0.65474999,1527.30054,0,,,0,4,300.469757,352.192291,38338,DEFAULT,ADAPTIVE,CAR,
1787973286151,5.32264185,4270,unnamed,,NO_POSE,UNKNOWN,0,0,0,0,0,0,0,0,1,0,0,0,0,,,,,,,,,,,,0.706917048,1414.59314,0,,,0,4,300.470612,352.192291,38338,DEFAULT,ADAPTIVE,CAR,
1787973286152,5.32334089,4271,unnamed,,NO_POSE,UNKNOWN,0,0,0,0,0,0,0,0,1,0,0,0,0,,,,,,,,,,,,0.699208021,1430.18958,0,,,0,4,300.471497,352.192291,38338,DEFAULT,ADAPTIVE,CAR,
1787973286152,5.32393122,4272,unnamed,,NO_POSE,UNKNOWN,0,0,0,0,0,0,0,0,1,0,0,0,0,,,,,,,,,,,,0.590124965,1694.55627,0,,,0,4,300.472351,352.192291,38338,DEFAULT,ADAPTIVE,CAR,
1787973286153,5.32457256,4273,unnamed,,NO_POSE,UNKNOWN,0,0,0,0,0,0,0,0,1,0,0,0,0,,,,,,,,,,,,0.641250014,1559.45422,0,,,0,4,300.473236,352.192291,38338,DEFAULT,ADAPTIVE,CAR,
1787973286154,5.32513094,4274,unnamed,,NO_POSE,UNKNOWN,0,0,0,0,0,0,0,0,1,0,0,0,0,,,,,,,,,,,,0.558417022,1790.77649,0,,,0,4,300.474091,352.192291,38338,DEFAULT,ADAPTIVE,CAR,
1787973286154,5.32573366,4275,unnamed,,NO_POSE,UNKNOWN,0,0,0,0,0,0,0,0,1,0,0,0,0,,,,,,,,,,,,0.602750003,1659.06262,0,,,0,4,300.474976,352.192291,38338,DEFAULT,ADAPTIVE,CAR,
1787973286155,5.32634497,4276,unnamed,,NO_POSE,UNKNOWN,0,0,0,0,0,0,0,0,1,0,0,0,0,,,,,,,,,,,,0.611292005,1635.87939,0,,,0,4,300.47583,352.192291,38338,DEFAULT,ADAPTIVE,CAR,
1787973286155,5.32693005,4277,unnamed,,NO_POSE,UNKNOWN,0,0,0,0,0,0,0,0,1,0,0,0,0,,,,,,,,,,,,0.585207999,1708.79407,0,,,0,4,300.476715,352.192291,38338,DEFAULT,ADAPTIVE,CAR,
1787973286156,5.32753134,4278,unnamed,,NO_POSE,UNKNOWN,0,0,0,0,0,0,0,0,1,0,0,0,0,,,,,,,,,,,,0.601332963,1662.97217,0,,,0,4,300.47757,352.192291,38338,DEFAULT,ADAPTIVE,CAR,
1787973286157,5.32813263,4279,unnamed,,NO_POSE,UNKNOWN,0,0,0,0,0,0,0,0,1,0,0,0,0,,,,,,,,,,,,0.601042032,1663.77722,0,,,0,4,300.478455,352.192291,38338,DEFAULT,ADAPTIVE,CAR,
1787973286157,5.32873058,4280,unnamed,,NO_POSE,UNKNOWN,0,0,0,0,0,0,0,0,1,0,0,0,0,,,,,,,,,,,,0.598124981,1671.89136,0,,,0,4,300.479309,352.192291,38338,DEFAULT,ADAPTIVE,CAR,
1787973286158,5.32933903,4281,unnamed,,NO_POSE,UNKNOWN,0,0,0,0,0,0,0,0,1,0,0,0,0,,,,,,,,,,,,0.608542025,1643.27197,0,,,0,4,300.480194,352.192291,38338,DEFAULT,ADAPTIVE,CAR,
1787973286158,5.33003473,4282,unnamed,,NO_POSE,UNKNOWN,0,0,0,0,0,0,0,0,1,0,0,0,0,,,,,,,,,,,,0.695416033,1437.98816,0,,,0,4,300.481049,352.192291,38338,DEFAULT,ADAPTIVE,CAR,
1787973286159,5.3307333,4283,unnamed,,NO_POSE,UNKNOWN,0,0,0,0,0,0,0,0,1,0,0,0,0,,,,,,,,,,,,0.698958993,1430.6991,0,,,0,4,300.481934,352.192291,38338,DEFAULT,ADAPTIVE,CAR,
1787973286160,5.33133602,4284,unnamed,,NO_POSE,UNKNOWN,0,0,0,0,0,0,0,0,1,0,0,0,0,,,,,,,,,,,,0.602375031,1660.09546,0,,,0,4,300.482788,352.192291,38338,DEFAULT,ADAPTIVE,CAR,
1787973286160,5.33192778,4285,unnamed,,NO_POSE,UNKNOWN,0,0,0,0,0,0,0,0,1,0,0,0,0,,,,,,,,,,,,0.591915965,1689.42896,0,,,0,4,300.483673,352.192291,38338,DEFAULT,ADAPTIVE,CAR,
1787973286161,5.33254004,4286,unnamed,,NO_POSE,UNKNOWN,0,0,0,0,0,0,0,0,1,0,0,0,0,,,,,,,,,,,,0.612459004,1632.76233,0,,,0,4,300.484528,352.192291,38338,DEFAULT,ADAPTIVE,CAR,
1787973286162,5.3331356,4287,unnamed,,NO_POSE,UNKNOWN,0,0,0,0,0,0,0,0,1,0,0,0,0,,,,,,,,,,,,0.59512502,1680.31921,0,,,0,4,300.485413,352.192291,38338,DEFAULT,ADAPTIVE,CAR,
1787973286162,5.33373022,4288,unnamed,,NO_POSE,UNKNOWN,0,0,0,0,0,0,0,0,1,0,0,0,0,,,,,,,,,,,,0.594915986,1680.90955,0,,,0,4,300.486267,352.192291,38338,DEFAULT,ADAPTIVE,CAR,
1787973286163,5.33433437,4289,unnamed,,NO_POSE,UNKNOWN,0,0,0,0,0,0,0,0,1,0,0,0,0,,,,,,,,,,,,0.604084015,1655.39893,0,,,0,4,300.487152,352.192291,38338,DEFAULT,ADAPTIVE,CAR,
1787973286163,5.33493567,4290,unnamed,,NO_POSE,UNKNOWN,0,0,0,0,0,0,0,0,1,0,0,0,0,,,,,,,,,,,,0.60116601,1663.43408,0,,,0,4,300.488007,352.192291,38338,DEFAULT,ADAPTIVE,CAR,
1787973286164,5.33553505,4291,unnamed,,NO_POSE,UNKNOWN,0,0,0,0,0,0,0,0,1,0,0,0,0,,,,,,,,,,,,0.599584043,1667.823,0,,,0,4,300.488892,352.192291,38338,DEFAULT,ADAPTIVE,CAR,
1787973286165,5.33614063,4292,unnamed,,NO_POSE,UNKNOWN,0,0,0,0,0,0,0,0,1,0,0,0,0,,,,,,,,,,,,0.605666041,1651.07495,0,,,0,4,300.489746,352.192291,38338,DEFAULT,ADAPTIVE,CAR,
1787973286165,5.33674765,4293,unnamed,,NO_POSE,UNKNOWN,0,0,0,0,0,0,0,0,1,0,0,0,0,,,,,,,,,,,,0.607042015,1647.33252,0,,,0,4,300.490631,352.192291,38338,DEFAULT,ADAPTIVE,CAR,
1787973286166,5.33732367,4294,unnamed,,NO_POSE,UNKNOWN,0,0,0,0,0,0,0,0,1,0,0,0,0,,,,,,,,,,,,0.575958014,1736.23767,0,,,0,4,300.491486,352.192291,38338,DEFAULT,ADAPTIVE,CAR,
1787973286166,5.33793402,4295,unnamed,,NO_POSE,UNKNOWN,0,0,0,0,0,0,0,0,1,0,0,0,0,,,,,,,,,,,,0.610417008,1638.22437,0,,,0,4,300.492371,352.192291,38338,DEFAULT,ADAPTIVE,CAR,
1787973286167,5.33865452,4296,unnamed,,NO_POSE,UNKNOWN,0,0,0,0,0,0,0,0,1,0,0,0,0,,,,,,,,,,,,0.720457971,1388.00598,0,,,0,4,300.493225,352.192291,38338,DEFAULT,ADAPTIVE,CAR,
1787973286168,5.33934355,4297,unnamed,,NO_POSE,UNKNOWN,0,0,0,0,0,0,0,0,1,0,0,0,0,,,,,,,,,,,,0.68879199,1451.81714,0,,,0,4,300.49411,352.192291,38338,DEFAULT,ADAPTIVE,CAR,
1787973286168,5.34005594,4298,unnamed,,NO_POSE,UNKNOWN,0,0,0,0,0,0,0,0,1,0,0,0,0,,,,,,,,,,,,0.712333024,1403.83777,0,,,0,4,300.494965,352.192291,38338,DEFAULT,ADAPTIVE,CAR,
1787973286169,5.34073305,4299,unnamed,,NO_POSE,UNKNOWN,0,0,0,0,0,0,0,0,1,0,0,0,0,,,,,,,,,,,,0.677291989,1476.46802,0,,,0,4,300.49585,352.192291,38338,DEFAULT,ADAPTIVE,CAR,
1787973286170,5.34136009,4300,unnamed,,NO_POSE,UNKNOWN,0,0,0,0,0,0,0,0,1,0,0,0,0,,,,,,,,,,,,0.627124965,1594.57849,0,,,0,4,300.496704,352.192291,38338,DEFAULT,ADAPTIVE,CAR,
1787973286170,5.34192991,4301,unnamed,,NO_POSE,UNKNOWN,0,0,0,0,0,0,0,0,1,0,0,0,0,,,,,,,,,,,,0.569667041,1755.41138,0,,,0,4,300.497589,352.192291,38338,DEFAULT,ADAPTIVE,CAR,
1787973286171,5.34253359,4302,unnamed,,NO_POSE,UNKNOWN,0,0,0,0,0,0,0,0,1,0,0,0,0,,,,,,,,,,,,0.603790998,1656.20227,0,,,0,4,300.498444,352.192291,38338,DEFAULT,ADAPTIVE,CAR,
1787973286172,5.34313679,4303,unnamed,,NO_POSE,UNKNOWN,0,0,0,0,0,0,0,0,1,0,0,0,0,,,,,,,,,,,,0.602999985,1658.37476,0,,,0,4,300.499329,352.192291,38338,DEFAULT,ADAPTIVE,CAR,
1787973286172,5.34373474,4304,unnamed,,NO_POSE,UNKNOWN,0,0,0,0,0,0,0,0,1,0,0,0,0,,,,,,,,,,,,0.598291993,1671.42468,0,,,0,4,300.500183,352.192291,38338,DEFAULT,ADAPTIVE,CAR,
1787973286173,5.34433174,4305,unnamed,,NO_POSE,UNKNOWN,0,0,0,0,0,0,0,0,1,0,0,0,0,,,,,,,,,,,,0.596750021,1675.74365,0,,,0,4,300.501068,352.192291,38338,DEFAULT,ADAPTIVE,CAR,
1787973286173,5.34493589,4306,unnamed,,NO_POSE,UNKNOWN,0,0,0,0,0,0,0,0,1,0,0,0,0,,,,,,,,,,,,0.604166985,1655.17151,0,,,0,4,300.501923,352.192291,38338,DEFAULT,ADAPTIVE,CAR,
1787973286174,5.3455348,4307,unnamed,,NO_POSE,UNKNOWN,0,0,0,0,0,0,0,0,1,0,0,0,0,,,,,,,,,,,,0.598874986,1669.79761,0,,,0,4,300.502808,352.192291,38338,DEFAULT,ADAPTIVE,CAR,
1787973286175,5.34622478,4308,unnamed,,NO_POSE,UNKNOWN,0,0,0,0,0,0,0,0,1,0,0,0,0,,,,,,,,,,,,0.690083027,1449.10095,0,,,0,4,300.503662,352.192291,38338,DEFAULT,ADAPTIVE,CAR,
1787973286175,5.34697008,4309,unnamed,,NO_POSE,UNKNOWN,0,0,0,0,0,0,0,0,1,0,0,0,0,,,,,,,,,,,,0.745458007,1341.45715,0,,,0,4,300.504547,352.192291,38338,DEFAULT,ADAPTIVE,CAR,
1787973286176,5.34764147,4310,unnamed,,NO_POSE,UNKNOWN,0,0,0,0,0,0,0,0,1,0,0,0,0,,,,,,,,,,,,0.671083987,1490.12646,0,,,0,4,300.505402,352.192291,38338,DEFAULT,ADAPTIVE,CAR,
1787973286177,5.34825039,4311,unnamed,,NO_POSE,UNKNOWN,0,0,0,0,0,0,0,0,1,0,0,0,0,,,,,,,,,,,,0.609165967,1641.58875,0,,,0,4,300.506287,352.192291,38338,DEFAULT,ADAPTIVE,CAR,
1787973286177,5.34883595,4312,unnamed,,NO_POSE,UNKNOWN,0,0,0,0,0,0,0,0,1,0,0,0,0,,,,,,,,,,,,0.58524996,1708.67163,0,,,0,4,300.507141,352.192291,38338,DEFAULT,ADAPTIVE,CAR,
1787973286178,5.34943247,4313,unnamed,,NO_POSE,UNKNOWN,0,0,0,0,0,0,0,0,1,0,0,0,0,,,,,,,,,,,,0.596499979,1676.44592,0,,,0,4,300.508026,352.192291,38338,DEFAULT,ADAPTIVE,CAR,
1787973286178,5.35003853,4314,unnamed,,NO_POSE,UNKNOWN,0,0,0,0,0,0,0,0,1,0,0,0,0,,,,,,,,,,,,0.606167018,1649.71033,0,,,0,4,300.508881,352.192291,38338,DEFAULT,ADAPTIVE,CAR,
1787973286179,5.35063934,4315,unnamed,,NO_POSE,UNKNOWN,0,0,0,0,0,0,0,0,1,0,0,0,0,,,,,,,,,,,,0.601042032,1663.77722,0,,,0,4,300.509766,352.192291,38338,DEFAULT,ADAPTIVE,CAR,
1787973286180,5.35123491,4316,unnamed,,NO_POSE,UNKNOWN,0,0,0,0,0,0,0,0,1,0,0,0,0,,,,,,,,,,,,0.59525001,1679.96643,0,,,0,4,300.51062,352.192291,38338,DEFAULT,ADAPTIVE,CAR,
1787973286180,5.35183668,4317,unnamed,,NO_POSE,UNKNOWN,0,0,0,0,0,0,0,0,1,0,0,0,0,,,,,,,,,,,,0.601916015,1661.36145,0,,,0,4,300.511505,352.192291,38338,DEFAULT,ADAPTIVE,CAR,
1787973286181,5.35243797,4318,unnamed,,NO_POSE,UNKNOWN,0,0,0,0,0,0,0,0,1,0,0,0,0,,,,,,,,,,,,0.601083994,1663.66101,0,,,0,4,300.51236,352.192291,38338,DEFAULT,ADAPTIVE,CAR,
1787973286181,5.35303545,4319,unnamed,,NO_POSE,UNKNOWN,0,0,0,0,0,0,0,0,1,0,0,0,0,,,,,,,,,,,,0.597500026,1673.64014,0,,,0,4,300.513245,352.192291,38338,DEFAULT,ADAPTIVE,CAR,
1787973286182,5.35363579,4320,unnamed,,NO_POSE,UNKNOWN,0,0,0,0,0,0,0,0,1,0,0,0,0,,,,,,,,,,,,0.600749969,1664.58606,0,,,0,4,300.514099,352.192291,38338,DEFAULT,ADAPTIVE,CAR,
1787973286183,5.35444832,4321,unnamed,,NO_POSE,UNKNOWN,0,0,0,0,0,0,0,0,1,0,0,0,0,,,,,,,,,,,,0.812457979,1230.83289,0,,,0,4,300.515808,352.192291,38338,DEFAULT,ADAPTIVE,CAR,
1787973286184,5.35514307,4322,unnamed,,NO_POSE,UNKNOWN,0,0,0,0,0,0,0,0,1,0,0,0,0,,,,,,,,,,,,0.694750011,1439.3667,0,,,0,4,300.516663,352.192291,38338,DEFAULT,ADAPTIVE,CAR,
1787973286184,5.35583925,4323,unnamed,,NO_POSE,UNKNOWN,0,0,0,0,0,0,0,0,1,0,0,0,0,,,,,,,,,,,,0.69591701,1436.953,0,,,0,4,300.517548,352.192291,38338,DEFAULT,ADAPTIVE,CAR,
1787973286185,5.35654831,4324,unnamed,,NO_POSE,UNKNOWN,0,0,0,0,0,0,0,0,1,0,0,0,0,,,,,,,,,,,,0.709333003,1409.77515,0,,,0,4,300.518402,352.192291,38338,DEFAULT,ADAPTIVE,CAR,
1787973286186,5.35725164,4325,unnamed,,NO_POSE,UNKNOWN,0,0,0,0,0,0,0,0,1,0,0,0,0,,,,,,,,,,,,0.703374982,1421.7168,0,,,0,4,300.519287,352.192291,38338,DEFAULT,ADAPTIVE,CAR,
1787973286186,5.35787392,4326,unnamed,,NO_POSE,UNKNOWN,0,0,0,0,0,0,0,0,1,0,0,0,0,,,,,,,,,,,,0.622207999,1607.17957,0,,,0,4,300.520142,352.192291,38338,DEFAULT,ADAPTIVE,CAR,
1787973286187,5.35842896,4327,unnamed,,NO_POSE,UNKNOWN,0,0,0,0,0,0,0,0,1,0,0,0,0,,,,,,,,,,,,0.554958999,1801.93494,0,,,0,4,300.521027,352.192291,38338,DEFAULT,ADAPTIVE,CAR,
1787973286187,5.35903168,4328,unnamed,,NO_POSE,UNKNOWN,0,0,0,0,0,0,0,0,1,0,0,0,0,,,,,,,,,,,,0.602874994,1658.71863,0,,,0,4,300.521881,352.192291,38338,DEFAULT,ADAPTIVE,CAR,
1787973286188,5.35963488,4329,unnamed,,NO_POSE,UNKNOWN,0,0,0,0,0,0,0,0,1,0,0,0,0,,,,,,,,,,,,0.603165984,1657.91833,0,,,0,4,300.522766,352.192291,38338,DEFAULT,ADAPTIVE,CAR,
1787973286189,5.36023664,4330,unnamed,,NO_POSE,UNKNOWN,0,0,0,0,0,0,0,0,1,0,0,0,0,,,,,,,,,,,,0.601749957,1661.8197,0,,,0,4,300.523621,352.192291,38338,DEFAULT,ADAPTIVE,CAR,
1787973286189,5.3608346,4331,unnamed,,NO_POSE,UNKNOWN,0,0,0,0,0,0,0,0,1,0,0,0,0,,,,,,,,,,,,0.597750008,1672.94019,0,,,0,4,300.524506,352.192291,38338,DEFAULT,ADAPTIVE,CAR,
1787973286190,5.3614378,4332,unnamed,,NO_POSE,UNKNOWN,0,0,0,0,0,0,0,0,1,0,0,0,0,,,,,,,,,,,,0.603375018,1657.34399,0,,,0,4,300.52536,352.192291,38338,DEFAULT,ADAPTIVE,CAR,
1787973286190,5.3620348,4333,unnamed,,NO_POSE,UNKNOWN,0,0,0,0,0,0,0,0,1,0,0,0,0,,,,,,,,,,,,0.596959054,1675.15686,0,,,0,4,300.526245,352.192291,38338,DEFAULT,ADAPTIVE,CAR,
1787973286191,5.36263323,4334,unnamed,,NO_POSE,UNKNOWN,0,0,0,0,0,0,0,0,1,0,0,0,0,,,,,,,,,,,,0.598541021,1670.72937,0,,,0,4,300.5271,352.192291,38338,DEFAULT,ADAPTIVE,CAR,
1787973286192,5.36328125,4335,unnamed,,NO_POSE,UNKNOWN,0,0,0,0,0,0,0,0,1,0,0,0,0,,,,,,,,,,,,0.647666991,1544.00342,0,,,0,4,300.527985,352.192291,38338,DEFAULT,ADAPTIVE,CAR,
1787973286192,5.36403513,4336,unnamed,,NO_POSE,UNKNOWN,0,0,0,0,0,0,0,0,1,0,0,0,0,,,,,,,,,,,,0.753832996,1326.55383,0,,,0,4,300.528839,352.192291,38338,DEFAULT,ADAPTIVE,CAR,
1787973286193,5.36463785,4337,unnamed,,NO_POSE,UNKNOWN,0,0,0,0,0,0,0,0,1,0,0,0,0,,,,,,,,,,,,0.602833986,1658.83154,0,,,0,4,300.529724,352.192291,38338,DEFAULT,ADAPTIVE,CAR,
1787973286194,5.36525726,4338,unnamed,,NO_POSE,UNKNOWN,0,0,0,0,0,0,0,0,1,0,0,0,0,,,,,,,,,,,,0.619708002,1613.66321,0,,,0,4,300.530579,352.192291,38338,DEFAULT,ADAPTIVE,CAR,
1787973286194,5.36583281,4339,unnamed,,NO_POSE,UNKNOWN,0,0,0,0,0,0,0,0,1,0,0,0,0,,,,,,,,,,,,0.575167,1738.62549,0,,,0,4,300.531464,352.192291,38338,DEFAULT,ADAPTIVE,CAR,
1787973286195,5.366436,4340,unnamed,,NO_POSE,UNKNOWN,0,0,0,0,0,0,0,0,1,0,0,0,0,,,,,,,,,,,,0.603375018,1657.34399,0,,,0,4,300.532318,352.192291,38338,DEFAULT,ADAPTIVE,CAR,
1787973286195,5.36703587,4341,unnamed,,NO_POSE,UNKNOWN,0,0,0,0,0,0,0,0,1,0,0,0,0,,,,,,,,,,,,0.599874973,1667.01392,0,,,0,4,300.533203,352.192291,38338,DEFAULT,ADAPTIVE,CAR,
1787973286196,5.36764622,4342,unnamed,,NO_POSE,UNKNOWN,0,0,0,0,0,0,0,0,1,0,0,0,0,,,,,,,,,,,,0.610499978,1638.00171,0,,,0,4,300.534058,352.192291,38338,DEFAULT,ADAPTIVE,CAR,
1787973286197,5.36823797,4343,unnamed,,NO_POSE,UNKNOWN,0,0,0,0,0,0,0,0,1,0,0,0,0,,,,,,,,,,,,0.591416001,1690.85706,0,,,0,4,300.534943,352.192291,38338,DEFAULT,ADAPTIVE,CAR,
1787973286197,5.36883688,4344,unnamed,,NO_POSE,UNKNOWN,0,0,0,0,0,0,0,0,1,0,0,0,0,,,,,,,,,,,,0.599041998,1669.33203,0,,,0,4,300.535797,352.192291,38338,DEFAULT,ADAPTIVE,CAR,
1787973286198,5.36943436,4345,unnamed,,NO_POSE,UNKNOWN,0,0,0,0,0,0,0,0,1,0,0,0,0,,,,,,,,,,,,0.597291946,1674.22302,0,,,0,4,300.536682,352.192291,38338,DEFAULT,ADAPTIVE,CAR,
1787973286198,5.37003422,4346,unnamed,,NO_POSE,UNKNOWN,0,0,0,0,0,0,0,0,1,0,0,0,0,,,,,,,,,,,,0.600082994,1666.43616,0,,,0,4,300.537537,352.192291,38338,DEFAULT,ADAPTIVE,CAR,
1787973286199,5.37063265,4347,unnamed,,NO_POSE,UNKNOWN,0,0,0,0,0,0,0,0,1,0,0,0,0,,,,,,,,,,,,0.598541975,1670.72656,0,,,0,4,300.538422,352.192291,38338,DEFAULT,ADAPTIVE,CAR,
1787973286200,5.37122774,4348,unnamed,,NO_POSE,UNKNOWN,0,0,0,0,0,0,0,0,1,0,0,0,0,,,,,,,,,,,,0.594915986,1680.90955,0,,,0,4,300.539276,352.192291,38338,DEFAULT,ADAPTIVE,CAR,
1787973286200,5.37194777,4349,unnamed,,NO_POSE,UNKNOWN,0,0,0,0,0,0,0,0,1,0,0,0,0,,,,,,,,,,,,0.720333993,1388.24487,0,,,0,4,300.540161,352.192291,38338,DEFAULT,ADAPTIVE,CAR,
1787973286201,5.37263727,4350,unnamed,,NO_POSE,UNKNOWN,0,0,0,0,0,0,0,0,1,0,0,0,0,,,,,,,,,,,,0.689207971,1450.9408,0,,,0,4,300.541016,352.192291,38338,DEFAULT,ADAPTIVE,CAR,
1787973286202,5.37333584,4351,unnamed,,NO_POSE,UNKNOWN,0,0,0,0,0,0,0,0,1,0,0,0,0,,,,,,,,,,,,0.698791981,1431.04102,0,,,0,4,300.541901,352.192291,38338,DEFAULT,ADAPTIVE,CAR,
1787973286202,5.37393522,4352,unnamed,,NO_POSE,UNKNOWN,0,0,0,0,0,0,0,0,1,0,0,0,0,,,,,,,,,,,,0.599040985,1669.33484,0,,,0,4,300.542755,352.192291,38338,DEFAULT,ADAPTIVE,CAR,
1787973286203,5.37457514,4353,unnamed,,NO_POSE,UNKNOWN,0,0,0,0,0,0,0,0,1,0,0,0,0,,,,,,,,,,,,0.639999986,1562.5,0,,,0,4,300.54364,352.192291,38338,DEFAULT,ADAPTIVE,CAR,
1787973286204,5.37513256,4354,unnamed,,NO_POSE,UNKNOWN,0,0,0,0,0,0,0,0,1,0,0,0,0,,,,,,,,,,,,0.557749987,1792.91797,0,,,0,4,300.544495,352.192291,38338,DEFAULT,ADAPTIVE,CAR,
1787973286204,5.375741,4355,unnamed,,NO_POSE,UNKNOWN,0,0,0,0,0,0,0,0,1,0,0,0,0,,,,,,,,,,,,0.608416975,1643.60962,0,,,0,4,300.54538,352.192291,38338,DEFAULT,ADAPTIVE,CAR,
1787973286205,5.37633514,4356,unnamed,,NO_POSE,UNKNOWN,0,0,0,0,0,0,0,0,1,0,0,0,0,,,,,,,,,,,,0.593792021,1684.09143,0,,,0,4,300.546234,352.192291,38338,DEFAULT,ADAPTIVE,CAR,
1787973286205,5.37693596,4357,unnamed,,NO_POSE,UNKNOWN,0,0,0,0,0,0,0,0,1,0,0,0,0,,,,,,,,,,,,0.60095799,1664.00977,0,,,0,4,300.546021,352.192291,38338,DEFAULT,ADAPTIVE,CAR,
1787973286206,5.37754059,4358,unnamed,,NO_POSE,UNKNOWN,0,0,0,0,0,0,0,0,1,0,0,0,0,,,,,,,,,,,,0.604707956,1653.6908,0,,,0,4,300.545532,352.192291,38338,DEFAULT,ADAPTIVE,CAR,
1787973286207,5.37875366,4359,unnamed,,NO_POSE,UNKNOWN,0,0,0,0,0,0,0,0,1,0,0,0,0,,,,,,,,,,,,1.21287501,824.487244,0,,,0,4,300.772156,352.192291,38338,DEFAULT,ADAPTIVE,CAR,
1787973286208,5.37933636,4360,unnamed,,NO_POSE,UNKNOWN,0,0,0,0,0,0,0,0,1,0,0,0,0,,,,,,,,,,,,0.582958996,1715.3866,0,,,0,4,300.773102,352.192291,38338,DEFAULT,ADAPTIVE,CAR,
1787973286208,5.38004255,4361,unnamed,,NO_POSE,UNKNOWN,0,0,0,0,0,0,0,0,1,0,0,0,0,,,,,,,,,,,,0.70600003,1416.43054,0,,,0,4,300.773987,352.192291,38338,DEFAULT,ADAPTIVE,CAR,
1787973286209,5.38084173,4362,unnamed,,NO_POSE,UNKNOWN,0,0,0,0,0,0,0,0,1,0,0,0,0,,,,,,,,,,,,0.799082994,1251.43445,0,,,0,4,300.774841,352.192291,38338,DEFAULT,ADAPTIVE,CAR,
1787973286210,5.38144445,4363,unnamed,,NO_POSE,UNKNOWN,0,0,0,0,0,0,0,0,1,0,0,0,0,,,,,,,,,,,,0.602958024,1658.49023,0,,,0,4,300.775696,352.192291,38338,DEFAULT,ADAPTIVE,CAR,
1787973286210,5.38203669,4364,unnamed,,NO_POSE,UNKNOWN,0,0,0,0,0,0,0,0,1,0,0,0,0,,,,,,,,,,,,0.59237498,1688.11987,0,,,0,4,300.776581,352.192291,38338,DEFAULT,ADAPTIVE,CAR,
1787973286211,5.38262892,4365,unnamed,,NO_POSE,UNKNOWN,0,0,0,0,0,0,0,0,1,0,0,0,0,,,,,,,,,,,,0.592208982,1688.59302,0,,,0,4,300.777466,352.192291,38338,DEFAULT,ADAPTIVE,CAR,
1787973286212,5.38324165,4366,unnamed,,NO_POSE,UNKNOWN,0,0,0,0,0,0,0,0,1,0,0,0,0,,,,,,,,,,,,0.612666011,1632.21069,0,,,0,4,300.77832,352.192291,38338,DEFAULT,ADAPTIVE,CAR,
1787973286212,5.38383913,4367,unnamed,,NO_POSE,UNKNOWN,0,0,0,0,0,0,0,0,1,0,0,0,0,,,,,,,,,,,,0.597249985,1674.3407,0,,,0,4,300.779175,352.192291,38338,DEFAULT,ADAPTIVE,CAR,
1787973286213,5.38444138,4368,unnamed,,NO_POSE,UNKNOWN,0,0,0,0,0,0,0,0,1,0,0,0,0,,,,,,,,,,,,0.602124989,1660.78467,0,,,0,4,300.78006,352.192291,38338,DEFAULT,ADAPTIVE,CAR,
1787973286213,5.38503408,4369,unnamed,,NO_POSE,UNKNOWN,0,0,0,0,0,0,0,0,1,0,0,0,0,,,,,,,,,,,,0.592709005,1687.16858,0,,,0,4,300.780945,352.192291,38338,DEFAULT,ADAPTIVE,CAR,
1787973286214,5.3856349,4370,unnamed,,NO_POSE,UNKNOWN,0,0,0,0,0,0,0,0,1,0,0,0,0,,,,,,,,,,,,0.60087502,1664.23962,0,,,0,4,300.781799,352.192291,38338,DEFAULT,ADAPTIVE,CAR,
1787973286215,5.38623333,4371,unnamed,,NO_POSE,UNKNOWN,0,0,0,0,0,0,0,0,1,0,0,0,0,,,,,,,,,,,,0.598541021,1670.72937,0,,,0,4,300.782654,352.192291,38338,DEFAULT,ADAPTIVE,CAR,
1787973286217,5.38820219,4372,unnamed,,NO_POSE,UNKNOWN,0,0,0,0,0,0,0,0,1,0,0,0,0,,,,,,,,,,,,1.96904194,507.861176,0,,,0,4,300.783539,352.192291,38338,DEFAULT,ADAPTIVE,CAR,
1787973286218,5.38906288,4373,unnamed,,NO_POSE,UNKNOWN,0,0,0,0,0,0,0,0,1,0,0,0,0,,,,,,,,,,,,0.860499978,1162.11511,0,,,0,4,300.784424,352.192291,38338,DEFAULT,ADAPTIVE,CAR,
1787973286218,5.38984299,4374,unnamed,,NO_POSE,UNKNOWN,0,0,0,0,0,0,0,0,1,0,0,0,0,,,,,,,,,,,,0.780291975,1281.57153,0,,,0,4,300.785278,352.192291,38338,DEFAULT,ADAPTIVE,CAR,
1787973286219,5.39054251,4375,unnamed,,NO_POSE,UNKNOWN,0,0,0,0,0,0,0,0,1,0,0,0,0,,,,,,,,,,,,0.699290991,1430.01978,0,,,0,4,300.786133,352.192291,38338,DEFAULT,ADAPTIVE,CAR,
1787973286220,5.39123392,4376,unnamed,,NO_POSE,UNKNOWN,0,0,0,0,0,0,0,0,1,0,0,0,0,,,,,,,,,,,,0.691417038,1446.30518,0,,,0,4,300.787018,352.192291,38338,DEFAULT,ADAPTIVE,CAR,
1787973286220,5.39182949,4377,unnamed,,NO_POSE,UNKNOWN,0,0,0,0,0,0,0,0,1,0,0,0,0,,,,,,,,,,,,0.595499992,1679.26111,0,,,0,4,300.787903,352.192291,38338,DEFAULT,ADAPTIVE,CAR,
1787973286221,5.39254618,4378,unnamed,,NO_POSE,UNKNOWN,0,0,0,0,0,0,0,0,1,0,0,0,0,,,,,,,,,,,,0.717000008,1394.7002,0,,,0,4,300.788757,352.192291,38338,DEFAULT,ADAPTIVE,CAR,
1787973286222,5.39324045,4379,unnamed,,NO_POSE,UNKNOWN,0,0,0,0,0,0,0,0,1,0,0,0,0,,,,,,,,,,,,0.694082975,1440.74988,0,,,0,4,300.789612,352.192291,38338,DEFAULT,ADAPTIVE,CAR,
1787973286222,5.39392614,4380,unnamed,,NO_POSE,UNKNOWN,0,0,0,0,0,0,0,0,1,0,0,0,0,,,,,,,,,,,,0.685874999,1457.99158,0,,,0,4,300.790497,352.192291,38338,DEFAULT,ADAPTIVE,CAR,
1787973286223,5.39452267,4381,unnamed,,NO_POSE,UNKNOWN,0,0,0,0,0,0,0,0,1,0,0,0,0,,,,,,,,,,,,0.596166968,1677.38232,0,,,0,4,300.791382,352.192291,38338,DEFAULT,ADAPTIVE,CAR,
1787973286224,5.39513826,4382,unnamed,,NO_POSE,UNKNOWN,0,0,0,0,0,0,0,0,1,0,0,0,0,,,,,,,,,,,,0.615583003,1624.47632,0,,,0,4,300.792236,352.192291,38338,DEFAULT,ADAPTIVE,CAR,
1787973286224,5.39572954,4383,unnamed,,NO_POSE,UNKNOWN,0,0,0,0,0,0,0,0,1,0,0,0,0,,,,,,,,,,,,0.591374993,1690.97449,0,,,0,4,300.793091,352.192291,38338,DEFAULT,ADAPTIVE,CAR,
1787973286225,5.39638376,4384,unnamed,,NO_POSE,UNKNOWN,0,0,0,0,0,0,0,0,1,0,0,0,0,,,,,,,,,,,,0.654334009,1528.27148,0,,,0,4,300.793976,352.192291,38338,DEFAULT,ADAPTIVE,CAR,
1787973286225,5.39703894,4385,unnamed,,NO_POSE,UNKNOWN,0,0,0,0,0,0,0,0,1,0,0,0,0,,,,,,,,,,,,0.655416012,1525.74854,0,,,0,4,300.794861,352.192291,38338,DEFAULT,ADAPTIVE,CAR,
1787973286226,5.39762545,4386,unnamed,,NO_POSE,UNKNOWN,0,0,0,0,0,0,0,0,1,0,0,0,0,,,,,,,,,,,,0.58633399,1705.51257,0,,,0,4,300.795715,352.192291,38338,DEFAULT,ADAPTIVE,CAR,
1787973286227,5.39826822,4387,unnamed,,NO_POSE,UNKNOWN,0,0,0,0,0,0,0,0,1,0,0,0,0,,,,,,,,,,,,0.642750025,1555.81482,0,,,0,4,300.79657,352.192291,38338,DEFAULT,ADAPTIVE,CAR,
1787973286227,5.39883041,4388,unnamed,,NO_POSE,UNKNOWN,0,0,0,0,0,0,0,0,1,0,0,0,0,,,,,,,,,,,,0.562083006,1779.0968,0,,,0,4,300.797455,352.192291,38338,DEFAULT,ADAPTIVE,CAR,
1787973286230,5.40118408,4389,unnamed,,NO_POSE,UNKNOWN,0,0,0,0,0,0,0,0,1,0,0,0,0,,,,,,,,,,,,2.35366702,424.868927,0,,,0,4,300.801239,352.192291,38338,DEFAULT,ADAPTIVE,CAR,
